,Country,Year,Income per Capita
0,Aruba,2011,36015.07046
1,Afghanistan,2015,1925.165228
2,Afghanistan,2014,1942.48461
3,Afghanistan,2013,1941.610049
4,Afghanistan,2012,1934.285634
5,Afghanistan,2011,1712.58872
6,Afghanistan,2010,1629.16729
7,Afghanistan,2009,1525.517054
8,Afghanistan,2008,1283.040986
9,Afghanistan,2007,1245.059223
10,Afghanistan,2006,1095.655628
11,Afghanistan,2005,1039.408242
12,Afghanistan,2004,940.476299
13,Afghanistan,2003,945.6869299
14,Afghanistan,2002,895.5991488
15,Angola,2015,7386.700843
16,Angola,2014,7327.37949
17,Angola,2013,7096.786468
18,Angola,2012,6758.27805
19,Angola,2011,6524.481181
20,Angola,2010,6360.84898
21,Angola,2009,6284.274905
22,Angola,2008,6298.01244
23,Angola,2007,5613.232196
24,Angola,2006,4614.590809
25,Angola,2005,3838.264572
26,Angola,2004,3256.653754
27,Angola,2003,2961.964572
28,Angola,2002,2858.897069
29,Angola,2001,3131.995858
30,Angola,2000,3036.559728
31,Albania,2015,11479.08746
32,Albania,2014,11307.54928
33,Albania,2013,10578.78911
34,Albania,2012,10526.86869
35,Albania,2011,10209.20099
36,Albania,2010,9646.582277
37,Albania,2009,8823.861485
38,Albania,2008,8228.328189
39,Albania,2007,7289.605417
40,Albania,2006,6634.754475
41,Albania,2005,5942.858972
42,Albania,2004,5524.947616
43,Albania,2003,5114.775044
44,Albania,2002,4754.656802
45,Albania,2001,4463.614854
46,Albania,2000,4026.537421
47,United Arab Emirates,2015,69970.81534
48,United Arab Emirates,2014,67238.99526
49,United Arab Emirates,2013,64409.90828
50,United Arab Emirates,2012,61115.20946
51,United Arab Emirates,2011,57594.12668
52,United Arab Emirates,2010,56245.47816
53,United Arab Emirates,2009,59100.38054
54,United Arab Emirates,2008,69124.39621
55,United Arab Emirates,2007,75426.79351
56,United Arab Emirates,2006,82754.28198
57,United Arab Emirates,2005,84338.35941
58,United Arab Emirates,2004,87843.70811
59,United Arab Emirates,2003,85563.63642
60,United Arab Emirates,2002,82369.68502
61,United Arab Emirates,2001,83533.55522
62,United Arab Emirates,2000,84974.89409
63,Argentina,2015,20338.18906
64,Argentina,2014,19801.94511
65,Argentina,2013,20162.26512
66,Argentina,2012,19579.71113
67,Argentina,2011,19629.94701
68,Argentina,2010,18333.99467
69,Argentina,2009,16618.43286
70,Argentina,2008,17711.67381
71,Argentina,2007,16865.68021
72,Argentina,2006,15227.56639
73,Argentina,2005,13817.71301
74,Argentina,2004,12430.68741
75,Argentina,2003,11217.54382
76,Argentina,2002,10217.25341
77,Argentina,2001,11419.05094
78,Argentina,2000,11810.06105
79,Armenia,2015,8418.72779
80,Armenia,2014,8117.6085
81,Armenia,2013,7733.631944
82,Armenia,2012,7401.856398
83,Armenia,2011,6803.482997
84,Armenia,2010,6376.268217
85,Armenia,2009,6158.301452
86,Armenia,2008,7097.912173
87,Armenia,2007,6483.504649
88,Armenia,2006,5526.092806
89,Armenia,2005,4716.243273
90,Armenia,2004,3998.143137
91,Armenia,2003,3510.316808
92,Armenia,2002,3007.219393
93,Armenia,2001,2605.771618
94,Armenia,2000,2313.331946
95,Antigua and Barbuda,2015,23062.27827
96,Antigua and Barbuda,2014,22133.75502
97,Antigua and Barbuda,2013,20999.01692
98,Antigua and Barbuda,2012,20919.65501
99,Antigua and Barbuda,2011,19987.92414
100,Antigua and Barbuda,2010,20151.30987
101,Antigua and Barbuda,2009,21671.37575
102,Antigua and Barbuda,2008,24723.11189
103,Antigua and Barbuda,2007,24503.84487
104,Antigua and Barbuda,2006,22040.91366
105,Antigua and Barbuda,2005,19067.0683
106,Antigua and Barbuda,2004,17593.87624
107,Antigua and Barbuda,2003,16426.92431
108,Antigua and Barbuda,2002,15372.57819
109,Antigua and Barbuda,2001,14907.07263
110,Antigua and Barbuda,2000,15312.5665
111,Australia,2015,46270.79934
112,Australia,2014,46298.68718
113,Australia,2013,45574.63283
114,Australia,2012,42596.29412
115,Australia,2011,41763.11851
116,Australia,2010,39169.55998
117,Australia,2009,40256.05127
118,Australia,2008,37479.28912
119,Australia,2007,36565.51847
120,Australia,2006,34324.97173
121,Australia,2005,32559.45929
122,Australia,2004,31312.79299
123,Australia,2003,29691.53458
124,Australia,2002,28685.30614
125,Australia,2001,27399.17799
126,Australia,2000,26374.71575
127,Austria,2015,49429.55555
128,Austria,2014,48658.98009
129,Austria,2013,47764.82312
130,Austria,2012,46233.39624
131,Austria,2011,44237.96032
132,Austria,2010,41906.72959
133,Austria,2009,40704.40971
134,Austria,2008,41058.63054
135,Austria,2007,39150.87728
136,Austria,2006,37455.51021
137,Austria,2005,34866.84044
138,Austria,2004,33649.41335
139,Austria,2003,31987.22057
140,Austria,2002,31119.20999
141,Austria,2001,29725.42733
142,Austria,2000,29301.08698
143,Azerbaijan,2015,17779.77376
144,Azerbaijan,2014,17607.62289
145,Azerbaijan,2013,17171.76137
146,Azerbaijan,2012,16180.88715
147,Azerbaijan,2011,15754.15236
148,Azerbaijan,2010,15627.60562
149,Azerbaijan,2009,14900.50866
150,Azerbaijan,2008,13799.78614
151,Azerbaijan,2007,12477.38469
152,Azerbaijan,2006,9830.162606
153,Azerbaijan,2005,7169.150431
154,Azerbaijan,2004,5551.448842
155,Azerbaijan,2003,4945.907916
156,Azerbaijan,2002,4393.967199
157,Azerbaijan,2001,3942.084882
158,Azerbaijan,2000,3534.329148
159,Burundi,2015,727.1507895
160,Burundi,2014,773.7030294
161,Burundi,2013,750.5944031
162,Burundi,2012,730.0335656
163,Burundi,2011,712.6704834
164,Burundi,2010,693.4700034
165,Burundi,2009,683.4686854
166,Burundi,2008,679.0614557
167,Burundi,2007,656.8677489
168,Burundi,2006,632.6474358
169,Burundi,2005,603.2655406
170,Burundi,2004,599.8560986
171,Burundi,2003,576.4781864
172,Burundi,2002,591.4940159
173,Burundi,2001,574.8682608
174,Burundi,2000,565.3579325
175,Belgium,2015,45757.45781
176,Belgium,2014,44746.81838
177,Belgium,2013,43489.4127
178,Belgium,2012,42354.62056
179,Belgium,2011,41248.6927
180,Belgium,2010,40129.42633
181,Belgium,2009,38047.67727
182,Belgium,2008,38133.51223
183,Belgium,2007,36858.19332
184,Belgium,2006,35406.6228
185,Belgium,2005,33332.35275
186,Belgium,2004,32260.7729
187,Belgium,2003,31054.64356
188,Belgium,2002,30482.77357
189,Belgium,2001,29024.90796
190,Belgium,2000,27966.9388
191,Benin,2015,2056.700772
192,Benin,2014,2045.971787
193,Benin,2013,1940.416105
194,Benin,2012,1829.728888
195,Benin,2011,1761.574331
196,Benin,2010,1723.796926
197,Benin,2009,1716.207268
198,Benin,2008,1714.280209
199,Benin,2007,1651.808665
200,Benin,2006,1565.55691
201,Benin,2005,1507.891161
202,Benin,2004,1483.357743
203,Benin,2003,1428.792779
204,Benin,2002,1400.049756
205,Benin,2001,1361.728492
206,Benin,2000,1305.034602
207,Burkina Faso,2015,1696.025601
208,Burkina Faso,2014,1660.46464
209,Burkina Faso,2013,1614.378644
210,Burkina Faso,2012,1547.649372
211,Burkina Faso,2011,1470.435184
212,Burkina Faso,2010,1392.189049
213,Burkina Faso,2009,1307.256177
214,Burkina Faso,2008,1299.217851
215,Burkina Faso,2007,1241.943039
216,Burkina Faso,2006,1198.075128
217,Burkina Faso,2005,1127.559147
218,Burkina Faso,2004,1035.724288
219,Burkina Faso,2003,993.5058329
220,Burkina Faso,2002,930.0914004
221,Burkina Faso,2001,903.3388294
222,Burkina Faso,2000,852.3890672
223,Bangladesh,2015,3339.589283
224,Bangladesh,2014,3138.242457
225,Bangladesh,2013,2942.373187
226,Bangladesh,2012,2764.781928
227,Bangladesh,2011,2579.335048
228,Bangladesh,2010,2401.71874
229,Bangladesh,2009,2273.164201
230,Bangladesh,2008,2171.629728
231,Bangladesh,2007,2031.778522
232,Bangladesh,2006,1871.000135
233,Bangladesh,2005,1724.427708
234,Bangladesh,2004,1591.404389
235,Bangladesh,2003,1495.529221
236,Bangladesh,2002,1424.312233
237,Bangladesh,2001,1375.759114
238,Bangladesh,2000,1304.442358
239,Bulgaria,2015,18248.77994
240,Bulgaria,2014,17406.09846
241,Bulgaria,2013,16646.78483
242,Bulgaria,2012,16208.32431
243,Bulgaria,2011,15676.12098
244,Bulgaria,2010,14962.93405
245,Bulgaria,2009,14133.06695
246,Bulgaria,2008,14395.63042
247,Bulgaria,2007,12897.90523
248,Bulgaria,2006,11377.80991
249,Bulgaria,2005,10275.0206
250,Bulgaria,2004,9177.379026
251,Bulgaria,2003,8379.256378
252,Bulgaria,2002,7766.236807
253,Bulgaria,2001,6954.18805
254,Bulgaria,2000,6370.557933
255,Bahrain,2015,46586.0687
256,Bahrain,2014,45310.95885
257,Bahrain,2013,43053.41076
258,Bahrain,2012,40669.7045
259,Bahrain,2011,39311.32516
260,Bahrain,2010,39105.31571
261,Bahrain,2009,39025.53933
262,Bahrain,2008,40514.04278
263,Bahrain,2007,40648.96993
264,Bahrain,2006,39896.16925
265,Bahrain,2005,39449.62243
266,Bahrain,2004,38411.80057
267,Bahrain,2003,37073.10316
268,Bahrain,2002,35995.44761
269,Bahrain,2001,35715.01777
270,Bahrain,2000,35503.03417
271,"Bahamas, The",2015,23001.00715
272,"Bahamas, The",2014,23441.10216
273,"Bahamas, The",2013,23469.61666
274,"Bahamas, The",2012,23432.40085
275,"Bahamas, The",2011,22665.16756
276,"Bahamas, The",2010,22431.13764
277,"Bahamas, The",2009,22196.81949
278,"Bahamas, The",2008,23397.81577
279,"Bahamas, The",2007,23928.02132
280,"Bahamas, The",2006,23417.23436
281,"Bahamas, The",2005,22602.88621
282,"Bahamas, The",2004,21619.39465
283,"Bahamas, The",2003,21304.66135
284,"Bahamas, The",2002,21606.43716
285,"Bahamas, The",2001,21131.6689
286,"Bahamas, The",2000,20486.83736
287,Bosnia and Herzegovina,2015,10851.71863
288,Bosnia and Herzegovina,2014,10472.71749
289,Bosnia and Herzegovina,2013,10202.76161
290,Bosnia and Herzegovina,2012,9691.695739
291,Bosnia and Herzegovina,2011,9523.106752
292,Bosnia and Herzegovina,2010,9042.106226
293,Bosnia and Herzegovina,2009,8793.374005
294,Bosnia and Herzegovina,2008,8822.598879
295,Bosnia and Herzegovina,2007,8018.746485
296,Bosnia and Herzegovina,2006,7270.559159
297,Bosnia and Herzegovina,2005,6365.866291
298,Bosnia and Herzegovina,2004,5774.640574
299,Bosnia and Herzegovina,2003,5295.303712
300,Bosnia and Herzegovina,2002,5070.586021
301,Bosnia and Herzegovina,2001,4706.5643
302,Bosnia and Herzegovina,2000,4494.598108
303,Belarus,2015,17740.51373
304,Belarus,2014,18290.74286
305,Belarus,2013,17680.54485
306,Belarus,2012,17217.45557
307,Belarus,2011,16603.08807
308,Belarus,2010,15384.51415
309,Belarus,2009,14082.88639
310,Belarus,2008,13917.77867
311,Belarus,2007,12343.87508
312,Belarus,2006,11021.02607
313,Belarus,2005,9661.13942
314,Belarus,2004,8497.493761
315,Belarus,2003,7370.017294
316,Belarus,2002,6703.403419
317,Belarus,2001,6245.079773
318,Belarus,2000,5800.594599
319,Belize,2015,8483.516867
320,Belize,2014,8485.555403
321,Belize,2013,8184.073775
322,Belize,2012,8126.321478
323,Belize,2011,7867.204816
324,Belize,2010,7727.454571
325,Belize,2009,7569.619167
326,Belize,2008,7641.928505
327,Belize,2007,7449.361273
328,Belize,2006,7365.87625
329,Belize,2005,7013.425023
330,Belize,2004,6796.580124
331,Belize,2003,6484.045996
332,Belize,2002,5968.63425
333,Belize,2001,5750.343844
334,Belize,2000,5519.883853
335,Bermuda,2013,52436.05641
336,Bermuda,2012,53097.69629
337,Bermuda,2011,54984.51039
338,Bermuda,2010,55254.21412
339,Bermuda,2009,55320.16171
340,Bermuda,2008,58288.61209
341,Bermuda,2007,56640.989
342,Bermuda,2006,53949.42371
343,Bermuda,2005,49877.28411
344,Bermuda,2004,47835.43923
345,Bermuda,2003,45797.32036
346,Bermuda,2002,43706.03474
347,Bermuda,2001,43976.09251
348,Bermuda,2000,40535.20826
349,Bolivia,2015,6953.8271
350,Bolivia,2014,6662.801466
351,Bolivia,2013,6303.441473
352,Bolivia,2012,5899.802219
353,Bolivia,2011,5598.58149
354,Bolivia,2010,5298.221351
355,Bolivia,2009,5108.888916
356,Bolivia,2008,4986.95884
357,Bolivia,2007,4685.000005
358,Bolivia,2006,4438.691785
359,Bolivia,2005,4180.388249
360,Bolivia,2004,3946.773387
361,Bolivia,2003,3753.112061
362,Bolivia,2002,3647.63158
363,Bolivia,2001,3570.113727
364,Bolivia,2000,3497.336516
365,Brazil,2015,15473.69364
366,Brazil,2014,16045.22746
367,Brazil,2013,15823.60723
368,Brazil,2012,15256.60843
369,Brazil,2011,14836.38136
370,Brazil,2010,14114.59284
371,Brazil,2009,13094.13602
372,Brazil,2008,13140.86546
373,Brazil,2007,12389.59652
374,Brazil,2006,11502.27311
375,Brazil,2005,10860.52438
376,Brazil,2004,10324.93103
377,Brazil,2003,9630.144212
378,Brazil,2002,9468.475047
379,Brazil,2001,9182.220217
380,Brazil,2000,8987.187225
381,Barbados,2015,16405.7626
382,Barbados,2014,16136.56476
383,Barbados,2013,15870.45765
384,Barbados,2012,15680.72729
385,Barbados,2011,15404.80135
386,Barbados,2010,15035.41769
387,Barbados,2009,14874.63239
388,Barbados,2008,15446.64117
389,Barbados,2007,15153.14854
390,Barbados,2006,14563.17481
391,Barbados,2005,13421.25141
392,Barbados,2004,12549.19371
393,Barbados,2003,12080.64709
394,Barbados,2002,11626.14687
395,Barbados,2001,11393.77559
396,Barbados,2000,11445.87943
397,Brunei Darussalam,2015,78369.29102
398,Brunei Darussalam,2014,79059.4889
399,Brunei Darussalam,2013,80677.31411
400,Brunei Darussalam,2012,82317.36157
401,Brunei Darussalam,2011,81314.2691
402,Brunei Darussalam,2010,77992.28783
403,Brunei Darussalam,2009,76306.57774
404,Brunei Darussalam,2008,78366.00571
405,Brunei Darussalam,2007,79702.98067
406,Brunei Darussalam,2006,78845.38854
407,Brunei Darussalam,2005,74540.59908
408,Brunei Darussalam,2004,73189.84201
409,Brunei Darussalam,2003,72119.26581
410,Brunei Darussalam,2002,69949.33316
411,Brunei Darussalam,2001,67565.01973
412,Brunei Darussalam,2000,65563.48819
413,Bhutan,2015,8369.82535
414,Bhutan,2014,7875.800825
415,Bhutan,2013,7417.444076
416,Bhutan,2012,7251.433192
417,Bhutan,2011,6882.688407
418,Bhutan,2010,6354.393934
419,Bhutan,2009,5717.165737
420,Bhutan,2008,5418.202026
421,Bhutan,2007,5172.726954
422,Bhutan,2006,4365.935906
423,Bhutan,2005,4060.201675
424,Bhutan,2004,3770.094685
425,Bhutan,2003,3564.723225
426,Bhutan,2002,3344.159882
427,Bhutan,2001,3064.827799
428,Bhutan,2000,2850.815991
429,Botswana,2015,15839.30239
430,Botswana,2014,16011.86847
431,Botswana,2013,15545.86513
432,Botswana,2012,14210.96224
433,Botswana,2011,13634.26347
434,Botswana,2010,12854.16073
435,Botswana,2009,11934.05703
436,Botswana,2008,13081.99784
437,Botswana,2007,12310.29127
438,Botswana,2006,11277.62022
439,Botswana,2005,10268.51134
440,Botswana,2004,9661.287314
441,Botswana,2003,9283.017396
442,Botswana,2002,8814.829988
443,Botswana,2001,8296.884674
444,Botswana,2000,8212.669635
445,Central African Republic,2015,618.7528586
446,Central African Republic,2014,595.7958883
447,Central African Republic,2013,590.8069806
448,Central African Republic,2012,936.6388711
449,Central African Republic,2011,900.6397845
450,Central African Republic,2010,870.7393375
451,Central African Republic,2009,850.7780492
452,Central African Republic,2008,845.9026107
453,Central African Republic,2007,828.0778115
454,Central African Republic,2006,785.0942717
455,Central African Republic,2005,739.8246929
456,Central African Republic,2004,722.3714073
457,Central African Republic,2003,674.1987772
458,Central African Republic,2002,710.2287819
459,Central African Republic,2001,686.6588996
460,Central African Republic,2000,654.5030081
461,Canada,2015,44261.838
462,Canada,2014,45126.45874
463,Canada,2013,44150.41378
464,Canada,2012,42145.09786
465,Canada,2011,41565.27122
466,Canada,2010,40027.24021
467,Canada,2009,38791.07469
468,Canada,2008,40277.61931
469,Canada,2007,39441.96779
470,Canada,2006,38009.876
471,Canada,2005,36134.60224
472,Canada,2004,33754.86956
473,Canada,2003,32189.0616
474,Canada,2002,30851.31148
475,Canada,2001,30073.91281
476,Canada,2000,29185.35506
477,Switzerland,2015,62557.49131
478,Switzerland,2014,61282.10989
479,Switzerland,2013,59842.26486
480,Switzerland,2012,57590.70118
481,Switzerland,2011,55918.73283
482,Switzerland,2010,52935.80414
483,Switzerland,2009,51632.65359
484,Switzerland,2008,52317.57054
485,Switzerland,2007,49467.22055
486,Switzerland,2006,44951.62866
487,Switzerland,2005,40457.73086
488,Switzerland,2004,39135.82669
489,Switzerland,2003,37611.51842
490,Switzerland,2002,37682.13947
491,Switzerland,2001,36862.11294
492,Switzerland,2000,35675.09453
493,Chile,2015,23366.58391
494,Chile,2014,22909.79625
495,Chile,2013,22543.94374
496,Chile,2012,21370.09931
497,Chile,2011,20266.03603
498,Chile,2010,18249.54077
499,Chile,2009,16226.14868
500,Chile,2008,16437.57209
501,Chile,2007,16841.56003
502,Chile,2006,15637.69644
503,Chile,2005,12964.80494
504,Chile,2004,11991.27253
505,Chile,2003,11133.57073
506,Chile,2002,10535.56041
507,Chile,2001,10249.82649
508,Chile,2000,9848.898397
509,China,2015,14450.71622
510,China,2014,13439.90764
511,China,2013,12367.96586
512,China,2012,11351.06284
513,China,2011,10384.36732
514,China,2010,9333.124882
515,China,2009,8374.43285
516,China,2008,7635.073139
517,China,2007,6863.982229
518,China,2006,5883.719784
519,China,2005,5092.560189
520,China,2004,4455.20533
521,China,2003,3961.274167
522,China,2002,3551.663897
523,China,2001,3226.84868
524,China,2000,2933.31502
525,Cote d'Ivoire,2015,3513.684726
526,Cote d'Ivoire,2014,3262.726564
527,Cote d'Ivoire,2013,3027.654639
528,Cote d'Ivoire,2012,2803.700937
529,Cote d'Ivoire,2011,2546.906812
530,Cote d'Ivoire,2010,2671.139553
531,Cote d'Ivoire,2009,2645.430634
532,Cote d'Ivoire,2008,2598.689986
533,Cote d'Ivoire,2007,2538.131677
534,Cote d'Ivoire,2006,2478.838227
535,Cote d'Ivoire,2005,2415.250437
536,Cote d'Ivoire,2004,2343.02927
537,Cote d'Ivoire,2003,2292.627944
538,Cote d'Ivoire,2002,2319.377597
539,Cote d'Ivoire,2001,2367.134018
540,Cote d'Ivoire,2000,2360.206139
541,Cameroon,2015,3115.278819
542,Cameroon,2014,2986.974188
543,Cameroon,2013,2840.321368
544,Cameroon,2012,2715.35411
545,Cameroon,2011,2614.495561
546,Cameroon,2010,2522.88181
547,Cameroon,2009,2475.605671
548,Cameroon,2008,2472.469533
549,Cameroon,2007,2417.748926
550,Cameroon,2006,2339.807259
551,Cameroon,2005,2256.197358
552,Cameroon,2004,2192.349746
553,Cameroon,2003,2111.164252
554,Cameroon,2002,2041.760122
555,Cameroon,2001,1984.237936
556,Cameroon,2000,1905.370959
557,"Congo, Rep.",2015,6381.087257
558,"Congo, Rep.",2014,6307.901691
559,"Congo, Rep.",2013,5949.585277
560,"Congo, Rep.",2012,5803.0888
561,"Congo, Rep.",2011,5632.435875
562,"Congo, Rep.",2010,5482.111376
563,"Congo, Rep.",2009,5125.450614
564,"Congo, Rep.",2008,4879.038556
565,"Congo, Rep.",2007,4675.456706
566,"Congo, Rep.",2006,4770.057891
567,"Congo, Rep.",2005,4482.453591
568,"Congo, Rep.",2004,4137.021948
569,"Congo, Rep.",2003,3985.667797
570,"Congo, Rep.",2002,3965.123278
571,"Congo, Rep.",2001,3819.679366
572,"Congo, Rep.",2000,3684.100083
573,Colombia,2015,13829.06823
574,Colombia,2014,13394.0792
575,Colombia,2013,12725.20984
576,Colombia,2012,12058.4613
577,Colombia,2011,11496.52725
578,Colombia,2010,10680.00208
579,Colombia,2009,10260.20522
580,Colombia,2008,10132.23949
581,Colombia,2007,9710.901183
582,Colombia,2006,8957.336622
583,Colombia,2005,8248.354961
584,Colombia,2004,7732.320562
585,Colombia,2003,7241.331945
586,Colombia,2002,6927.320919
587,Colombia,2001,6750.687139
588,Colombia,2000,6585.333975
589,Comoros,2015,1483.440932
590,Comoros,2014,1487.777216
591,Comoros,2013,1466.937397
592,Comoros,2012,1429.09389
593,Comoros,2011,1396.033351
594,Comoros,2010,1366.097136
595,Comoros,2009,1353.195478
596,Comoros,2008,1349.836947
597,Comoros,2007,1351.097605
598,Comoros,2006,1337.740119
599,Comoros,2005,1295.42876
600,Comoros,2004,1250.253681
601,Comoros,2003,1222.978143
602,Comoros,2002,1203.0771
603,Comoros,2001,1186.637946
604,Comoros,2000,1162.375026
605,Cabo Verde,2015,6556.494711
606,Cabo Verde,2014,6475.759662
607,Cabo Verde,2013,6327.245992
608,Cabo Verde,2012,6256.800841
609,Cabo Verde,2011,6147.974534
610,Cabo Verde,2010,5850.139556
611,Cabo Verde,2009,5739.377528
612,Cabo Verde,2008,5803.388602
613,Cabo Verde,2007,5365.04509
614,Cabo Verde,2006,4566.168268
615,Cabo Verde,2005,4137.488011
616,Cabo Verde,2004,3791.22093
617,Cabo Verde,2003,3393.995816
618,Cabo Verde,2002,3245.297399
619,Cabo Verde,2001,3091.344374
620,Cabo Verde,2000,3014.573813
621,Costa Rica,2015,15594.63582
622,Costa Rica,2014,15028.14728
623,Costa Rica,2013,14493.14204
624,Costa Rica,2012,14133.60921
625,Costa Rica,2011,13397.19269
626,Costa Rica,2010,12737.03979
627,Costa Rica,2009,12141.94039
628,Costa Rica,2008,12329.93565
629,Costa Rica,2007,11714.22544
630,Costa Rica,2006,10697.47348
631,Costa Rica,2005,9816.996574
632,Costa Rica,2004,9289.501101
633,Costa Rica,2003,8793.38528
634,Costa Rica,2002,8397.294271
635,Costa Rica,2001,8139.806031
636,Costa Rica,2000,7829.799001
637,Cuba,2015,22377.04892
638,Cuba,2014,21217.48293
639,Cuba,2013,20658.34808
640,Cuba,2012,19821.03486
641,Cuba,2011,18924.72487
642,Cuba,2010,18061.08956
643,Cuba,2009,17443.09611
644,Cuba,2008,17074.86176
645,Cuba,2007,16093.03575
646,Cuba,2006,14625.98536
647,Cuba,2005,12678.13055
648,Cuba,2004,11065.63713
649,Cuba,2003,10205.41518
650,Cuba,2002,9666.375786
651,Cuba,2001,9414.321952
652,Cuba,2000,8948.27275
653,Cayman Islands,2011,49902.14655
654,Cyprus,2015,31539.4538
655,Cyprus,2014,30482.6392
656,Cyprus,2013,30610.88225
657,Cyprus,2012,31877.64328
658,Cyprus,2011,33192.52294
659,Cyprus,2010,33294.91858
660,Cyprus,2009,33922.88175
661,Cyprus,2008,34823.58399
662,Cyprus,2007,32985.92031
663,Cyprus,2006,30496.04207
664,Cyprus,2005,28169.41286
665,Cyprus,2004,26092.06948
666,Cyprus,2003,24300.66846
667,Cyprus,2002,23964.81588
668,Cyprus,2001,23297.38886
669,Cyprus,2000,21695.82109
670,Czech Republic,2015,33770.47593
671,Czech Republic,2014,32386.24531
672,Czech Republic,2013,30513.26979
673,Czech Republic,2012,29047.24644
674,Czech Republic,2011,28797.41796
675,Czech Republic,2010,27659.26524
676,Czech Republic,2009,27567.20246
677,Czech Republic,2008,27784.10457
678,Czech Republic,2007,26058.20042
679,Czech Republic,2006,23751.79204
680,Czech Republic,2005,21909.58517
681,Czech Republic,2004,20781.3434
682,Czech Republic,2003,19361.21368
683,Czech Republic,2002,18141.68646
684,Czech Republic,2001,17556.2157
685,Czech Republic,2000,16132.36975
686,Germany,2015,48041.70141
687,Germany,2014,47099.71803
688,Germany,2013,45273.10109
689,Germany,2012,43564.14802
690,Germany,2011,42692.51976
691,Germany,2010,39263.18779
692,Germany,2009,37080.30825
693,Germany,2008,38028.77214
694,Germany,2007,36436.51777
695,Germany,2006,34261.47365
696,Germany,2005,31968.46745
697,Germany,2004,31439.58273
698,Germany,2003,29988.21339
699,Germany,2002,29326.91207
700,Germany,2001,28541.24387
701,Germany,2000,27277.11033
702,Djibouti,2015,3491.380145
703,Djibouti,2014,3286.641767
704,Djibouti,2013,3087.004985
705,Djibouti,2012,2932.233342
706,Djibouti,2011,2782.971292
707,Djibouti,2010,2644.628229
708,Djibouti,2009,2557.639707
709,Djibouti,2008,2447.953808
710,Djibouti,2007,2298.569959
711,Djibouti,2006,2158.330859
712,Djibouti,2005,2025.13427
713,Djibouti,2004,1928.388215
714,Djibouti,2003,1833.863819
715,Djibouti,2002,1768.428111
716,Djibouti,2001,1723.537812
717,Djibouti,2000,1677.661256
718,Dominica,2015,10864.53842
719,Dominica,2014,10992.97181
720,Dominica,2013,10413.98561
721,Dominica,2012,10215.49621
722,Dominica,2011,10179.37964
723,Dominica,2010,10029.56748
724,Dominica,2009,9866.200557
725,Dominica,2008,9923.669269
726,Dominica,2007,9096.812961
727,Dominica,2006,8346.566932
728,Dominica,2005,7883.80026
729,Dominica,2004,7668.371134
730,Dominica,2003,7255.775062
731,Dominica,2002,6629.942949
732,Dominica,2001,6660.152576
733,Dominica,2000,6479.326599
734,Denmark,2015,49020.39451
735,Denmark,2014,47847.83933
736,Denmark,2013,46769.08946
737,Denmark,2012,44803.96224
738,Denmark,2011,44403.39415
739,Denmark,2010,43082.75554
740,Denmark,2009,40380.94447
741,Denmark,2008,41278.32884
742,Denmark,2007,38953.19989
743,Denmark,2006,37317.11644
744,Denmark,2005,34150.1558
745,Denmark,2004,32931.9465
746,Denmark,2003,30784.41611
747,Denmark,2002,30640.34504
748,Denmark,2001,29517.2164
749,Denmark,2000,28640.06243
750,Dominican Republic,2015,14237.06196
751,Dominican Republic,2014,13313.84
752,Dominican Republic,2013,12302.03941
753,Dominican Republic,2012,11702.24699
754,Dominican Republic,2011,11320.85225
755,Dominican Republic,2010,10898.51939
756,Dominican Republic,2009,10072.82363
757,Dominican Republic,2008,10038.08254
758,Dominican Republic,2007,9671.448304
759,Dominican Republic,2006,8788.886623
760,Dominican Republic,2005,7816.304264
761,Dominican Republic,2004,7033.12797
762,Dominican Republic,2003,6858.160254
763,Dominican Republic,2002,6844.556135
764,Dominican Republic,2001,6471.262809
765,Dominican Republic,2000,6312.259192
766,Algeria,2015,14688.2033
767,Algeria,2014,14268.15555
768,Algeria,2013,13770.07902
769,Algeria,2012,13449.27
770,Algeria,2011,13026.1917
771,Algeria,2010,12638.38041
772,Algeria,2009,12263.93114
773,Algeria,2008,12179.24741
774,Algeria,2007,11856.53537
775,Algeria,2006,11342.04864
776,Algeria,2005,10978.29467
777,Algeria,2004,10180.67135
778,Algeria,2003,9623.434463
779,Algeria,2002,8912.710928
780,Algeria,2001,8416.988315
781,Algeria,2000,8093.28839
782,Ecuador,2015,11474.14077
783,Ecuador,2014,11506.2044
784,Ecuador,2013,11037.51238
785,Ecuador,2012,10512.4367
786,Ecuador,2011,9926.952496
787,Ecuador,2010,9163.157909
788,Ecuador,2009,8889.192349
789,Ecuador,2008,8920.477364
790,Ecuador,2007,8366.130132
791,Ecuador,2006,8110.479754
792,Ecuador,2005,7664.289831
793,Ecuador,2004,7169.973366
794,Ecuador,2003,6555.373235
795,Ecuador,2002,6360.97068
796,Ecuador,2001,6120.931848
797,Ecuador,2000,5855.634754
798,"Egypt, Arab Rep.",2015,10913.43317
799,"Egypt, Arab Rep.",2014,10585.12456
800,"Egypt, Arab Rep.",2013,10400.45967
801,"Egypt, Arab Rep.",2012,10252.52298
802,"Egypt, Arab Rep.",2011,10071.20526
803,"Egypt, Arab Rep.",2010,9897.748551
804,"Egypt, Arab Rep.",2009,9485.180355
805,"Egypt, Arab Rep.",2008,9159.31538
806,"Egypt, Arab Rep.",2007,8531.592455
807,"Egypt, Arab Rep.",2006,7895.792084
808,"Egypt, Arab Rep.",2005,7297.265761
809,"Egypt, Arab Rep.",2004,6890.970026
810,"Egypt, Arab Rep.",2003,6563.171063
811,"Egypt, Arab Rep.",2002,6353.465917
812,"Egypt, Arab Rep.",2001,6227.450846
813,"Egypt, Arab Rep.",2000,5989.66348
814,Eritrea,2011,1411.157638
815,Eritrea,2010,1299.289896
816,Eritrea,2009,1282.333846
817,Eritrea,2008,1250.467298
818,Eritrea,2007,1388.50525
819,Eritrea,2006,1365.039126
820,Eritrea,2005,1373.42127
821,Eritrea,2004,1337.520796
822,Eritrea,2003,1327.699789
823,Eritrea,2002,1386.625879
824,Eritrea,2001,1374.249997
825,Eritrea,2000,1277.34506
826,Spain,2015,34727.14651
827,Spain,2014,33687.89552
828,Spain,2013,32631.4799
829,Spain,2012,31986.50036
830,Spain,2011,32067.19245
831,Spain,2010,31984.15525
832,Spain,2009,32423.60174
833,Spain,2008,33463.11447
834,Spain,2007,32584.25538
835,Spain,2006,30832.97075
836,Spain,2005,27702.46431
837,Spain,2004,26198.5836
838,Spain,2003,25054.49149
839,Spain,2002,24363.01492
840,Spain,2001,22963.37842
841,Spain,2000,21517.32964
842,Estonia,2015,28987.75834
843,Estonia,2014,28568.49628
844,Estonia,2013,27459.33143
845,Estonia,2012,26022.46551
846,Estonia,2011,24543.06188
847,Estonia,2010,21623.44511
848,Estonia,2009,20523.34676
849,Estonia,2008,22664.0385
850,Estonia,2007,21955.65696
851,Estonia,2006,19269.07593
852,Estonia,2005,16516.15033
853,Estonia,2004,14429.62353
854,Estonia,2003,13063.92163
855,Estonia,2002,11590.60138
856,Estonia,2001,10326.42157
857,Estonia,2000,9414.013216
858,Ethiopia,2015,1628.923132
859,Ethiopia,2014,1507.202418
860,Ethiopia,2013,1376.760329
861,Ethiopia,2012,1256.682208
862,Ethiopia,2011,1165.216838
863,Ethiopia,2010,1053.796725
864,Ethiopia,2009,949.4938973
865,Ethiopia,2008,889.2679648
866,Ethiopia,2007,808.5189863
867,Ethiopia,2006,725.9606023
868,Ethiopia,2005,653.1160506
869,Ethiopia,2004,581.8370686
870,Ethiopia,2003,512.8753943
871,Ethiopia,2002,528.859882
872,Ethiopia,2001,528.0815436
873,Ethiopia,2000,490.7276557
874,Finland,2015,42309.38927
875,Finland,2014,41548.47127
876,Finland,2013,41330.81297
877,Finland,2012,40620.17607
878,Finland,2011,40683.52758
879,Finland,2010,38812.31889
880,Finland,2009,37868.72341
881,Finland,2008,39969.3876
882,Finland,2007,37688.35192
883,Finland,2006,34382.7959
884,Finland,2005,31993.40726
885,Finland,2004,31140.14073
886,Finland,2003,28983.18388
887,Finland,2002,28567.1712
888,Finland,2001,27834.34369
889,Finland,2000,26732.30607
890,Fiji,2015,9323.198408
891,Fiji,2014,8793.96642
892,Fiji,2013,8248.546759
893,Fiji,2012,7707.562741
894,Fiji,2011,7486.748442
895,Fiji,2010,7203.348993
896,Fiji,2009,6977.90919
897,Fiji,2008,7094.677515
898,Fiji,2007,6956.99653
899,Fiji,2006,6895.412504
900,Fiji,2005,6612.72357
901,Fiji,2004,6388.986144
902,Fiji,2003,5917.54346
903,Fiji,2002,5750.991895
904,Fiji,2001,5498.361895
905,Fiji,2000,5289.881526
906,France,2015,41016.6515
907,France,2014,40151.81338
908,France,2013,39539.39235
909,France,2012,37645.31028
910,France,2011,37457.28429
911,France,2010,36026.98256
912,France,2009,34767.15426
913,France,2008,35156.38284
914,France,2007,34150.6017
915,France,2006,32543.36126
916,France,2005,30603.4624
917,France,2004,29169.45643
918,France,2003,28256.66167
919,France,2002,28639.39476
920,France,2001,27679.85837
921,France,2000,26192.6532
922,"Micronesia, Fed. Sts.",2015,3496.715225
923,"Micronesia, Fed. Sts.",2014,3347.052189
924,"Micronesia, Fed. Sts.",2013,3414.716961
925,"Micronesia, Fed. Sts.",2012,3491.347436
926,"Micronesia, Fed. Sts.",2011,3410.284084
927,"Micronesia, Fed. Sts.",2010,3269.641343
928,"Micronesia, Fed. Sts.",2009,3140.10039
929,"Micronesia, Fed. Sts.",2008,3071.641995
930,"Micronesia, Fed. Sts.",2007,3073.794899
931,"Micronesia, Fed. Sts.",2006,3039.720826
932,"Micronesia, Fed. Sts.",2005,2939.534421
933,"Micronesia, Fed. Sts.",2004,2777.808993
934,"Micronesia, Fed. Sts.",2003,2787.440989
935,"Micronesia, Fed. Sts.",2002,2679.749903
936,"Micronesia, Fed. Sts.",2001,2618.918312
937,"Micronesia, Fed. Sts.",2000,2510.505151
938,Gabon,2015,20081.02749
939,Gabon,2014,19526.55499
940,Gabon,2013,18805.49394
941,Gabon,2012,17919.06448
942,Gabon,2011,17100.70052
943,Gabon,2010,16004.05452
944,Gabon,2009,14993.92654
945,Gabon,2008,15310.98903
946,Gabon,2007,15884.175
947,Gabon,2006,14976.12856
948,Gabon,2005,15418.57284
949,Gabon,2004,14699.89337
950,Gabon,2003,14525.7852
951,Gabon,2002,14241.02437
952,Gabon,2001,14381.52556
953,Gabon,2000,14090.04663
954,United Kingdom,2015,41801.04948
955,United Kingdom,2014,40745.18704
956,United Kingdom,2013,39052.0334
957,United Kingdom,2012,37477.80229
958,United Kingdom,2011,36456.00216
959,United Kingdom,2010,35740.7372
960,United Kingdom,2009,34402.96146
961,United Kingdom,2008,36068.09323
962,United Kingdom,2007,35151.34069
963,United Kingdom,2006,34332.30121
964,United Kingdom,2005,32274.76374
965,United Kingdom,2004,31617.61228
966,United Kingdom,2003,29898.23589
967,United Kingdom,2002,28630.36796
968,United Kingdom,2001,27358.97189
969,United Kingdom,2000,26030.72882
970,Georgia,2015,9599.482204
971,Georgia,2014,9216.324829
972,Georgia,2013,8541.812196
973,Georgia,2012,8026.50713
974,Georgia,2011,7315.090898
975,Georgia,2010,6597.568557
976,Georgia,2009,6054.18918
977,Georgia,2008,6163.757923
978,Georgia,2007,5833.183782
979,Georgia,2006,4991.617909
980,Georgia,2005,4370.338613
981,Georgia,2004,3813.189314
982,Georgia,2003,3460.150847
983,Georgia,2002,3015.447723
984,Georgia,2001,2796.855796
985,Georgia,2000,2590.318568
986,Ghana,2015,4210.498292
987,Ghana,2014,4101.928098
988,Ghana,2013,3967.467392
989,Ghana,2012,3726.643939
990,Ghana,2011,3430.857389
991,Ghana,2010,3021.484976
992,Ghana,2009,2837.014241
993,Ghana,2008,2754.883755
994,Ghana,2007,2539.986328
995,Ghana,2006,2433.306078
996,Ghana,2005,2277.11343
997,Ghana,2004,2138.098453
998,Ghana,2003,2022.458663
999,Ghana,2002,1934.169986
1000,Ghana,2001,1869.605841
1001,Ghana,2000,1801.414609
1002,Guinea,2015,1208.986093
1003,Guinea,2014,1227.342924
1004,Guinea,2013,1233.798236
1005,Guinea,2012,1219.547152
1006,Guinea,2011,1183.855846
1007,Guinea,2010,1147.084986
1008,Guinea,2009,1142.493636
1009,Guinea,2008,1168.519104
1010,Guinea,2007,1121.685385
1011,Guinea,2006,1101.311518
1012,Guinea,2005,1067.176894
1013,Guinea,2004,1025.484863
1014,Guinea,2003,994.4690338
1015,Guinea,2002,980.677489
1016,Guinea,2001,934.6752314
1017,Guinea,2000,897.2866291
1018,"Gambia, The",2015,1679.684387
1019,"Gambia, The",2014,1638.58817
1020,"Gambia, The",2013,1648.182979
1021,"Gambia, The",2012,1599.179616
1022,"Gambia, The",2011,1532.494004
1023,"Gambia, The",2010,1621.4316
1024,"Gambia, The",2009,1553.394439
1025,"Gambia, The",2008,1495.875866
1026,"Gambia, The",2007,1432.975327
1027,"Gambia, The",2006,1391.004943
1028,"Gambia, The",2005,1378.258458
1029,"Gambia, The",2004,1392.266871
1030,"Gambia, The",2003,1307.373367
1031,"Gambia, The",2002,1238.551908
1032,"Gambia, The",2001,1301.171386
1033,"Gambia, The",2000,1239.85596
1034,Guinea-Bissau,2015,1455.803634
1035,Guinea-Bissau,2014,1407.823945
1036,Guinea-Bissau,2013,1382.083419
1037,Guinea-Bissau,2012,1382.504406
1038,Guinea-Bissau,2011,1416.311672
1039,Guinea-Bissau,2010,1299.725617
1040,Guinea-Bissau,2009,1258.321264
1041,Guinea-Bissau,2008,1236.320908
1042,Guinea-Bissau,2007,1200.969272
1043,Guinea-Bissau,2006,1158.335825
1044,Guinea-Bissau,2005,1122.331846
1045,Guinea-Bissau,2004,1065.418025
1046,Guinea-Bissau,2003,1030.710138
1047,Guinea-Bissau,2002,1026.335691
1048,Guinea-Bissau,2001,1042.69746
1049,Guinea-Bissau,2000,1019.007493
1050,Equatorial Guinea,2015,40718.82968
1051,Equatorial Guinea,2014,45218.09786
1052,Equatorial Guinea,2013,46061.32229
1053,Equatorial Guinea,2012,48710.70456
1054,Equatorial Guinea,2011,45500.22679
1055,Equatorial Guinea,2010,43124.98306
1056,Equatorial Guinea,2009,48205.19212
1057,Equatorial Guinea,2008,48647.6828
1058,Equatorial Guinea,2007,41745.17076
1059,Equatorial Guinea,2006,36369.47151
1060,Equatorial Guinea,2005,33800.34744
1061,Equatorial Guinea,2004,28958.75603
1062,Equatorial Guinea,2003,21099.46469
1063,Equatorial Guinea,2002,18764.6411
1064,Equatorial Guinea,2001,15995.75024
1065,Equatorial Guinea,2000,9898.93403
1066,Greece,2015,26379.26353
1067,Greece,2014,26453.9199
1068,Greece,2013,26121.45746
1069,Greece,2012,25284.46408
1070,Greece,2011,26141.31959
1071,Greece,2010,28202.83336
1072,Greece,2009,30396.43136
1073,Greece,2008,30856.01183
1074,Greece,2007,29280.43976
1075,Greece,2006,28535.92343
1076,Greece,2005,25577.52408
1077,Greece,2004,25455.24812
1078,Greece,2003,23868.73321
1079,Greece,2002,22615.93565
1080,Greece,2001,21011.65923
1081,Greece,2000,19503.87943
1082,Grenada,2015,13558.54522
1083,Grenada,2014,12684.19675
1084,Grenada,2013,11656.17787
1085,Grenada,2012,11252.55682
1086,Grenada,2011,11221.36234
1087,Grenada,2010,10951.88411
1088,Grenada,2009,10914.85828
1089,Grenada,2008,11640.41651
1090,Grenada,2007,11347.02395
1091,Grenada,2006,10445.51878
1092,Grenada,2005,10589.96245
1093,Grenada,2004,9083.555118
1094,Grenada,2003,8922.936652
1095,Grenada,2002,8013.328394
1096,Grenada,2001,7648.712433
1097,Grenada,2000,7649.96964
1098,Guatemala,2015,7722.430217
1099,Guatemala,2014,7485.844234
1100,Guatemala,2013,7205.590414
1101,Guatemala,2012,6981.506844
1102,Guatemala,2011,6798.842734
1103,Guatemala,2010,6532.757614
1104,Guatemala,2009,6410.637712
1105,Guatemala,2008,6468.71338
1106,Guatemala,2007,6280.308986
1107,Guatemala,2006,5885.934894
1108,Guatemala,2005,5544.964046
1109,Guatemala,2004,5326.040236
1110,Guatemala,2003,5146.756256
1111,Guatemala,2002,5042.345421
1112,Guatemala,2001,4899.196859
1113,Guatemala,2000,4796.211112
1114,Guyana,2015,7521.728758
1115,Guyana,2014,7254.695425
1116,Guyana,2013,6889.268372
1117,Guyana,2012,6465.612628
1118,Guyana,2011,6077.186038
1119,Guyana,2010,5666.104561
1120,Guyana,2009,5381.980363
1121,Guyana,2008,5188.181989
1122,Guyana,2007,5006.187119
1123,Guyana,2006,4568.370074
1124,Guyana,2005,4222.810265
1125,Guyana,2004,4174.70205
1126,Guyana,2003,3931.431099
1127,Guyana,2002,3890.723888
1128,Guyana,2001,3791.759291
1129,Guyana,2000,3630.312326
1130,"Hong Kong SAR, China",2015,56923.49054
1131,"Hong Kong SAR, China",2014,55463.74033
1132,"Hong Kong SAR, China",2013,53465.19641
1133,"Hong Kong SAR, China",2012,51274.0352
1134,"Hong Kong SAR, China",2011,50085.95933
1135,"Hong Kong SAR, China",2010,47134.57428
1136,"Hong Kong SAR, China",2009,43935.66067
1137,"Hong Kong SAR, China",2008,44800.21714
1138,"Hong Kong SAR, China",2007,43280.97329
1139,"Hong Kong SAR, China",2006,39940.87506
1140,"Hong Kong SAR, China",2005,36437.54416
1141,"Hong Kong SAR, China",2004,33016.8887
1142,"Hong Kong SAR, China",2003,29792.901
1143,"Hong Kong SAR, China",2002,28288.24558
1144,"Hong Kong SAR, China",2001,27528.1532
1145,"Hong Kong SAR, China",2000,26962.67452
1146,Honduras,2015,5095.204056
1147,Honduras,2014,4933.04263
1148,Honduras,2013,4768.688973
1149,Honduras,2012,4632.095108
1150,Honduras,2011,4433.71931
1151,Honduras,2010,4249.093103
1152,Honduras,2009,4113.030501
1153,Honduras,2008,4255.012759
1154,Honduras,2007,4074.296097
1155,Honduras,2006,3804.977338
1156,Honduras,2005,3527.934934
1157,Honduras,2004,3283.477157
1158,Honduras,2003,3065.806785
1159,Honduras,2002,2931.453008
1160,Honduras,2001,2838.432976
1161,Honduras,2000,2757.106279
1162,Croatia,2015,22514.41659
1163,Croatia,2014,22002.48007
1164,Croatia,2013,21681.20041
1165,Croatia,2012,21133.11215
1166,Croatia,2011,20704.38177
1167,Croatia,2010,19205.36137
1168,Croatia,2009,19470.69385
1169,Croatia,2008,20246.91943
1170,Croatia,2007,18770.78942
1171,Croatia,2006,16934.67812
1172,Croatia,2005,14859.25852
1173,Croatia,2004,14097.61059
1174,Croatia,2003,13121.73941
1175,Croatia,2002,12283.75064
1176,Croatia,2001,11325.53079
1177,Croatia,2000,10746.62426
1178,Haiti,2015,1757.435678
1179,Haiti,2014,1740.956814
1180,Haiti,2013,1686.25672
1181,Haiti,2012,1614.085821
1182,Haiti,2011,1562.304129
1183,Haiti,2010,1471.648649
1184,Haiti,2009,1561.374256
1185,Haiti,2008,1526.153627
1186,Haiti,2007,1507.278187
1187,Haiti,2006,1442.973527
1188,Haiti,2005,1390.757027
1189,Haiti,2004,1344.44533
1190,Haiti,2003,1377.794314
1191,Haiti,2002,1367.566327
1192,Haiti,2001,1372.370556
1193,Haiti,2000,1378.691725
1194,Hungary,2015,26457.58345
1195,Hungary,2014,25516.84701
1196,Hungary,2013,24388.38959
1197,Hungary,2012,22997.74493
1198,Hungary,2011,22729.18447
1199,Hungary,2010,21466.57422
1200,Hungary,2009,20573.3759
1201,Hungary,2008,20586.08921
1202,Hungary,2007,18933.88843
1203,Hungary,2006,18230.03521
1204,Hungary,2005,17014.32672
1205,Hungary,2004,16198.91678
1206,Hungary,2003,15417.62289
1207,Hungary,2002,14516.15372
1208,Hungary,2001,13230.65451
1209,Hungary,2000,11843.46202
1210,Indonesia,2015,11057.56072
1211,Indonesia,2014,10566.95298
1212,Indonesia,2013,10009.86024
1213,Indonesia,2012,9453.698228
1214,Indonesia,2011,8870.284189
1215,Indonesia,2010,8294.05435
1216,Indonesia,2009,7815.70713
1217,Indonesia,2008,7511.417369
1218,Indonesia,2007,7040.66979
1219,Indonesia,2006,6534.27416
1220,Indonesia,2005,6088.879231
1221,Indonesia,2004,5655.993914
1222,Indonesia,2003,5311.400764
1223,Indonesia,2002,5037.167516
1224,Indonesia,2001,4812.061278
1225,Indonesia,2000,4601.849359
1226,India,2015,6104.576245
1227,India,2014,5663.729107
1228,India,2013,5255.475588
1229,India,2012,4915.572431
1230,India,2011,4634.945162
1231,India,2010,4315.439627
1232,India,2009,3920.160158
1233,India,2008,3637.75583
1234,India,2007,3484.75621
1235,India,2006,3172.707329
1236,India,2005,2860.885701
1237,India,2004,2576.537621
1238,India,2003,2361.334849
1239,India,2002,2182.244557
1240,India,2001,2105.841013
1241,India,2000,1998.488658
1242,Ireland,2015,68513.97407
1243,Ireland,2014,51310.98417
1244,Ireland,2013,48353.67906
1245,Ireland,2012,46552.97925
1246,Ireland,2011,45477.01046
1247,Ireland,2010,43221.45979
1248,Ireland,2009,41567.21134
1249,Ireland,2008,44264.42988
1250,Ireland,2007,46763.04203
1251,Ireland,2006,44246.44571
1252,Ireland,2005,40444.61274
1253,Ireland,2004,38696.59148
1254,Ireland,2003,36235.8479
1255,Ireland,2002,35209.84482
1256,Ireland,2001,32615.93246
1257,Ireland,2000,30155.26893
1258,"Iran, Islamic Rep.",2014,17388.43094
1259,"Iran, Islamic Rep.",2013,16581.85058
1260,"Iran, Islamic Rep.",2012,16853.78282
1261,"Iran, Islamic Rep.",2011,17949.24442
1262,"Iran, Islamic Rep.",2010,17163.07927
1263,"Iran, Islamic Rep.",2009,16100.89151
1264,"Iran, Islamic Rep.",2008,15798.96459
1265,"Iran, Islamic Rep.",2007,15526.55584
1266,"Iran, Islamic Rep.",2006,14016.40034
1267,"Iran, Islamic Rep.",2005,13011.73786
1268,"Iran, Islamic Rep.",2004,12236.62544
1269,"Iran, Islamic Rep.",2003,11547.40372
1270,"Iran, Islamic Rep.",2002,10548.37795
1271,"Iran, Islamic Rep.",2001,9739.503969
1272,"Iran, Islamic Rep.",2000,9435.981839
1273,Iraq,2015,15394.76875
1274,Iraq,2014,15266.47091
1275,Iraq,2013,15501.32754
1276,Iraq,2012,14813.56491
1277,Iraq,2011,13203.0478
1278,Iraq,2010,12417.76967
1279,Iraq,2009,11875.01418
1280,Iraq,2008,11715.84706
1281,Iraq,2007,10893.2098
1282,Iraq,2006,10733.44505
1283,Iraq,2005,9697.903736
1284,Iraq,2004,9237.933315
1285,Iraq,2003,5989.182462
1286,Iraq,2002,9019.144263
1287,Iraq,2001,9810.552687
1288,Iraq,2000,9647.867025
1289,Iceland,2015,47717.23742
1290,Iceland,2014,44331.3265
1291,Iceland,2013,42669.5402
1292,Iceland,2012,40486.93782
1293,Iceland,2011,39465.84594
1294,Iceland,2010,38410.6693
1295,Iceland,2009,41063.7324
1296,Iceland,2008,42677.53536
1297,Iceland,2007,40723.44413
1298,Iceland,2006,38722.99858
1299,Iceland,2005,36964.52768
1300,Iceland,2004,35294.70583
1301,Iceland,2003,32303.16578
1302,Iceland,2002,32191.5696
1303,Iceland,2001,31617.99896
1304,Iceland,2000,29497.91123
1305,Israel,2015,36575.94165
1306,Israel,2014,34956.82913
1307,Israel,2013,34255.97254
1308,Israel,2012,31750.63001
1309,Israel,2011,30528.74772
1310,Israel,2010,28856.10274
1311,Israel,2009,27578.42911
1312,Israel,2008,27516.22992
1313,Israel,2007,27623.89333
1314,Israel,2006,25775.11425
1315,Israel,2005,24885.21849
1316,Israel,2004,25222.88543
1317,Israel,2003,23788.00887
1318,Israel,2002,25218.39625
1319,Israel,2001,24948.6199
1320,Israel,2000,24941.91939
1321,Italy,2015,37217.38433
1322,Italy,2014,36293.80318
1323,Italy,2013,36163.74881
1324,Italy,2012,36237.10964
1325,Italy,2011,36347.34335
1326,Italy,2010,35075.7532
1327,Italy,2009,34549.27609
1328,Italy,2008,35402.91755
1329,Italy,2007,33983.15182
1330,Italy,2006,32350.57784
1331,Italy,2005,30051.77252
1332,Italy,2004,29468.15937
1333,Italy,2003,29079.55062
1334,Italy,2002,28641.55892
1335,Italy,2001,27996.73118
1336,Italy,2000,27006.39772
1337,Jamaica,2015,8872.907305
1338,Jamaica,2014,8723.178661
1339,Jamaica,2013,8541.585957
1340,Jamaica,2012,8394.735755
1341,Jamaica,2011,8326.450416
1342,Jamaica,2010,8051.846149
1343,Jamaica,2009,8107.827522
1344,Jamaica,2008,8449.018008
1345,Jamaica,2007,8393.716919
1346,Jamaica,2006,8100.11663
1347,Jamaica,2005,7675.924621
1348,Jamaica,2004,7409.049796
1349,Jamaica,2003,7154.770854
1350,Jamaica,2002,6805.439747
1351,Jamaica,2001,6612.594492
1352,Jamaica,2000,6424.186639
1353,Jordan,2015,10902.47325
1354,Jordan,2014,10788.92301
1355,Jordan,2013,10567.60645
1356,Jordan,2012,10432.1751
1357,Jordan,2011,10324.44669
1358,Jordan,2010,10229.91751
1359,Jordan,2009,10271.31861
1360,Jordan,2008,10077.61523
1361,Jordan,2007,9618.181469
1362,Jordan,2006,9019.720151
1363,Jordan,2005,8395.072853
1364,Jordan,2004,7754.094946
1365,Jordan,2003,7129.321426
1366,Jordan,2002,6851.293727
1367,Jordan,2001,6494.909685
1368,Jordan,2000,6136.91822
1369,Japan,2015,40763.4037
1370,Japan,2014,39449.4426
1371,Japan,2013,39023.0717
1372,Japan,2012,37211.06922
1373,Japan,2011,35779.09741
1374,Japan,2010,34996.32446
1375,Japan,2009,33099.27036
1376,Japan,2008,34798.7659
1377,Japan,2007,34529.13336
1378,Japan,2006,33057.58961
1379,Japan,2005,31663.4531
1380,Japan,2004,30382.78917
1381,Japan,2003,28867.92278
1382,Japan,2002,28160.10761
1383,Japan,2001,27476.91553
1384,Japan,2000,26795.20743
1385,Kazakhstan,2015,25044.87801
1386,Kazakhstan,2014,24845.45414
1387,Kazakhstan,2013,23773.81933
1388,Kazakhstan,2012,22392.20367
1389,Kazakhstan,2011,21277.70637
1390,Kazakhstan,2010,19690.38497
1391,Kazakhstan,2009,18387.20191
1392,Kazakhstan,2008,18513.92541
1393,Kazakhstan,2007,17793.14788
1394,Kazakhstan,2006,16098.51091
1395,Kazakhstan,2005,14259.0187
1396,Kazakhstan,2004,12705.43385
1397,Kazakhstan,2003,11360.99333
1398,Kazakhstan,2002,10225.4459
1399,Kazakhstan,2001,9172.369178
1400,Kazakhstan,2000,7887.892984
1401,Kenya,2015,3088.794229
1402,Kenya,2014,2969.023249
1403,Kenya,2013,2843.351205
1404,Kenya,2012,2718.986459
1405,Kenya,2011,2622.730169
1406,Kenya,2010,2487.224552
1407,Kenya,2009,2327.843369
1408,Kenya,2008,2296.312423
1409,Kenya,2007,2306.86625
1410,Kenya,2006,2158.893935
1411,Kenya,2005,2019.359786
1412,Kenya,2004,1896.195018
1413,Kenya,2003,1802.214527
1414,Kenya,2002,1761.750776
1415,Kenya,2001,1770.558985
1416,Kenya,2000,1710.876774
1417,Kyrgyz Republic,2015,3433.680163
1418,Kyrgyz Republic,2014,3351.528671
1419,Kyrgyz Republic,2013,3229.349349
1420,Kyrgyz Republic,2012,2922.702873
1421,Kyrgyz Republic,2011,2920.60321
1422,Kyrgyz Republic,2010,2733.729337
1423,Kyrgyz Republic,2009,2746.102655
1424,Kyrgyz Republic,2008,2681.122187
1425,Kyrgyz Republic,2007,2448.899199
1426,Kyrgyz Republic,2006,2218.727934
1427,Kyrgyz Republic,2005,2110.377936
1428,Kyrgyz Republic,2004,2071.417492
1429,Kyrgyz Republic,2003,1906.556261
1430,Kyrgyz Republic,2002,1764.905161
1431,Kyrgyz Republic,2001,1754.554341
1432,Kyrgyz Republic,2000,1644.311975
1433,Cambodia,2015,3490.419028
1434,Cambodia,2014,3278.832085
1435,Cambodia,2013,3058.214429
1436,Cambodia,2012,2846.657445
1437,Cambodia,2011,2648.650018
1438,Cambodia,2010,2462.45279
1439,Cambodia,2009,2331.425309
1440,Cambodia,2008,2346.803965
1441,Cambodia,2007,2189.504168
1442,Cambodia,2006,1964.211764
1443,Cambodia,2005,1746.878825
1444,Cambodia,2004,1518.086216
1445,Cambodia,2003,1360.912011
1446,Cambodia,2002,1250.965446
1447,Cambodia,2001,1176.442768
1448,Cambodia,2000,1086.55943
1449,Kiribati,2015,1994.767601
1450,Kiribati,2014,1940.561684
1451,Kiribati,2013,1894.621967
1452,Kiribati,2012,1794.400591
1453,Kiribati,2011,1706.383125
1454,Kiribati,2010,1696.578084
1455,Kiribati,2009,1738.760095
1456,Kiribati,2008,1757.886156
1457,Kiribati,2007,1795.309772
1458,Kiribati,2006,1748.357037
1459,Kiribati,2005,1759.48203
1460,Kiribati,2004,1656.209922
1461,Kiribati,2003,1669.056465
1462,Kiribati,2002,1632.689646
1463,Kiribati,2001,1576.121796
1464,Kiribati,2000,1590.908787
1465,St. Kitts and Nevis,2015,25088.1606
1466,St. Kitts and Nevis,2014,24194.39239
1467,St. Kitts and Nevis,2013,22696.87541
1468,St. Kitts and Nevis,2012,21283.37306
1469,St. Kitts and Nevis,2011,21283.33027
1470,St. Kitts and Nevis,2010,20615.59909
1471,St. Kitts and Nevis,2009,21091.28497
1472,St. Kitts and Nevis,2008,21847.77648
1473,St. Kitts and Nevis,2007,20409.92661
1474,St. Kitts and Nevis,2006,20169.98253
1475,St. Kitts and Nevis,2005,18736.49471
1476,St. Kitts and Nevis,2004,16859.47526
1477,St. Kitts and Nevis,2003,15930.36275
1478,St. Kitts and Nevis,2002,16282.1674
1479,St. Kitts and Nevis,2001,15991.45567
1480,St. Kitts and Nevis,2000,15113.47007
1481,"Korea, Rep.",2015,34647.07478
1482,"Korea, Rep.",2014,33856.57883
1483,"Korea, Rep.",2013,32816.15889
1484,"Korea, Rep.",2012,32222.59394
1485,"Korea, Rep.",2011,31327.1269
1486,"Korea, Rep.",2010,30465.24505
1487,"Korea, Rep.",2009,28392.75636
1488,"Korea, Rep.",2008,28718.04484
1489,"Korea, Rep.",2007,27872.08837
1490,"Korea, Rep.",2006,25863.21949
1491,"Korea, Rep.",2005,24219.78886
1492,"Korea, Rep.",2004,22967.81286
1493,"Korea, Rep.",2003,21389.24607
1494,"Korea, Rep.",2002,20784.9456
1495,"Korea, Rep.",2001,19189.56937
1496,"Korea, Rep.",2000,18083.08126
1497,Kuwait,2015,74645.48246
1498,Kuwait,2014,75197.02929
1499,Kuwait,2013,76767.89073
1500,Kuwait,2012,78492.39685
1501,Kuwait,2011,76308.59071
1502,Kuwait,2010,72204.3813
1503,Kuwait,2009,77582.1493
1504,Kuwait,2008,88250.00289
1505,Kuwait,2007,90003.76351
1506,Kuwait,2006,87875.56333
1507,Kuwait,2005,83703.23667
1508,Kuwait,2004,76978.40709
1509,Kuwait,2003,69909.19638
1510,Kuwait,2002,59961.95117
1511,Kuwait,2001,58839.07136
1512,Kuwait,2000,58904.02452
1513,Lao PDR,2015,5691.257819
1514,Lao PDR,2014,5333.525388
1515,Lao PDR,2013,4954.368504
1516,Lao PDR,2012,4568.912673
1517,Lao PDR,2011,4222.178629
1518,Lao PDR,2010,3894.025214
1519,Lao PDR,2009,3606.646476
1520,Lao PDR,2008,3389.004053
1521,Lao PDR,2007,3137.505366
1522,Lao PDR,2006,2889.424996
1523,Lao PDR,2005,2622.999124
1524,Lao PDR,2004,2408.704086
1525,Lao PDR,2003,2235.675887
1526,Lao PDR,2002,2095.380299
1527,Lao PDR,2001,1976.265761
1528,Lao PDR,2000,1855.126727
1529,Lebanon,2015,13936.25829
1530,Lebanon,2014,14189.75726
1531,Lebanon,2013,14535.741
1532,Lebanon,2012,15221.44686
1533,Lebanon,2011,15683.58332
1534,Lebanon,2010,15951.90136
1535,Lebanon,2009,15139.91798
1536,Lebanon,2008,13862.01357
1537,Lebanon,2007,12531.43013
1538,Lebanon,2006,11240.9978
1539,Lebanon,2005,10927.81332
1540,Lebanon,2004,10635.27605
1541,Lebanon,2003,10199.93341
1542,Lebanon,2002,10179.54985
1543,Lebanon,2001,10164.78825
1544,Lebanon,2000,9936.071581
1545,Liberia,2015,835.3669347
1546,Liberia,2014,846.5670329
1547,Liberia,2013,845.6718356
1548,Liberia,2012,784.5123573
1549,Liberia,2011,732.6330069
1550,Liberia,2010,683.7921258
1551,Liberia,2009,659.4439242
1552,Liberia,2008,646.6985008
1553,Liberia,2007,617.2337093
1554,Liberia,2006,571.1992315
1555,Liberia,2005,530.9610917
1556,Liberia,2004,501.664453
1557,Liberia,2003,484.9723443
1558,Liberia,2002,692.5550687
1559,Liberia,2001,673.1113023
1560,Liberia,2000,663.0650547
1561,Libya,2011,11023.43714
1562,Libya,2010,28583.466
1563,Libya,2009,27135.35654
1564,Libya,2008,27525.07035
1565,Libya,2007,26753.94741
1566,Libya,2006,24962.8054
1567,Libya,2005,23154.43219
1568,Libya,2004,20397.96471
1569,Libya,2003,19322.86512
1570,Libya,2002,17039.09332
1571,Libya,2001,17224.98889
1572,Libya,2000,17435.83155
1573,St. Lucia,2015,10944.33413
1574,St. Lucia,2014,10655.13978
1575,St. Lucia,2013,10498.77226
1576,St. Lucia,2012,10406.22658
1577,St. Lucia,2011,10461.42512
1578,St. Lucia,2010,10333.85409
1579,St. Lucia,2009,10516.05123
1580,St. Lucia,2008,10623.91123
1581,St. Lucia,2007,10153.56044
1582,St. Lucia,2006,10054.88328
1583,St. Lucia,2005,9136.551459
1584,St. Lucia,2004,9028.111906
1585,St. Lucia,2003,8204.545673
1586,St. Lucia,2002,7751.139145
1587,St. Lucia,2001,7705.898848
1588,St. Lucia,2000,7869.959244
1589,Sri Lanka,2015,11762.77758
1590,Sri Lanka,2014,11210.29799
1591,Sri Lanka,2013,10595.71291
1592,Sri Lanka,2012,10163.85871
1593,Sri Lanka,2011,9213.320943
1594,Sri Lanka,2010,8389.990393
1595,Sri Lanka,2009,7731.668695
1596,Sri Lanka,2008,7467.591882
1597,Sri Lanka,2007,6964.986319
1598,Sri Lanka,2006,6400.816758
1599,Sri Lanka,2005,5811.505852
1600,Sri Lanka,2004,5339.521248
1601,Sri Lanka,2003,4965.727538
1602,Sri Lanka,2002,4630.59243
1603,Sri Lanka,2001,4419.803392
1604,Sri Lanka,2000,4422.564855
1605,Lesotho,2015,2949.513387
1606,Lesotho,2014,2906.987276
1607,Lesotho,2013,2766.061215
1608,Lesotho,2012,2701.592107
1609,Lesotho,2011,2545.397552
1610,Lesotho,2010,2356.656157
1611,Lesotho,2009,2213.516069
1612,Lesotho,2008,2170.050586
1613,Lesotho,2007,2010.914252
1614,Lesotho,2006,1895.367466
1615,Lesotho,2005,1775.318625
1616,Lesotho,2004,1682.406153
1617,Lesotho,2003,1620.257161
1618,Lesotho,2002,1521.941336
1619,Lesotho,2001,1487.722587
1620,Lesotho,2000,1411.27243
1621,Lithuania,2015,28936.20626
1622,Lithuania,2014,28179.28132
1623,Lithuania,2013,26717.18273
1624,Lithuania,2012,24657.98315
1625,Lithuania,2011,22854.26812
1626,Lithuania,2010,20129.65379
1627,Lithuania,2009,18164.49588
1628,Lithuania,2008,20744.01164
1629,Lithuania,2007,19087.99427
1630,Lithuania,2006,16493.95022
1631,Lithuania,2005,14526.04738
1632,Lithuania,2004,13040.72183
1633,Lithuania,2003,12066.93123
1634,Lithuania,2002,10494.36325
1635,Lithuania,2001,9473.287
1636,Lithuania,2000,8451.123731
1637,Luxembourg,2015,102051.6803
1638,Luxembourg,2014,100497.838
1639,Luxembourg,2013,95374.68631
1640,Luxembourg,2012,91191.93296
1641,Luxembourg,2011,91348.00206
1642,Luxembourg,2010,85285.4095
1643,Luxembourg,2009,80784.52172
1644,Luxembourg,2008,85599.93115
1645,Luxembourg,2007,83016.73705
1646,Luxembourg,2006,77075.43413
1647,Luxembourg,2005,67544.1345
1648,Luxembourg,2004,63465.93009
1649,Luxembourg,2003,59323.98173
1650,Luxembourg,2002,58005.7612
1651,Luxembourg,2001,55442.86472
1652,Luxembourg,2000,55597.13767
1653,Latvia,2015,24899.18457
1654,Latvia,2014,23884.12917
1655,Latvia,2013,22684.46728
1656,Latvia,2012,21216.79633
1657,Latvia,2011,19740.79226
1658,Latvia,2010,17592.57257
1659,Latvia,2009,16889.12074
1660,Latvia,2008,19432.17901
1661,Latvia,2007,18122.12115
1662,Latvia,2006,15761.5729
1663,Latvia,2005,13847.56979
1664,Latvia,2004,12223.0729
1665,Latvia,2003,11025.93411
1666,Latvia,2002,10070.03327
1667,Latvia,2001,9055.866418
1668,Latvia,2000,8013.11294
1669,"Macao SAR, China",2015,111496.6294
1670,"Macao SAR, China",2014,140813.518
1671,"Macao SAR, China",2013,141947.0252
1672,"Macao SAR, China",2012,127938.9187
1673,"Macao SAR, China",2011,117340.9708
1674,"Macao SAR, China",2010,96619.8444
1675,"Macao SAR, China",2009,78134.58288
1676,"Macao SAR, China",2008,78666.56591
1677,"Macao SAR, China",2007,76777.76402
1678,"Macao SAR, China",2006,67157.30792
1679,"Macao SAR, China",2005,58922.09749
1680,"Macao SAR, China",2004,53929.953
1681,"Macao SAR, China",2003,42126.84235
1682,"Macao SAR, China",2002,37539.92824
1683,"Macao SAR, China",2001,34407.77326
1684,"Macao SAR, China",2000,29550.14902
1685,Morocco,2015,7841.484355
1686,Morocco,2014,7524.045167
1687,Morocco,2013,7309.586314
1688,Morocco,2012,6979.899079
1689,Morocco,2011,6746.899456
1690,Morocco,2010,6365.189662
1691,Morocco,2009,6133.763743
1692,Morocco,2008,5909.277886
1693,Morocco,2007,5533.290467
1694,Morocco,2006,5262.52
1695,Morocco,2005,4796.499521
1696,Morocco,2004,4545.539605
1697,Morocco,2003,4264.271943
1698,Morocco,2002,3985.802655
1699,Morocco,2001,3846.516371
1700,Morocco,2000,3542.766114
1701,Moldova,2015,5048.967871
1702,Moldova,2014,5017.093636
1703,Moldova,2013,4700.234439
1704,Moldova,2012,4226.959198
1705,Moldova,2011,4179.214809
1706,Moldova,2010,3831.749187
1707,Moldova,2009,3531.032976
1708,Moldova,2008,3723.402213
1709,Moldova,2007,3381.098617
1710,Moldova,2006,3190.121573
1711,Moldova,2005,2945.080151
1712,Moldova,2004,2647.756644
1713,Moldova,2003,2393.417558
1714,Moldova,2002,2195.14622
1715,Moldova,2001,2000.887403
1716,Moldova,2000,1839.712736
1717,Madagascar,2015,1465.344818
1718,Madagascar,2014,1446.390247
1719,Madagascar,2013,1414.171537
1720,Madagascar,2012,1399.513945
1721,Madagascar,2011,1371.648575
1722,Madagascar,2010,1362.298772
1723,Madagascar,2009,1380.565922
1724,Madagascar,2008,1468.210299
1725,Madagascar,2007,1382.710545
1726,Madagascar,2006,1304.444605
1727,Madagascar,2005,1240.334971
1728,Madagascar,2004,1182.875723
1729,Madagascar,2003,1126.581534
1730,Madagascar,2002,1036.723372
1731,Madagascar,2001,1205.262299
1732,Madagascar,2000,1146.177794
1733,Maldives,2015,12770.27132
1734,Maldives,2014,12534.70963
1735,Maldives,2013,11853.99048
1736,Maldives,2012,11373.46296
1737,Maldives,2011,11126.94559
1738,Maldives,2010,10301.70575
1739,Maldives,2009,9681.450619
1740,Maldives,2008,10092.70551
1741,Maldives,2007,9112.530361
1742,Maldives,2006,8443.880725
1743,Maldives,2005,7088.648653
1744,Maldives,2004,7690.620625
1745,Maldives,2003,6788.425933
1746,Maldives,2002,5947.220482
1747,Maldives,2001,5652.745271
1748,Mexico,2015,16988.383
1749,Mexico,2014,17205.59144
1750,Mexico,2013,16527.64201
1751,Mexico,2012,16289.56528
1752,Mexico,2011,15754.19717
1753,Mexico,2010,14603.16786
1754,Mexico,2009,13934.15677
1755,Mexico,2008,14272.19494
1756,Mexico,2007,13717.46046
1757,Mexico,2006,13144.18287
1758,Mexico,2005,12070.89609
1759,Mexico,2004,11198.54857
1760,Mexico,2003,10588.34485
1761,Mexico,2002,10348.61558
1762,Mexico,2001,10301.61803
1763,Mexico,2000,10318.53201
1764,Marshall Islands,2015,3910.915398
1765,Marshall Islands,2014,3851.797232
1766,Marshall Islands,2013,3828.434906
1767,Marshall Islands,2012,3689.35326
1768,Marshall Islands,2011,3501.48705
1769,Marshall Islands,2010,3381.346046
1770,Marshall Islands,2009,3144.913209
1771,Marshall Islands,2008,3181.575664
1772,Marshall Islands,2007,3177.432208
1773,Marshall Islands,2006,2992.032988
1774,Marshall Islands,2005,2849.270478
1775,Marshall Islands,2004,2685.737648
1776,Marshall Islands,2003,2613.255579
1777,Marshall Islands,2002,2555.557193
1778,Marshall Islands,2001,2451.677719
1779,Marshall Islands,2000,2276.036208
1780,"Macedonia, FYR",2015,14076.48313
1781,"Macedonia, FYR",2014,13476.98312
1782,"Macedonia, FYR",2013,12686.55505
1783,"Macedonia, FYR",2012,11868.35223
1784,"Macedonia, FYR",2011,11648.2996
1785,"Macedonia, FYR",2010,11341.03118
1786,"Macedonia, FYR",2009,10979.36747
1787,"Macedonia, FYR",2008,10479.05076
1788,"Macedonia, FYR",2007,9302.411926
1789,"Macedonia, FYR",2006,8656.05672
1790,"Macedonia, FYR",2005,7825.705501
1791,"Macedonia, FYR",2004,7149.815766
1792,"Macedonia, FYR",2003,6564.427474
1793,"Macedonia, FYR",2002,6368.232266
1794,"Macedonia, FYR",2001,6106.226221
1795,"Macedonia, FYR",2000,6191.617251
1796,Mali,2015,2028.157518
1797,Mali,2014,1950.58824
1798,Mali,2013,1843.482217
1799,Mali,2012,1826.135914
1800,Mali,2011,1862.940401
1801,Mali,2010,1822.967574
1802,Mali,2009,1763.44503
1803,Mali,2008,1727.307207
1804,Mali,2007,1671.442481
1805,Mali,2006,1626.255578
1806,Mali,2005,1557.653315
1807,Mali,2004,1462.69068
1808,Mali,2003,1446.4357
1809,Mali,2002,1340.200972
1810,Mali,2001,1319.212046
1811,Mali,2000,1151.234785
1812,Malta,2015,33995.1833
1813,Malta,2014,32488.63337
1814,Malta,2013,31405.33729
1815,Malta,2012,29645.16
1816,Malta,2011,28765.29436
1817,Malta,2010,27862.77616
1818,Malta,2009,26166.38674
1819,Malta,2008,26192.99141
1820,Malta,2007,24883.51975
1821,Malta,2006,23237.18226
1822,Malta,2005,22232.45822
1823,Malta,2004,21416.30157
1824,Malta,2003,20936.34157
1825,Malta,2002,20561.70481
1826,Malta,2001,19666.27416
1827,Malta,2000,19410.80572
1828,Myanmar,2015,5249.744742
1829,Myanmar,2014,4882.445329
1830,Myanmar,2013,4479.631121
1831,Myanmar,2012,4099.89264
1832,Myanmar,2011,3780.81768
1833,Myanmar,2010,3534.787519
1834,Myanmar,2009,3207.781083
1835,Myanmar,2008,2898.957431
1836,Myanmar,2007,2595.574306
1837,Myanmar,2006,2272.961717
1838,Myanmar,2005,1964.670684
1839,Myanmar,2004,1689.595492
1840,Myanmar,2003,1460.658449
1841,Myanmar,2002,1269.887222
1842,Myanmar,2001,1127.880536
1843,Myanmar,2000,1001.325192
1844,Montenegro,2015,16050.16431
1845,Montenegro,2014,15410.07265
1846,Montenegro,2013,14883.66734
1847,Montenegro,2012,13863.9398
1848,Montenegro,2011,14472.44346
1849,Montenegro,2010,13661.31294
1850,Montenegro,2009,12981.90591
1851,Montenegro,2008,13737.66333
1852,Montenegro,2007,12402.38582
1853,Montenegro,2006,10354.44716
1854,Montenegro,2005,8313.642308
1855,Montenegro,2004,7840.786609
1856,Montenegro,2003,7332.150657
1857,Montenegro,2002,7098.965769
1858,Montenegro,2001,6788.593417
1859,Montenegro,2000,5998.015356
1860,Mongolia,2015,12220.78134
1861,Mongolia,2014,12012.23691
1862,Mongolia,2013,11132.39095
1863,Mongolia,2012,9990.038049
1864,Mongolia,2011,8889.345538
1865,Mongolia,2010,7552.646083
1866,Mongolia,2009,7128.216004
1867,Mongolia,2008,7274.126952
1868,Mongolia,2007,6644.318275
1869,Mongolia,2006,5949.15142
1870,Mongolia,2005,5384.32093
1871,Mongolia,2004,4921.782863
1872,Mongolia,2003,4378.350592
1873,Mongolia,2002,4053.677655
1874,Mongolia,2001,3849.422652
1875,Mongolia,2000,3689.700412
1876,Mozambique,2015,1192.175329
1877,Mozambique,2014,1137.316783
1878,Mozambique,2013,1069.336403
1879,Mozambique,2012,1010.221252
1880,Mozambique,2011,951.8253639
1881,Mozambique,2010,895.4996639
1882,Mozambique,2009,852.8593034
1883,Mozambique,2008,818.4804732
1884,Mozambique,2007,772.4257715
1885,Mozambique,2006,720.4239655
1886,Mozambique,2005,654.6779387
1887,Mozambique,2004,600.5492643
1888,Mozambique,2003,558.3079979
1889,Mozambique,2002,529.3821578
1890,Mozambique,2001,493.4222085
1891,Mozambique,2000,440.3525845
1892,Mauritania,2014,3890.761881
1893,Mauritania,2013,3759.861442
1894,Mauritania,2012,3575.986354
1895,Mauritania,2011,3403.534526
1896,Mauritania,2010,3266.294626
1897,Mauritania,2009,3158.549257
1898,Mauritania,2008,3248.813181
1899,Mauritania,2007,3233.9714
1900,Mauritania,2006,3145.575979
1901,Mauritania,2005,2638.741454
1902,Mauritania,2004,2414.338631
1903,Mauritania,2003,2289.393079
1904,Mauritania,2002,2184.104606
1905,Mauritania,2001,2204.245271
1906,Mauritania,2000,2178.985893
1907,Mauritius,2015,20085.1709
1908,Mauritius,2014,19230.65752
1909,Mauritius,2013,18243.51278
1910,Mauritius,2012,17408.18871
1911,Mauritius,2011,16561.77098
1912,Mauritius,2010,15616.00684
1913,Mauritius,2009,14815.80799
1914,Mauritius,2008,14270.16945
1915,Mauritius,2007,13328.34086
1916,Mauritius,2006,12335.63549
1917,Mauritius,2005,11078.02724
1918,Mauritius,2004,10664.04277
1919,Mauritius,2003,9876.469131
1920,Mauritius,2002,9409.610271
1921,Mauritius,2001,9138.775496
1922,Mauritius,2000,8780.062693
1923,Malawi,2015,1183.605235
1924,Malawi,2014,1174.289937
1925,Malawi,2013,1125.476712
1926,Malawi,2012,1085.679
1927,Malawi,2011,1078.855647
1928,Malawi,2010,1039.289519
1929,Malawi,2009,990.2613624
1930,Malawi,2008,934.9315315
1931,Malawi,2007,877.5051002
1932,Malawi,2006,802.8457436
1933,Malawi,2005,765.2237114
1934,Malawi,2004,737.5883978
1935,Malawi,2003,698.8007741
1936,Malawi,2002,664.7474763
1937,Malawi,2001,660.3855017
1938,Malawi,2000,697.600804
1939,Malaysia,2015,26950.33532
1940,Malaysia,2014,25765.75852
1941,Malaysia,2013,24230.86246
1942,Malaysia,2012,23124.86466
1943,Malaysia,2011,21866.34075
1944,Malaysia,2010,20675.01747
1945,Malaysia,2009,19409.15979
1946,Malaysia,2008,20098.88195
1947,Malaysia,2007,19412.04923
1948,Malaysia,2006,17587.37531
1949,Malaysia,2005,16453.1206
1950,Malaysia,2004,15410.54472
1951,Malaysia,2003,14306.64022
1952,Malaysia,2002,13513.41243
1953,Malaysia,2001,12882.24642
1954,Malaysia,2000,12797.96613
1955,Niger,2015,955.4833237
1956,Niger,2014,949.9087681
1957,Niger,2013,907.5886376
1958,Niger,2012,883.2513773
1959,Niger,2011,807.1930209
1960,Niger,2010,804.0510285
1961,Niger,2009,761.9909234
1962,Niger,2008,791.3179015
1963,Niger,2007,735.3715889
1964,Niger,2006,720.859443
1965,Niger,2005,686.036867
1966,Niger,2004,659.9820675
1967,Niger,2003,665.7174887
1968,Niger,2002,642.9859659
1969,Niger,2001,637.7278176
1970,Niger,2000,603.8282498
1971,Nigeria,2015,6003.890071
1972,Nigeria,2014,5940.570145
1973,Nigeria,2013,5637.712125
1974,Nigeria,2012,5407.323956
1975,Nigeria,2011,5230.598854
1976,Nigeria,2010,5019.186061
1977,Nigeria,2009,4723.091456
1978,Nigeria,2008,4502.205379
1979,Nigeria,2007,4266.961628
1980,Nigeria,2006,3994.771889
1981,Nigeria,2005,3676.7075
1982,Nigeria,2004,3534.047139
1983,Nigeria,2003,2638.800223
1984,Nigeria,2002,2404.958884
1985,Nigeria,2001,2340.745918
1986,Nigeria,2000,2247.88503
1987,Nicaragua,2015,5200.299685
1988,Nicaragua,2014,4958.803296
1989,Nicaragua,2013,4712.389033
1990,Nicaragua,2012,4488.17451
1991,Nicaragua,2011,4223.427239
1992,Nicaragua,2010,3942.82262
1993,Nicaragua,2009,3822.164429
1994,Nicaragua,2008,3951.24718
1995,Nicaragua,2007,3817.186363
1996,Nicaragua,2006,3578.083708
1997,Nicaragua,2005,3376.96543
1998,Nicaragua,2004,3178.479409
1999,Nicaragua,2003,2975.956176
2000,Nicaragua,2002,2884.081324
2001,Nicaragua,2001,2858.455737
2002,Nicaragua,2000,2754.333031
2003,Netherlands,2015,49587.00519
2004,Netherlands,2014,49055.3832
2005,Netherlands,2013,48710.3189
2006,Netherlands,2012,46707.26971
2007,Netherlands,2011,46066.65241
2008,Netherlands,2010,44585.52623
2009,Netherlands,2009,44090.32519
2010,Netherlands,2008,45843.89223
2011,Netherlands,2007,43462.04905
2012,Netherlands,2006,40620.75965
2013,Netherlands,2005,37265.34509
2014,Netherlands,2004,35440.76332
2015,Netherlands,2003,33701.44031
2016,Netherlands,2002,33991.05929
2017,Netherlands,2001,32912.25799
2018,Netherlands,2000,31572.67803
2019,Norway,2015,62083.86257
2020,Norway,2014,65713.51046
2021,Norway,2013,67019.81343
2022,Norway,2012,65380.24599
2023,Norway,2011,62060.95853
2024,Norway,2010,57995.86019
2025,Norway,2009,55459.98967
2026,Norway,2008,61676.11957
2027,Norway,2007,55847.13872
2028,Norway,2006,54110.88265
2029,Norway,2005,47772.43008
2030,Norway,2004,42516.43221
2031,Norway,2003,38530.80313
2032,Norway,2002,37959.79481
2033,Norway,2001,37873.579
2034,Norway,2000,36927.96013
2035,Nepal,2015,2462.07461
2036,Nepal,2014,2399.772704
2037,Nepal,2013,2251.49768
2038,Nepal,2012,2153.736493
2039,Nepal,2011,2042.140687
2040,Nepal,2010,1956.465866
2041,Nepal,2009,1863.683463
2042,Nepal,2008,1787.40582
2043,Nepal,2007,1668.740402
2044,Nepal,2006,1588.265153
2045,Nepal,2005,1507.568314
2046,Nepal,2004,1428.757638
2047,Nepal,2003,1345.907258
2048,Nepal,2002,1287.734432
2049,Nepal,2001,1286.472736
2050,Nepal,2000,1220.46425
2051,Nauru,2015,13064.54523
2052,Nauru,2014,13232.17254
2053,Nauru,2013,10429.79559
2054,Nauru,2012,8050.698202
2055,Nauru,2011,7339.30127
2056,Nauru,2010,6459.083166
2057,Nauru,2009,5617.95238
2058,Nauru,2008,5121.554264
2059,Nauru,2007,3726.445999
2060,New Zealand,2015,37575.93055
2061,New Zealand,2014,37087.93799
2062,New Zealand,2013,36210.16503
2063,New Zealand,2012,33065.51124
2064,New Zealand,2011,32734.38316
2065,New Zealand,2010,31263.78579
2066,New Zealand,2009,30699.30419
2067,New Zealand,2008,29860.21278
2068,New Zealand,2007,29386.94768
2069,New Zealand,2006,27767.22048
2070,New Zealand,2005,25677.26149
2071,New Zealand,2004,25086.46266
2072,New Zealand,2003,23963.53112
2073,New Zealand,2002,23306.45195
2074,New Zealand,2001,22507.92861
2075,New Zealand,2000,21509.82969
2076,Oman,2015,39971.09273
2077,Oman,2014,39678.29939
2078,Oman,2013,41216.36494
2079,Oman,2012,42827.14617
2080,Oman,2011,42479.20132
2081,Oman,2010,45892.36668
2082,Oman,2009,46106.33061
2083,Oman,2008,44908.03977
2084,Oman,2007,41624.85985
2085,Oman,2006,39431.16114
2086,Oman,2005,36978.69288
2087,Oman,2004,35793.47177
2088,Oman,2003,35301.35151
2089,Oman,2002,36507.32629
2090,Oman,2001,37165.86096
2091,Oman,2000,35293.55446
2092,Pakistan,2015,5010.813994
2093,Pakistan,2014,4833.655394
2094,Pakistan,2013,4633.001322
2095,Pakistan,2012,4460.923073
2096,Pakistan,2011,4322.534383
2097,Pakistan,2010,4209.69803
2098,Pakistan,2009,4179.734024
2099,Pakistan,2008,4118.690108
2100,Pakistan,2007,4054.641798
2101,Pakistan,2006,3845.526136
2102,Pakistan,2005,3586.417778
2103,Pakistan,2004,3293.506342
2104,Pakistan,2003,3046.543167
2105,Pakistan,2002,2907.758182
2106,Pakistan,2001,2833.043366
2107,Pakistan,2000,2775.632634
2108,Panama,2015,22237.23826
2109,Panama,2014,21130.20174
2110,Panama,2013,19891.81197
2111,Panama,2012,18663.16817
2112,Panama,2011,17058.59644
2113,Panama,2010,15202.21743
2114,Panama,2009,14443.60317
2115,Panama,2008,14354.0995
2116,Panama,2007,13188.96801
2117,Panama,2006,11675.28121
2118,Panama,2005,10611.48289
2119,Panama,2004,9763.60847
2120,Panama,2003,8997.884297
2121,Panama,2002,8621.492567
2122,Panama,2001,8461.624717
2123,Panama,2000,8383.743202
2124,Peru,2015,12529.22863
2125,Peru,2014,12161.94439
2126,Peru,2013,11828.90552
2127,Peru,2012,11145.58507
2128,Peru,2011,10449.12766
2129,Peru,2010,9755.149812
2130,Peru,2009,9010.308107
2131,Peru,2008,8956.494023
2132,Peru,2007,8148.909178
2133,Peru,2006,7404.29153
2134,Peru,2005,6762.773636
2135,Peru,2004,6240.732916
2136,Peru,2003,5858.863163
2137,Peru,2002,5584.343993
2138,Peru,2001,5283.029045
2139,Peru,2000,5202.233898
2140,Philippines,2015,7387.317593
2141,Philippines,2014,7009.809671
2142,Philippines,2013,6587.477758
2143,Philippines,2012,6153.070449
2144,Philippines,2011,5754.112442
2145,Philippines,2010,5524.15441
2146,Philippines,2009,5147.801513
2147,Philippines,2008,5126.222731
2148,Philippines,2007,4899.392332
2149,Philippines,2006,4546.350973
2150,Philippines,2005,4261.722997
2151,Philippines,2004,4012.576024
2152,Philippines,2003,3731.717535
2153,Philippines,2002,3557.433998
2154,Philippines,2001,3452.161429
2155,Philippines,2000,3350.700952
2156,Palau,2015,15317.16622
2157,Palau,2014,13984.12497
2158,Palau,2013,13289.39507
2159,Palau,2012,13510.03458
2160,Palau,2011,12947.90758
2161,Palau,2010,12157.3001
2162,Palau,2009,11700.53932
2163,Palau,2008,12845.3008
2164,Palau,2007,13416.13498
2165,Palau,2006,13144.5549
2166,Palau,2005,13181.43646
2167,Palau,2004,12676.92342
2168,Palau,2003,11597.76027
2169,Palau,2002,12219.35817
2170,Palau,2001,11389.04246
2171,Palau,2000,10802.46843
2172,Papua New Guinea,2014,2868.916341
2173,Papua New Guinea,2013,2651.813579
2174,Papua New Guinea,2012,2525.962109
2175,Papua New Guinea,2011,2345.065877
2176,Papua New Guinea,2010,2122.70745
2177,Papua New Guinea,2009,1992.353002
2178,Papua New Guinea,2008,1906.657151
2179,Papua New Guinea,2007,1795.976583
2180,Papua New Guinea,2006,1672.269239
2181,Papua New Guinea,2005,1624.923129
2182,Papua New Guinea,2004,1516.942886
2183,Papua New Guinea,2003,1473.066392
2184,Papua New Guinea,2002,1449.254175
2185,Papua New Guinea,2001,1466.036245
2186,Papua New Guinea,2000,1472.173297
2187,Poland,2015,26862.26833
2188,Poland,2014,25730.20696
2189,Poland,2013,24740.81001
2190,Poland,2012,23832.72702
2191,Poland,2011,22850.47842
2192,Poland,2010,21089.01108
2193,Poland,2009,19266.12953
2194,Poland,2008,18310.44321
2195,Poland,2007,16781.37789
2196,Poland,2006,15150.8957
2197,Poland,2005,13895.92354
2198,Poland,2004,13350.52408
2199,Poland,2003,12256.4189
2200,Poland,2002,11781.05635
2201,Poland,2001,11127.46048
2202,Poland,2000,10644.71385
2203,Puerto Rico,2013,35023.66672
2204,Puerto Rico,2012,34272.20442
2205,Puerto Rico,2011,34195.60367
2206,Puerto Rico,2010,33756.80686
2207,Puerto Rico,2009,34071.24489
2208,Puerto Rico,2008,34443.78037
2209,Puerto Rico,2007,34198.68848
2210,Puerto Rico,2006,34256.91035
2211,Puerto Rico,2005,33392.4209
2212,Puerto Rico,2004,32122.19033
2213,Puerto Rico,2003,30727.86275
2214,Puerto Rico,2002,29790.59698
2215,Puerto Rico,2001,28866.16895
2216,Puerto Rico,2000,25747.50944
2217,Portugal,2015,29717.69397
2218,Portugal,2014,28831.77352
2219,Portugal,2013,27924.72563
2220,Portugal,2012,26454.1026
2221,Portugal,2011,26780.21491
2222,Portugal,2010,27360.96112
2223,Portugal,2009,26496.18036
2224,Portugal,2008,26631.56396
2225,Portugal,2007,25695.86767
2226,Portugal,2006,24669.56698
2227,Portugal,2005,22739.58966
2228,Portugal,2004,21490.81623
2229,Portugal,2003,20839.63403
2230,Portugal,2002,20367.66441
2231,Portugal,2001,19585.46948
2232,Portugal,2000,18872.37901
2233,Paraguay,2015,9198.498534
2234,Paraguay,2014,8955.58094
2235,Paraguay,2013,8514.175374
2236,Paraguay,2012,7447.174726
2237,Paraguay,2011,7504.677492
2238,Paraguay,2010,7142.057039
2239,Paraguay,2009,6322.524743
2240,Paraguay,2008,6621.203833
2241,Paraguay,2007,6188.423416
2242,Paraguay,2006,5799.017847
2243,Paraguay,2005,5448.981171
2244,Paraguay,2004,5251.988258
2245,Paraguay,2003,4996.040368
2246,Paraguay,2002,4780.154483
2247,Paraguay,2001,4797.718424
2248,Paraguay,2000,4822.976061
2249,Qatar,2015,141542.6628
2250,Qatar,2014,139174.2788
2251,Qatar,2013,135923.4715
2252,Qatar,2012,133557.8526
2253,Qatar,2011,132514.4949
2254,Qatar,2010,123592.9873
2255,Qatar,2009,113286.4317
2256,Qatar,2008,115043.9161
2257,Qatar,2007,112973.9014
2258,Qatar,2006,111246.2552
2259,Qatar,2005,101030.9485
2260,Qatar,2004,104097.2586
2261,Qatar,2003,93110.31288
2262,Qatar,2002,92702.05262
2263,Qatar,2001,88051.19527
2264,Qatar,2000,85689.0213
2265,Romania,2015,22124.3433
2266,Romania,2014,20796.98856
2267,Romania,2013,19877.50661
2268,Romania,2012,18983.38247
2269,Romania,2011,18095.01274
2270,Romania,2010,17180.51047
2271,Romania,2009,16013.34616
2272,Romania,2008,16301.94346
2273,Romania,2007,13442.61225
2274,Romania,2006,11694.18659
2275,Romania,2005,9723.534337
2276,Romania,2004,9137.603686
2277,Romania,2003,7820.422076
2278,Romania,2002,7179.198932
2279,Romania,2001,6588.459563
2280,Romania,2000,5873.463317
2281,Russian Federation,2015,25186.16956
2282,Russian Federation,2014,25498.64639
2283,Russian Federation,2013,24165.32683
2284,Russian Federation,2012,25316.63579
2285,Russian Federation,2011,24074.36458
2286,Russian Federation,2010,20497.93408
2287,Russian Federation,2009,19386.5844
2288,Russian Federation,2008,20163.58765
2289,Russian Federation,2007,16648.58686
2290,Russian Federation,2006,14916.18526
2291,Russian Federation,2005,11822.3709
2292,Russian Federation,2004,10231.42645
2293,Russian Federation,2003,9253.577429
2294,Russian Federation,2002,8029.122652
2295,Russian Federation,2001,7367.609061
2296,Russian Federation,2000,6825.411391
2297,Rwanda,2015,1762.314126
2298,Rwanda,2014,1669.507522
2299,Rwanda,2013,1569.162855
2300,Rwanda,2012,1510.67811
2301,Rwanda,2011,1397.224691
2302,Rwanda,2010,1301.696952
2303,Rwanda,2009,1230.524243
2304,Rwanda,2008,1181.54477
2305,Rwanda,2007,1072.052347
2306,Rwanda,2006,996.6718639
2307,Rwanda,2005,907.1073812
2308,Rwanda,2004,838.7034648
2309,Rwanda,2003,775.7606251
2310,Rwanda,2002,762.6580987
2311,Rwanda,2001,678.4020688
2312,Rwanda,2000,633.7507518
2313,Saudi Arabia,2015,53538.79043
2314,Saudi Arabia,2014,52268.29556
2315,Saudi Arabia,2013,50670.71638
2316,Saudi Arabia,2012,49729.51749
2317,Saudi Arabia,2011,47474.04338
2318,Saudi Arabia,2010,43351.76769
2319,Saudi Arabia,2009,41897.8915
2320,Saudi Arabia,2008,41853.09966
2321,Saudi Arabia,2007,38814.51442
2322,Saudi Arabia,2006,36601.90395
2323,Saudi Arabia,2005,34552.3445
2324,Saudi Arabia,2004,32105.37336
2325,Saudi Arabia,2003,29453.78144
2326,Saudi Arabia,2002,27639.68947
2327,Saudi Arabia,2001,28002.60433
2328,Saudi Arabia,2000,28013.20959
2329,Sudan,2015,4387.896396
2330,Sudan,2014,4231.195729
2331,Sudan,2013,4136.089387
2332,Sudan,2012,3981.989759
2333,Sudan,2011,3478.252239
2334,Sudan,2010,3175.273943
2335,Sudan,2009,3116.2031
2336,Sudan,2008,3080.764727
2337,Sudan,2007,2883.714026
2338,Sudan,2006,2591.937508
2339,Sudan,2005,2351.119436
2340,Sudan,2004,2180.530388
2341,Sudan,2003,2101.944562
2342,Sudan,2002,1968.097677
2343,Sudan,2001,1873.735559
2344,Sudan,2000,1769.652859
2345,Senegal,2015,2420.794877
2346,Senegal,2014,2319.173879
2347,Senegal,2013,2253.568646
2348,Senegal,2012,2211.634678
2349,Senegal,2011,2145.768396
2350,Senegal,2010,2129.792483
2351,Senegal,2009,2079.908456
2352,Senegal,2008,2073.390249
2353,Senegal,2007,2016.085041
2354,Senegal,2006,1922.929344
2355,Senegal,2005,1870.789913
2356,Senegal,2004,1763.237812
2357,Senegal,2003,1665.494123
2358,Senegal,2002,1572.456979
2359,Senegal,2001,1579.875219
2360,Senegal,2000,1515.583756
2361,Singapore,2015,85382.30227
2362,Singapore,2014,83798.58923
2363,Singapore,2013,80767.55972
2364,Singapore,2012,77173.2383
2365,Singapore,2011,74910.18253
2366,Singapore,2010,70561.0834
2367,Singapore,2009,61572.02253
2368,Singapore,2008,63361.32069
2369,Singapore,2007,64387.80508
2370,Singapore,2006,59926.48344
2371,Singapore,2005,55105.96589
2372,Singapore,2004,50849.67523
2373,Singapore,2003,45744.13538
2374,Singapore,2002,42316.45801
2375,Singapore,2001,40358.97452
2376,Singapore,2000,40928.33705
2377,Solomon Islands,2015,2200.934181
2378,Solomon Islands,2014,2141.012127
2379,Solomon Islands,2013,2114.567732
2380,Solomon Islands,2012,2062.454263
2381,Solomon Islands,2011,1976.4069
2382,Solomon Islands,2010,1752.11988
2383,Solomon Islands,2009,1655.210388
2384,Solomon Islands,2008,1763.154933
2385,Solomon Islands,2007,1651.874965
2386,Solomon Islands,2006,1534.731167
2387,Solomon Islands,2005,1426.119018
2388,Solomon Islands,2004,1343.430957
2389,Solomon Islands,2003,1278.507124
2390,Solomon Islands,2002,1208.018933
2391,Solomon Islands,2001,1256.852442
2392,Solomon Islands,2000,1371.662572
2393,Sierra Leone,2015,1569.318744
2394,Sierra Leone,2014,1997.992281
2395,Sierra Leone,2013,1918.859652
2396,Sierra Leone,2012,1599.431938
2397,Sierra Leone,2011,1394.477558
2398,Sierra Leone,2010,1333.583438
2399,Sierra Leone,2009,1278.9048
2400,Sierra Leone,2008,1240.407347
2401,Sierra Leone,2007,1182.208249
2402,Sierra Leone,2006,1095.744509
2403,Sierra Leone,2005,1041.572371
2404,Sierra Leone,2004,1007.07589
2405,Sierra Leone,2003,965.1632322
2406,Sierra Leone,2002,909.2490061
2407,Sierra Leone,2001,743.1428086
2408,Sierra Leone,2000,813.1862045
2409,El Salvador,2015,8619.580946
2410,El Salvador,2014,8349.206901
2411,El Salvador,2013,8111.080083
2412,El Salvador,2012,7859.86073
2413,El Salvador,2011,7596.509131
2414,El Salvador,2010,7301.806597
2415,El Salvador,2009,7136.595021
2416,El Salvador,2008,7332.798993
2417,El Salvador,2007,7122.336318
2418,El Salvador,2006,6702.272962
2419,El Salvador,2005,6279.113261
2420,El Salvador,2004,5896.016066
2421,El Salvador,2003,5657.03907
2422,El Salvador,2002,5446.314438
2423,El Salvador,2001,5267.792374
2424,El Salvador,2000,5092.548588
2425,Serbia,2015,14111.90131
2426,Serbia,2014,13806.03304
2427,Serbia,2013,13772.54655
2428,Serbia,2012,13108.04525
2429,Serbia,2011,12967.87138
2430,Serbia,2010,12098.69311
2431,Serbia,2009,11841.84782
2432,Serbia,2008,11921.80251
2433,Serbia,2007,10472.05174
2434,Serbia,2006,9615.653634
2435,Serbia,2005,8706.981641
2436,Serbia,2004,8070.216444
2437,Serbia,2003,7197.419257
2438,Serbia,2002,6800.879652
2439,Serbia,2001,6151.868233
2440,Serbia,2000,5721.741945
2441,South Sudan,2015,1853.798627
2442,South Sudan,2014,2028.89536
2443,South Sudan,2013,2005.155918
2444,South Sudan,2012,1819.434959
2445,South Sudan,2011,3461.751039
2446,South Sudan,2010,3717.215638
2447,South Sudan,2009,3637.873769
2448,South Sudan,2008,3591.90892
2449,Sao Tome and Principe,2015,3218.5736
2450,Sao Tome and Principe,2014,3128.401877
2451,Sao Tome and Principe,2013,2956.509286
2452,Sao Tome and Principe,2012,2836.553749
2453,Sao Tome and Principe,2011,2759.745784
2454,Sao Tome and Principe,2010,2647.086992
2455,Sao Tome and Principe,2009,2505.596106
2456,Sao Tome and Principe,2008,2481.24583
2457,Sao Tome and Principe,2007,2298.993305
2458,Sao Tome and Principe,2006,2217.031443
2459,Sao Tome and Principe,2005,2015.508902
2460,Sao Tome and Principe,2004,1864.908921
2461,Sao Tome and Principe,2003,1788.322876
2462,Sao Tome and Principe,2002,1682.834247
2463,Sao Tome and Principe,2001,1654.5501
2464,Suriname,2015,16702.65923
2465,Suriname,2014,16720.14663
2466,Suriname,2013,16273.88997
2467,Suriname,2012,15718.13299
2468,Suriname,2011,15119.74355
2469,Suriname,2010,14216.54879
2470,Suriname,2009,13502.62589
2471,Suriname,2008,13159.39724
2472,Suriname,2007,12533.85276
2473,Suriname,2006,11732.3214
2474,Suriname,2005,11049.55551
2475,Suriname,2004,10293.40751
2476,Suriname,2003,9200.65497
2477,Suriname,2002,8533.324408
2478,Suriname,2001,8092.123255
2479,Suriname,2000,7621.723237
2480,Slovak Republic,2015,29931.24697
2481,Slovak Republic,2014,29045.75154
2482,Slovak Republic,2013,27922.84218
2483,Slovak Republic,2012,26647.42196
2484,Slovak Republic,2011,25835.00476
2485,Slovak Republic,2010,25010.54458
2486,Slovak Republic,2009,23082.79056
2487,Slovak Republic,2008,23691.64388
2488,Slovak Republic,2007,21156.83045
2489,Slovak Republic,2006,18875.52455
2490,Slovak Republic,2005,16616.13454
2491,Slovak Republic,2004,15198.91969
2492,Slovak Republic,2003,14138.90916
2493,Slovak Republic,2002,13294.49459
2494,Slovak Republic,2001,12399.75735
2495,Slovak Republic,2000,11347.91207
2496,Slovenia,2015,31990.47623
2497,Slovenia,2014,31022.15563
2498,Slovenia,2013,29558.64228
2499,Slovenia,2012,28841.92306
2500,Slovenia,2011,28804.70152
2501,Slovenia,2010,27792.97798
2502,Slovenia,2009,27504.07207
2503,Slovenia,2008,29624.19018
2504,Slovenia,2007,27594.79118
2505,Slovenia,2006,25777.98669
2506,Slovenia,2005,23945.25534
2507,Slovenia,2004,22792.92798
2508,Slovenia,2003,21132.38649
2509,Slovenia,2002,20305.02222
2510,Slovenia,2001,18998.77439
2511,Slovenia,2000,18036.46727
2512,Sweden,2015,47861.96529
2513,Sweden,2014,46445.77191
2514,Sweden,2013,45714.45767
2515,Sweden,2012,44724.97434
2516,Sweden,2011,43755.06044
2517,Sweden,2010,41667.83209
2518,Sweden,2009,39693.3253
2519,Sweden,2008,41853.69618
2520,Sweden,2007,40563.8388
2521,Sweden,2006,37439.83703
2522,Sweden,2005,33967.18753
2523,Sweden,2004,33551.70558
2524,Sweden,2003,31470.89574
2525,Sweden,2002,30587.76252
2526,Sweden,2001,29701.99742
2527,Sweden,2000,29257.98526
2528,Swaziland,2015,8647.786149
2529,Swaziland,2014,8517.091751
2530,Swaziland,2013,8263.738817
2531,Swaziland,2012,7896.358632
2532,Swaziland,2011,7615.493311
2533,Swaziland,2010,7440.690912
2534,Swaziland,2009,7340.785653
2535,Swaziland,2008,7224.694327
2536,Swaziland,2007,6898.537095
2537,Swaziland,2006,6554.061589
2538,Swaziland,2005,6125.914988
2539,Swaziland,2004,5692.872343
2540,Swaziland,2003,5406.960507
2541,Swaziland,2002,5097.256939
2542,Swaziland,2001,4896.07619
2543,Swaziland,2000,4746.643415
2544,Seychelles,2015,27177.17408
2545,Seychelles,2014,26564.96764
2546,Seychelles,2013,25655.82295
2547,Seychelles,2012,24251.52397
2548,Seychelles,2011,22556.58257
2549,Seychelles,2010,19953.1605
2550,Seychelles,2009,19131.33174
2551,Seychelles,2008,19274.84812
2552,Seychelles,2007,19755.66719
2553,Seychelles,2006,17516.54847
2554,Seychelles,2005,15859.91946
2555,Seychelles,2004,14161.5154
2556,Seychelles,2003,14134.48392
2557,Seychelles,2002,14559.34877
2558,Seychelles,2001,14607.23869
2559,Seychelles,2000,14626.46037
2560,Chad,2015,2175.821947
2561,Chad,2014,2184.698474
2562,Chad,2013,2075.132782
2563,Chad,2012,1997.410939
2564,Chad,2011,1862.351166
2565,Chad,2010,1884.795827
2566,Chad,2009,1694.821571
2567,Chad,2008,1667.697393
2568,Chad,2007,1640.202587
2569,Chad,2006,1599.891275
2570,Chad,2005,1596.68959
2571,Chad,2004,1366.931959
2572,Chad,2003,1033.54866
2573,Chad,2002,917.7863182
2574,Chad,2001,865.7177219
2575,Chad,2000,787.153221
2576,Togo,2015,1460.34491
2577,Togo,2014,1407.725518
2578,Togo,2013,1341.415372
2579,Togo,2012,1304.187972
2580,Togo,2011,1255.087825
2581,Togo,2010,1204.604894
2582,Togo,2009,1175.823679
2583,Togo,2008,1158.45847
2584,Togo,2007,1142.10215
2585,Togo,2006,1117.607504
2586,Togo,2005,1070.826742
2587,Togo,2004,1053.611318
2588,Togo,2003,1031.753887
2589,Togo,2002,990.2252184
2590,Togo,2001,1011.10993
2591,Togo,2000,1032.035726
2592,Thailand,2015,16340.02857
2593,Thailand,2014,15775.61444
2594,Thailand,2013,15435.02557
2595,Thailand,2012,14853.32968
2596,Thailand,2011,13654.27246
2597,Thailand,2010,13309.4192
2598,Thailand,2009,12257.13618
2599,Thailand,2008,12272.7398
2600,Thailand,2007,11850.21509
2601,Thailand,2006,10977.61174
2602,Thailand,2005,10194.17569
2603,Thailand,2004,9545.997831
2604,Thailand,2003,8819.994762
2605,Thailand,2002,8153.163182
2606,Thailand,2001,7650.813673
2607,Thailand,2000,7314.542194
2608,Tajikistan,2015,2833.654846
2609,Tajikistan,2014,2704.106895
2610,Tajikistan,2013,2546.208548
2611,Tajikistan,2012,2386.327474
2612,Tajikistan,2011,2229.445742
2613,Tajikistan,2010,2080.044388
2614,Tajikistan,2009,1972.915229
2615,Tajikistan,2008,1928.200965
2616,Tajikistan,2007,1790.92569
2617,Tajikistan,2006,1653.075402
2618,Tajikistan,2005,1530.575671
2619,Tajikistan,2004,1418.731424
2620,Tajikistan,2003,1277.456606
2621,Tajikistan,2002,1150.615863
2622,Tajikistan,2001,1041.638879
2623,Tajikistan,2000,939.7408458
2624,Turkmenistan,2015,16532.48594
2625,Turkmenistan,2014,15550.12168
2626,Turkmenistan,2013,14027.41212
2627,Turkmenistan,2012,12689.34383
2628,Turkmenistan,2011,11360.50215
2629,Turkmenistan,2010,9828.662204
2630,Turkmenistan,2009,9004.579189
2631,Turkmenistan,2008,8528.11332
2632,Turkmenistan,2007,7381.120936
2633,Turkmenistan,2006,6550.184923
2634,Turkmenistan,2005,5791.712128
2635,Turkmenistan,2004,5017.71966
2636,Turkmenistan,2003,4699.745806
2637,Turkmenistan,2002,4508.433493
2638,Turkmenistan,2001,4475.982721
2639,Turkmenistan,2000,4240.974059
2640,Tonga,2015,5534.831912
2641,Tonga,2014,5309.424934
2642,Tonga,2013,5132.250761
2643,Tonga,2012,5232.082279
2644,Tonga,2011,5110.54609
2645,Tonga,2010,4891.998479
2646,Tonga,2009,4690.11618
2647,Tonga,2008,4576.675533
2648,Tonga,2007,4381.46188
2649,Tonga,2006,4482.441625
2650,Tonga,2005,4412.658271
2651,Tonga,2004,4235.05303
2652,Tonga,2003,4161.999126
2653,Tonga,2002,4020.62204
2654,Tonga,2001,3851.138356
2655,Tonga,2000,3654.324669
2656,Trinidad and Tobago,2015,33308.52041
2657,Trinidad and Tobago,2014,33282.87771
2658,Trinidad and Tobago,2013,33039.16382
2659,Trinidad and Tobago,2012,31830.73157
2660,Trinidad and Tobago,2011,31012.66995
2661,Trinidad and Tobago,2010,30628.65707
2662,Trinidad and Tobago,2009,29429.21386
2663,Trinidad and Tobago,2008,30693.869
2664,Trinidad and Tobago,2007,29252.1188
2665,Trinidad and Tobago,2006,27328.35578
2666,Trinidad and Tobago,2005,23532.50746
2667,Trinidad and Tobago,2004,21572.51352
2668,Trinidad and Tobago,2003,19547.27675
2669,Trinidad and Tobago,2002,16828.06986
2670,Trinidad and Tobago,2001,15420.81923
2671,Trinidad and Tobago,2000,14524.13702
2672,Tunisia,2015,11467.06628
2673,Tunisia,2014,11357.81543
2674,Tunisia,2013,10969.59617
2675,Tunisia,2012,10600.95551
2676,Tunisia,2011,10123.12012
2677,Tunisia,2010,10225.96056
2678,Tunisia,2009,9868.445034
2679,Tunisia,2008,9609.010479
2680,Tunisia,2007,9137.024481
2681,Tunisia,2006,8424.202811
2682,Tunisia,2005,7838.077913
2683,Tunisia,2004,7400.19175
2684,Tunisia,2003,6832.577764
2685,Tunisia,2002,6446.951946
2686,Tunisia,2001,6316.896928
2687,Tunisia,2000,6003.315105
2688,Turkey,2015,20008.91438
2689,Turkey,2014,19653.61183
2690,Turkey,2013,19228.65645
2691,Turkey,2012,18560.17823
2692,Turkey,2011,18269.83782
2693,Turkey,2010,16541.99109
2694,Turkey,2009,14794.51115
2695,Turkey,2008,15355.91059
2696,Turkey,2007,14228.52224
2697,Turkey,2006,13106.71356
2698,Turkey,2005,11457.9926
2699,Turkey,2004,10534.77426
2700,Turkey,2003,9335.882267
2701,Turkey,2002,9101.933575
2702,Turkey,2001,9041.756637
2703,Turkey,2000,9351.471714
2704,Tuvalu,2015,3926.173454
2705,Tuvalu,2014,3793.189653
2706,Tuvalu,2013,3651.250172
2707,Tuvalu,2012,3552.926553
2708,Tuvalu,2011,3488.248359
2709,Tuvalu,2010,3156.748086
2710,Tuvalu,2009,3212.379397
2711,Tuvalu,2008,3342.866072
2712,Tuvalu,2007,3043.63125
2713,Tuvalu,2006,2796.861693
2714,Tuvalu,2005,2667.085324
2715,Tuvalu,2004,2698.809178
2716,Tuvalu,2003,2678.136383
2717,Tuvalu,2002,2733.428397
2718,Tuvalu,2001,2510.860974
2719,Tuvalu,2000,2428.779986
2720,Tanzania,2015,2672.509161
2721,Tanzania,2014,2550.490504
2722,Tanzania,2013,2417.413813
2723,Tanzania,2012,2289.261876
2724,Tanzania,2011,2206.910779
2725,Tanzania,2010,2068.488487
2726,Tanzania,2009,1983.222862
2727,Tanzania,2008,1927.688998
2728,Tanzania,2007,1847.864593
2729,Tanzania,2006,1711.3887
2730,Tanzania,2005,1634.893131
2731,Tanzania,2004,1507.797731
2732,Tanzania,2003,1400.30356
2733,Tanzania,2002,1320.61459
2734,Tanzania,2001,1246.881506
2735,Tanzania,2000,1180.742537
2736,Uganda,2015,1850.99241
2737,Uganda,2014,1799.293743
2738,Uganda,2013,1736.110653
2739,Uganda,2012,1704.455535
2740,Uganda,2011,1665.470433
2741,Uganda,2010,1541.642262
2742,Uganda,2009,1489.904419
2743,Uganda,2008,1431.99631
2744,Uganda,2007,1335.979017
2745,Uganda,2006,1241.385391
2746,Uganda,2005,1124.297675
2747,Uganda,2004,1059.426932
2748,Uganda,2003,998.3885329
2749,Uganda,2002,950.6103602
2750,Uganda,2001,889.8630027
2751,Uganda,2000,854.2122135
2752,Ukraine,2015,7939.61402
2753,Ukraine,2014,8683.640842
2754,Ukraine,2013,8629.676994
2755,Ukraine,2012,8475.471746
2756,Ukraine,2011,8281.867126
2757,Ukraine,2010,7666.219577
2758,Ukraine,2009,7239.624226
2759,Ukraine,2008,8395.812545
2760,Ukraine,2007,8005.69176
2761,Ukraine,2006,7184.203287
2762,Ukraine,2005,6452.096195
2763,Ukraine,2004,6042.184784
2764,Ukraine,2003,5206.106632
2765,Ukraine,2002,4628.037293
2766,Ukraine,2001,4289.921231
2767,Ukraine,2000,3802.540243
2768,Uruguay,2015,21243.7538
2769,Uruguay,2014,20886.45804
2770,Uruguay,2013,19942.71472
2771,Uruguay,2012,18817.87492
2772,Uruguay,2011,17904.81986
2773,Uruguay,2010,16736.856
2774,Uruguay,2009,15391.16953
2775,Uruguay,2008,14705.51664
2776,Uruguay,2007,13501.56642
2777,Uruguay,2006,12376.34403
2778,Uruguay,2005,11553.52941
2779,Uruguay,2004,10421.03573
2780,Uruguay,2003,9654.336694
2781,Uruguay,2002,9383.952934
2782,Uruguay,2001,10018.55847
2783,Uruguay,2000,10204.91446
2784,United States,2015,56115.71843
2785,United States,2014,54539.66558
2786,United States,2013,52749.91124
2787,United States,2012,51433.04709
2788,United States,2011,49781.80066
2789,United States,2010,48374.08679
2790,United States,2009,47001.55535
2791,United States,2008,48401.42734
2792,United States,2007,48061.53766
2793,United States,2006,46437.06712
2794,United States,2005,44307.92058
2795,United States,2004,41921.80976
2796,United States,2003,39677.19835
2797,United States,2002,38166.03784
2798,United States,2001,37273.6181
2799,United States,2000,36449.85512
2800,Uzbekistan,2015,6086.522181
2801,Uzbekistan,2014,5673.786193
2802,Uzbekistan,2013,5244.04938
2803,Uzbekistan,2012,4853.649706
2804,Uzbekistan,2011,4469.997484
2805,Uzbekistan,2010,4153.938846
2806,Uzbekistan,2009,3890.610174
2807,Uzbekistan,2008,3632.740121
2808,Uzbekistan,2007,3321.566762
2809,Uzbekistan,2006,2985.636057
2810,Uzbekistan,2005,2732.716951
2811,Uzbekistan,2004,2503.279375
2812,Uzbekistan,2003,2288.356703
2813,Uzbekistan,2002,2178.386398
2814,Uzbekistan,2001,2088.335658
2815,Uzbekistan,2000,1984.47012
2816,St. Vincent and the Grenadines,2015,11139.63747
2817,St. Vincent and the Grenadines,2014,10857.28755
2818,St. Vincent and the Grenadines,2013,10548.01704
2819,St. Vincent and the Grenadines,2012,10192.94478
2820,St. Vincent and the Grenadines,2011,9871.648577
2821,St. Vincent and the Grenadines,2010,9714.910209
2822,St. Vincent and the Grenadines,2009,9936.262682
2823,St. Vincent and the Grenadines,2008,10081.1108
2824,St. Vincent and the Grenadines,2007,9656.128955
2825,St. Vincent and the Grenadines,2006,9193.353618
2826,St. Vincent and the Grenadines,2005,8296.707714
2827,St. Vincent and the Grenadines,2004,7856.37618
2828,St. Vincent and the Grenadines,2003,7355.175293
2829,St. Vincent and the Grenadines,2002,6709.06583
2830,St. Vincent and the Grenadines,2001,6223.92372
2831,St. Vincent and the Grenadines,2000,5988.074628
2832,"Venezuela, RB",2014,17664.73935
2833,"Venezuela, RB",2013,18306.43434
2834,"Venezuela, RB",2012,18027.89012
2835,"Venezuela, RB",2011,17001.91324
2836,"Venezuela, RB",2010,16228.34081
2837,"Venezuela, RB",2009,16523.93967
2838,"Venezuela, RB",2008,17208.19337
2839,"Venezuela, RB",2007,16289.45862
2840,"Venezuela, RB",2006,14830.9158
2841,"Venezuela, RB",2005,13317.17856
2842,"Venezuela, RB",2004,11897.38283
2843,"Venezuela, RB",2003,9961.91036
2844,"Venezuela, RB",2002,10779.40287
2845,"Venezuela, RB",2001,11862.25794
2846,"Venezuela, RB",2000,11427.40708
2847,Vietnam,2015,6034.259949
2848,Vietnam,2014,5656.95694
2849,Vietnam,2013,5300.32607
2850,Vietnam,2012,5000.764854
2851,Vietnam,2011,4715.886349
2852,Vietnam,2010,4395.510163
2853,Vietnam,2009,4123.425804
2854,Vietnam,2008,3924.101329
2855,Vietnam,2007,3681.316118
2856,Vietnam,2006,3383.69504
2857,Vietnam,2005,3102.936693
2858,Vietnam,2004,2828.047516
2859,Vietnam,2003,2590.294311
2860,Vietnam,2002,2403.517497
2861,Vietnam,2001,2252.422657
2862,Vietnam,2000,2100.243076
2863,Vanuatu,2015,2987.918632
2864,Vanuatu,2014,3046.392286
2865,Vanuatu,2013,2990.693012
2866,Vanuatu,2012,2952.413431
2867,Vanuatu,2011,2915.239621
2868,Vanuatu,2010,2888.349379
2869,Vanuatu,2009,2874.87888
2870,Vanuatu,2008,2828.478687
2871,Vanuatu,2007,2669.742795
2872,Vanuatu,2006,2533.911244
2873,Vanuatu,2005,2323.459088
2874,Vanuatu,2004,2192.447393
2875,Vanuatu,2003,2105.441392
2876,Vanuatu,2002,2030.384081
2877,Vanuatu,2001,2159.381617
2878,Vanuatu,2000,2237.584965
2879,Samoa,2015,5934.874655
2880,Samoa,2014,5818.902565
2881,Samoa,2013,5692.156638
2882,Samoa,2012,5757.17964
2883,Samoa,2011,5674.475341
2884,Samoa,2010,5295.666099
2885,Samoa,2009,5244.284423
2886,Samoa,2008,5505.21341
2887,Samoa,2007,5380.617521
2888,Samoa,2006,4961.204069
2889,Samoa,2005,4750.403152
2890,Samoa,2004,4446.681442
2891,Samoa,2003,4162.378933
2892,Samoa,2002,3928.676984
2893,Samoa,2001,3729.844194
2894,Samoa,2000,3428.698019
2895,"Yemen, Rep.",2015,2820.80187
2896,"Yemen, Rep.",2014,3977.432117
2897,"Yemen, Rep.",2013,4014.592686
2898,"Yemen, Rep.",2012,3867.508962
2899,"Yemen, Rep.",2011,3807.949007
2900,"Yemen, Rep.",2010,4390.898972
2901,"Yemen, Rep.",2009,4139.595506
2902,"Yemen, Rep.",2008,4067.370812
2903,"Yemen, Rep.",2007,3958.975424
2904,"Yemen, Rep.",2006,3839.171424
2905,"Yemen, Rep.",2005,3714.087765
2906,"Yemen, Rep.",2004,3505.681681
2907,"Yemen, Rep.",2003,3375.945984
2908,"Yemen, Rep.",2002,3282.194347
2909,"Yemen, Rep.",2001,3199.511054
2910,"Yemen, Rep.",2000,3100.144128
2911,South Africa,2015,13195.46542
2912,South Africa,2014,13097.97369
2913,South Africa,2013,12859.61759
2914,South Africa,2012,12556.74847
2915,South Africa,2011,12243.87909
2916,South Africa,2010,11785.60514
2917,South Africa,2009,11462.61547
2918,South Africa,2008,11716.71897
2919,South Africa,2007,11289.42926
2920,South Africa,2006,10577.94237
2921,South Africa,2005,9847.832856
2922,South Africa,2004,9179.251464
2923,South Africa,2003,8651.849857
2924,South Africa,2002,8340.817652
2925,South Africa,2001,8016.430932
2926,South Africa,2000,7702.484655
2927,Zambia,2015,3835.503778
2928,Zambia,2014,3802.035292
2929,Zambia,2013,3678.844556
2930,Zambia,2012,3553.115833
2931,Zambia,2011,3342.65393
2932,Zambia,2010,3197.380716
2933,Zambia,2009,2950.712592
2934,Zambia,2008,2761.655318
2935,Zambia,2007,2587.314715
2936,Zambia,2006,2393.064359
2937,Zambia,2005,2212.044281
2938,Zambia,2004,2052.67666
2939,Zambia,2003,1915.431264
2940,Zambia,2002,1801.115002
2941,Zambia,2001,1740.96025
2942,Zambia,2000,1658.38098
2943,Zimbabwe,2015,1786.583862
2944,Zimbabwe,2014,1800.405209
2945,Zimbabwe,2013,1742.952005
2946,Zimbabwe,2012,1679.125594
2947,Zimbabwe,2011,1523.621784
2948,Zimbabwe,2010,1360.876026
2949,Zimbabwe,2009,1229.382424
2950,Zimbabwe,2008,1170.461903
2951,Zimbabwe,2007,1415.027698
2952,Zimbabwe,2006,1449.120124
2953,Zimbabwe,2005,1472.435072
2954,Zimbabwe,2004,1526.647718
2955,Zimbabwe,2003,1588.96694
2956,Zimbabwe,2002,1889.113103
2957,Zimbabwe,2001,2056.351718
2958,Zimbabwe,2000,1998.49185