num_users,product
10,5234
7,8608
37,4594
97,8033
61,5070
80,7268
76,6330
75,1476
14,3223
2,6283
72,7057
83,268
1,600
7,5150
41,8565
63,10019
26,4648
62,3859
92,6954
20,5488
98,5316
96,2599
88,10100
15,8461
88,3262
61,7264
74,9911
15,9965
99,5468
46,9621
52,8523
52,1899
10,4860
69,4103
24,5216
51,9965
68,9842
23,5724
56,8100
92,5212
25,8582
44,2327
51,1515
89,8852
20,2231
16,4804
22,2466
54,5779
70,3379
45,9129
37,2079
9,10194
57,8999
67,6104
28,7082
23,3273
43,9188
60,6711
52,7222
86,124
74,3932
50,8903
27,9314
75,684
5,8877
26,3529
65,9162
59,3861
46,241
58,7484
7,8766
38,1766
56,7194
37,888
70,153
15,1406
40,6266
88,5992
90,9538
26,8619
67,4779
20,6878
58,1908
93,6093
9,5426
37,61
44,7580
19,4334
62,8479
91,10043
28,2284
92,9741
20,10177
94,7632
27,2739
56,9951
12,2056
52,9413
93,4932
13,3905
22,4797
63,60
13,8156
14,6571
33,9264
64,2427
37,392
20,5207
16,16
36,832
59,5524
7,4237
72,3736
76,6935
82,6669
16,7661
44,2668
79,7592
53,7585
24,2872
12,6184
19,960
58,10092
27,1135
61,122
7,865
47,9225
43,7670
12,7052
69,702
87,2813
18,4882
63,558
68,2432
3,6017
88,10199
95,10029
19,825
24,8805
62,936
35,1305
17,5839
93,6519
9,851
5,7062
85,7144
48,4352
97,7567
66,7043
44,1129
21,8234
17,9735
93,7947
9,3860
2,2528
44,7844
36,4945
14,5994
16,9762
83,9092
39,6694
89,8652
27,3489
18,6171
57,5201
84,2368
93,7015
42,8199
89,454
9,6392
46,6839
53,4462
29,4105
64,5177
31,7593
96,5049
71,5709
29,4861
38,9043
38,9000
3,407
54,4828
68,674
37,7325
51,5785
63,2404
88,1043
95,7442
69,1190
33,9006
67,5646
91,8881
28,5158
24,7549
91,4934
90,806
67,7794
9,9234
42,9309
14,192
77,2056
57,2737
20,1463
78,2650
41,6508
4,5680
75,6622
15,8329
98,855
78,3669
71,174
23,9295
36,313
56,3243
93,2825
58,8073
7,4145
17,1870
99,5306
6,7863
11,8914
93,131
97,9837
66,3488
3,9823
73,5615
23,2432
46,3884
50,3478
94,6822
89,8618
28,10021
68,6582
99,7216
5,7672
61,6599
3,1557
84,5013
2,8559
95,6413
65,8177
5,2172
5,8964
18,4225
93,2369
78,6335
19,3429
8,8922
74,7577
56,8256
61,276
7,8644
96,3187
88,3532
36,6338
94,9956
49,7732
84,7198
68,4817
1,6615
90,3073
45,1788
97,5558
92,6580
16,8594
3,9273
17,4381
6,7526
40,8388
83,2307
6,8195
43,3753
92,8640
63,9470
54,4272
54,8706
52,8185
60,9406
38,3191
87,10174
88,5628
79,7591
19,6959
17,5113
29,8451
24,4254
67,8871
18,4173
24,1366
8,6456
4,1893
59,3013
54,5295
27,828
95,4305
60,3881
6,6679
84,6167
2,5439
49,2744
77,2072
1,1574
93,8839
46,227
80,9224
65,6244
78,1479
19,7697
91,2834
89,6812
85,8962
33,9053
29,5683
62,3712
95,6343
49,170
54,8869
33,1344
49,6757
94,9097
41,4824
47,2041
34,5823
49,3900
10,5935
50,657
58,1956
15,9155
9,7462
50,6535
57,6489
42,3845
51,656
68,6020
15,227
3,2212
90,9902
10,7978
45,1265
36,2250
48,6918
54,8503
13,6251
1,2709
63,384
71,8736
68,1825
75,8670
13,8915
52,1825
29,3151
28,1453
78,7263
21,6023
94,7430
32,5275
43,3132
79,1833
19,3836
85,1670
89,10113
66,2062
14,5827
92,8966
45,2222
38,8470
17,9155
97,1849
84,2246
62,8994
14,719
26,9360
24,1987
32,323
59,6645
43,3565
44,6646
55,4763
29,7374
73,5090
70,1654
97,3340
25,2274
23,5540
87,3126
12,5632
89,5908
63,1215
8,8900
68,519
41,1711
17,8374
24,7622
37,518
98,3162
89,1303
47,8346
5,3515
78,7321
92,2025
38,2133
12,3695
25,3004
26,1051
48,2254
92,2280
25,7673
84,5673
69,4599
20,5382
37,2723
83,4941
20,4045
16,165
45,2223
34,4911
79,9672
52,4830
64,3003
34,8047
5,3920
37,215
35,6107
73,4000
70,2327
91,5875
55,646
16,9963
25,6079
95,2865
80,5249
49,6734
17,9814
32,7196
20,9081
5,203
98,9740
91,8430
12,4259
86,7245
75,3447
68,1578
30,5723
71,493
82,6834
93,855
85,7740
7,7086
80,4833
18,4368
26,6254
49,123
99,453
57,5641
5,3971
37,5532
8,9611
44,2234
16,9333
38,6046
41,4945
25,1148
62,1226
6,6127
48,1144
68,2149
8,4187
51,8335
22,8877
25,8580
23,8634
13,9444
18,576
74,3661
24,1155
22,6432
77,2388
48,1545
61,669
92,5961
17,817
68,153
95,4204
28,8306
31,601
29,7560
76,917
92,4376
88,9328
88,8731
52,3222
15,6238
36,2446
20,2698
54,6993
57,3992
2,5662
61,9965
88,489
39,7271
21,6532
12,8453
72,8521
43,5825
38,3700
96,2159
83,7274
44,1131
23,2214
13,8129
35,3856
61,7989
65,7144
18,2369
14,9903
48,6085
2,1628
15,2801
79,9971
78,7057
16,5144
50,3837
23,9388
48,8212
67,9250
34,9042
7,7780
5,5446
5,7100
7,5877
35,8882
95,141
27,7109
29,7817
67,8107
41,3481
5,2830
92,2818
11,6238
31,5890
33,10147
73,8455
34,3749
84,8230
34,7550
30,3191
19,6228
95,9081
43,146
41,7016
25,109
81,4150
49,3779
56,7946
61,7326
14,6243
56,4403
49,1125
99,1970
6,1780
4,4429
64,2917
12,1530
83,1948
32,4907
58,4739
1,2692
37,8098
70,8289
90,778
72,8936
76,2817
40,484
56,8285
10,8085
20,2771
96,6853
64,7933
62,663
50,1223
27,3662
29,1483
48,3945
24,2396
58,784
99,704
18,5334
2,1387
35,5766
44,4442
35,1798
58,1061
28,739
20,4518
51,9302
84,4236
38,4178
66,3880
97,2179
65,5007
67,3968
66,6168
39,7258
60,1712
53,3735
77,2944
99,1214
71,83
36,3967
58,8300
17,7235
8,7992
20,9341
7,1941
48,5009
80,3577
19,830
76,2532
35,1318
46,5735
72,6987
19,3430
36,7385
40,2503
35,4048
55,7069
98,5013
10,855
1,4520
32,1491
37,4824
31,6613
15,9013
95,3689
24,3944
76,6083
8,6930
69,7814
14,7578
44,7978
58,8990
79,922
62,8852
45,2328
31,8317
64,7216
14,5037
1,4409
93,9783
5,8499
88,8934
49,1264
55,1481
18,1093
94,6406
10,870
39,9985
19,10040
62,9232
66,9242
63,7970
86,8602
97,3736
80,171
10,5213
29,6311
18,6934
56,9678
27,5913
92,3337
82,199
42,4445
27,7883
34,2934
32,1297
79,4261
95,9538
97,5469
89,10178
84,4938
99,7581
39,6756
79,1860
49,5043
12,3341
28,5256
59,3842
99,7159
79,1306
9,7633
7,3552
56,8178
10,1341
14,6884
40,4131
36,9998
92,4527
8,6916
27,3180
76,2507
83,9095
30,5230
6,2315
83,1784
50,3273
34,7067
94,5718
31,6422
56,5987
11,195
89,1565
1,1680
49,5267
18,5651
76,8921
97,9922
50,6067
19,7492
96,2279
6,1746
50,708
86,10227
36,2353
82,3032
36,2010
85,7684
85,8358
56,4048
13,7168
78,9116
75,5983
36,4708
89,6630
21,6401
51,8484
61,3612
1,4144
28,8979
97,5385
23,1326
65,8455
20,1596
16,6703
45,7403
89,7331
40,7925
9,2089
49,2636
70,2126
94,280
59,9448
46,6926
41,6650
31,1399
58,4959
2,7968
21,7467
1,8756
43,1386
17,406
61,7841
23,1075
92,9161
38,289
14,7450
26,1301
20,4479
7,9306
66,7750
31,4043
90,1075
99,8469
20,1381
53,9502
55,356
48,2787
42,3775
13,3381
86,5222
52,4394
83,8200
87,10058
13,4417
85,5910
79,347
54,3102
65,8524
96,5837
45,4056
53,7948
56,7745
3,9724
16,2942
27,4585
66,3677
96,8290
87,535
70,9647
65,6874
76,7409
14,2086
21,5808
21,9106
97,1736
14,7067
82,1027
17,7264
71,467
14,5093
17,9652
31,9356
55,4783
24,5379
91,7545
46,7828
88,7925
98,8833
50,5337
41,5368
73,4148
82,1313
2,2536
93,7042
95,6629
56,1176
17,2188
25,3931
77,904
5,8610
96,6647
61,1829
78,9582
17,5785
88,7310
60,5583
26,8109
84,6051
78,8527
37,5803
91,7841
30,5560
61,7949
2,8438
26,2933
14,6562
74,8033
22,7462
46,5211
66,5392
33,10236
80,8103
99,3595
48,1010
70,1126
5,4548
90,7380
60,6407
61,3150
74,9123
34,10027
57,3653
47,2847
91,1804
70,7422
7,9854
31,3931
88,4184
60,10163
33,8458
77,3721
5,1293
14,6492
30,2228
38,9952
86,8417
5,7316
18,6328
58,5348
94,9085
24,7563
4,3405
46,3563
4,1489
30,4411
53,3883
95,1356
88,977
85,9923
89,3822
64,10058
33,3194
17,4791
31,10156
41,577
86,4783
50,5187
89,5586
35,347
18,8300
11,7850
78,7082
98,2108
16,8062
46,1207
82,3859
66,271
73,7343
25,417
83,8710
50,713
15,9212
29,4117
83,6987
53,7420
64,985
64,2783
31,2938
22,4046
35,251
47,717
7,5172
48,4151
98,3851
12,6882
37,9312
25,8187
33,5065
79,4411
95,5139
81,2301
26,1400
62,5003
51,2571
9,4036
19,3070
77,9590
96,3861
87,4433
2,8375
68,195
34,7496
40,1211
50,8082
11,3199
78,6356
78,2728
85,7347
10,6967
12,3658
95,889
5,4879
21,2941
14,7243
92,3436
54,7655
69,7171
83,3464
25,7008
38,4498
11,1094
48,5055
52,8113
41,6954
38,3565
48,3328
6,7541
49,1488
87,2081
90,2565
14,1724
35,5088
91,8923
9,9832
10,8413
54,1536
74,1736
98,7101
13,789
4,8154
77,4346
86,1686
13,1819
66,9208
17,1337
69,2059
78,6274
71,8136
28,10174
94,1341
3,6536
81,1093
61,3723
3,4673
10,4882
72,962
79,6824
37,6819
95,7238
17,6567
69,8675
74,7618
74,6598
35,2268
25,8804
30,7957
29,9885
79,5241
72,8752
23,5053
95,6763
98,8715
56,3870
33,3009
80,1728
73,9920
39,8165
32,940
75,5597
57,5463
62,2661
70,1604
92,6207
81,6774
93,5997
94,400
43,1751
14,9027
80,457
53,9181
18,1538
75,9063
27,5974
34,1100
51,6018
36,677
2,4912
31,3123
53,6167
84,9968
78,2948
4,3384
17,1942
92,6217
1,5427
30,5747
69,4090
27,9041
87,6252
17,857
21,1778
58,2245
43,9132
44,7336
90,1788
14,5637
95,5249
70,10224
32,7927
75,9615
97,4414
29,4992
95,3280
79,100
21,5223
50,4529
2,1326
98,1345
78,2857
71,7821
49,8260
81,8736
93,2155
35,6906
82,8937
78,6186
35,2709
76,4335
84,6784
82,7473
67,3820
32,6197
81,9728
79,8613
66,8575
42,1061
6,4882
76,744
53,2233
78,4491
5,9391
54,3321
93,1935
76,7241
77,4082
88,70
14,101
95,404
41,8238
56,5723
38,8859
66,1605
7,2833
41,2782
5,7763
7,7600
73,7616
56,7733
7,9823
84,7741
64,5941
43,1566
1,85
13,1695
3,2178
24,8558
74,1154
92,3696
37,2597
77,8316
32,5620
6,7529
58,2127
88,3980
83,4365
73,7926
49,6667
62,9764
20,8829
21,1778
92,3366
6,9189
20,9843
62,3695
30,8265
68,1856
45,7640
49,4845
38,2502
87,6109
65,6237
56,3686
91,6631
28,3703
17,1678
80,6550
86,384
40,2947
85,1457
26,2158
20,346
94,6535
15,8391
13,6819
80,9426
44,3534
13,3131
53,5273
57,10138
97,3879
63,4826
3,2676
90,1023
66,6985
69,4941
58,6025
27,681
36,7954
79,7464
11,1764
20,6685
51,744
19,8965
17,2187
17,218
19,9013
5,6447
71,8081
18,3437
16,2202
71,3174
65,4257
34,5316
59,7384
36,5249
25,4646
33,9801
44,9173
63,8361
10,3120
18,3220
47,835
80,6224
41,9697
13,9950
38,8940
82,2268
88,1774
70,889
84,9402
93,5174
62,2330
36,6219
49,1162
35,3204
57,1625
52,6732
92,5439
42,4272
36,136
81,3854
24,7998
52,8819
50,4826
7,2962
22,7822
8,6076
34,9632
17,5976
40,1407
84,7759
1,6223
43,1744
90,6209
58,8766
86,2237
44,1856
11,3772
31,2675
16,8909
39,8970
24,7726
69,8771
36,4924
66,10026
59,8841
11,3548
54,1540
67,8690
20,5793
67,7289
24,3540
66,8436
45,929
70,9983
17,9963
25,4255
36,535
21,4366
90,4076
25,4324
27,4104
29,3961
27,916
57,2823
58,4265
71,8961
53,8847
30,1494
76,3471
12,2285
15,1840
87,9040
64,3305
70,10130
86,5761
13,6878
79,5781
93,4813
9,821
85,9181
7,4967
68,4272
24,8183
14,3360
72,10213
20,1827
74,7677
71,5612
68,1080
99,4259
23,6932
42,8248
55,4890
14,1362
19,5971
58,8515
10,6181
96,8299
81,5650
96,3624
71,288
73,8419
59,6472
44,9585
55,3407
57,9456
28,5248
47,934
12,8113
61,7602
69,8285
64,7740
67,5360
79,4771
17,6523
93,5052
42,10181
74,3023
84,9937
82,6765
39,416
79,8924
30,8432
11,3183
57,8422
9,9706
82,4248
64,7429
38,4211
7,3559
48,3841
83,9509
25,2850
99,346
70,968
70,2739
78,6558
2,9140
58,602
33,2566
93,852
63,1227
45,3248
86,7801
69,1840
42,1010
12,6263
18,4494
71,6714
50,1929
60,5477
16,6486
25,4347
27,7870
9,8699
3,5072
88,131
60,3618
16,6066
14,3625
96,2093
42,986
89,9131
17,8575
59,881
37,9580
65,9835
47,8055
37,3537
41,5185
29,5908
37,6866
71,6469
27,5185
80,1568
57,4665
93,6468
49,5524
65,1655
74,3189
46,7343
71,3694
83,837
2,1266
73,7396
33,8496
99,9367
57,3783
53,6227
81,9790
46,10086
6,3540
46,809
74,7972
8,2200
76,5369
17,2984
93,8987
50,8330
19,7731
73,368
43,2428
20,2022
11,2707
8,8938
41,3927
13,3394
13,2816
2,4399
83,1886
16,1756
42,4979
15,7465
14,7161
17,8189
85,6539
28,4518
59,947
70,2889
91,6388
91,3409
96,1485
98,5832
92,1134
45,3324
14,8732
41,6037
12,367
32,1021
75,9005
66,6889
25,6313
96,2862
96,4103
46,7417
75,8506
57,5594
87,3828
6,6899
16,2791
85,1769
95,4378
20,7399
1,10118
12,132
48,2509
91,8428
27,9861
32,4743
21,10117
97,4314
29,7591
55,8410
75,3347
2,4992
21,5701
59,7331
28,8098
65,3363
2,1563
32,4673
55,9818
43,9233
37,1424
9,9395
69,1261
27,3198
67,3167
44,214
78,8422
12,6168
62,9554
67,2307
54,9173
9,8263
37,9103
29,6567
46,3726
70,7539
7,8422
56,1675
33,9975
80,6605
87,4214
52,2390
14,7752
78,2127
46,8792
99,10154
10,6211
68,576
71,2513
38,1111
4,3451
92,6665
57,7157
80,6576
46,3262
80,7578
89,6228
44,1930
35,6100
95,1632
83,661
22,2924
99,4864
67,5321
75,3677
50,5478
7,1606
2,2894
2,9821
81,1466
64,3092
15,2872
70,1340
2,7178
25,7990
48,4300
3,7212
78,625
37,8730
52,9498
40,6145
12,2601
19,4515
18,3356
83,7194
97,1319
55,799
77,2310
70,7006
26,1411
72,1958
60,4586
91,6945
18,1476
73,728
76,3812
27,7987
78,869
86,8879
94,9786
12,4243
52,623
43,6696
23,4783
4,2030
74,6090
50,3075
64,5915
28,7171
94,138
17,6353
34,9223
83,5375
85,8649
42,9247
58,1172
38,4258
37,3730
73,876
94,5694
92,8485
11,1321
41,3797
8,2294
98,4406
90,294
21,7953
93,6708
57,362
5,4627
48,1237
20,6348
61,6650
90,3003
67,5898
93,8572
54,3515
68,2862
37,9828
86,6817
62,2534
31,1843
70,2627
87,591
39,4894
36,8198
13,272
5,972
88,7613
99,7750
60,6776
53,9376
89,2706
89,1144
94,623
28,10029
71,4657
50,8756
41,8097
44,9194
8,8466
76,8160
41,6273
56,1760
92,5877
60,3886
95,9294
65,7512
16,8394
79,4311
82,9958
11,4058
23,7274
73,6365
90,1130
10,9303
91,7793
10,6523
53,5189
60,8282
5,7986
27,1479
41,1206
28,1098
4,6040
5,5349
32,3654
46,2905
30,6158
45,231
8,1088
29,9005
67,5323
62,9081
82,4519
30,377
50,6671
46,1832
48,10185
78,3322
13,8749
74,4219
67,6214
91,8674
23,5055
86,880
28,762
24,10099
31,7288
57,6660
53,5045
71,9011
3,2994
20,8529
22,9074
68,432
95,5416
35,1555
26,9037
37,4040
25,6645
59,3282
46,3788
10,5129
46,2314
66,71
14,2737
57,4736
19,4705
45,177
31,4856
91,7850
25,2821
66,958
43,10208
20,735
58,4332
53,7987
86,5346
22,8939
18,9836
59,7910
24,6804
5,4609
21,9403
58,4858
3,8857
84,2192
55,7355
25,7595
95,1817
33,6716
19,1185
57,7040
36,8131
7,5551
38,9206
63,9996
57,4426
59,1697
83,4550
51,1547
61,2352
67,6418
63,5793
91,6113
28,1345
90,5085
60,6691
57,7910
6,5821
57,7970
95,1910
14,4787
19,2076
26,4919
70,9665
56,2337
64,6947
12,9304
46,2933
55,4913
28,5740
68,3844
78,4876
70,6063
81,1360
3,1447
79,5321
84,4147
47,9972
58,3672
23,2532
25,6244
4,3301
26,3876
27,4492
26,5027
79,8667
83,1575
31,9036
88,5405
5,1077
31,7683
58,4370
89,1274
9,8069
18,8384
32,4636
69,6086
20,330
35,4813
33,4413
99,485
10,2771
99,9473
50,1877
3,7594
13,2115
63,9312
10,5355
47,4840
53,1903
60,5116
47,7277
57,8912
64,5248
20,5466
99,8375
70,3190
81,1055
17,4930
15,6227
4,5212
30,4303
16,9078
43,9986
1,5480
81,7495
83,2155
6,91
24,8395
44,1568
17,9063
42,2974
94,8878
33,4261
77,861
3,792
52,3468
50,8843
41,10237
2,6849
56,5616
28,8190
21,6983
51,9009
71,9928
99,4455
38,3884
4,2463
5,2525
64,3064
79,9062
2,5154
88,3258
82,5595
28,8424
87,2704
48,5265
93,2859
34,7403
64,9113
7,8375
2,6580
27,5192
44,8817
9,9377
41,9365
8,8985
74,7529
9,6359
93,9200
60,9387
41,971
98,3985
34,3402
28,4554
40,6269
46,6194
31,7002
83,7877
80,4580
63,2776
73,2612
13,5677
72,2426
75,4656
48,2532
94,1246
94,3271
10,9500
91,8161
9,9364
51,3465
38,9175
57,9444
97,585
1,5617
33,9065
49,4470
86,5286
97,763
60,5075
23,9588
58,6083
10,2658
49,7135
38,7133
2,595
38,3109
45,3664
61,7495
3,7613
78,9906
83,3021
49,10164
43,6567
27,6809
54,4386
10,7233
72,140
40,7759
56,4752
96,492
79,766
55,1138
24,6555
75,8534
31,9020
25,492
12,4037
6,4799
79,3712
23,4978
82,7238
26,8016
58,7757
61,8561
64,8338
91,8744
30,8997
48,611
57,1410
6,1619
40,9816
94,5604
94,3733
10,167
42,7923
87,3366
18,4610
36,3437
6,759
11,3815
11,7960
98,3626
98,4225
9,4290
75,7371
35,7566
44,5212
38,4496
52,9126
79,6254
42,6925
54,2826
67,8261
25,3064
81,8223
76,4760
96,2900
70,5924
59,9289
28,1134
16,716
53,253
85,7512
75,8479
49,6658
46,4462
45,3900
49,6721
54,518
8,624
35,5259
7,2582
74,7909
56,1170
20,9363
86,49
48,6620
17,1883
42,1688
61,1991
31,390
84,9885
56,2419
15,4419
58,866
18,3840
68,7283
47,997
4,1278
12,209
24,1292
87,6584
19,7155
82,5687
31,5691
28,9361
47,1179
67,9134
54,8653
68,8439
34,9507
83,9603
42,8863
35,8594
78,1370
24,5400
93,1401
47,3473
43,2144
36,6799
75,8479
33,10112
70,7440
29,1838
66,4649
48,3428
5,3820
5,8984
50,5880
3,7097
71,7868
70,4166
83,8939
94,2583
77,3247
41,9213
29,6671
50,5650
64,1577
98,3224
87,6971
89,7747
24,7006
93,4521
38,6653
45,3279
56,5664
61,2277
96,8282
22,2802
15,8898
83,9057
92,9597
29,9347
21,237
67,1289
28,1534
71,3818
77,6938
32,8384
37,2130
57,930
91,6486
38,4585
66,2603
62,8816
29,782
25,8794
58,3173
43,4753
98,8456
71,5037
71,158
26,4012
28,5910
10,9737
59,8447
68,4249
29,8516
7,1966
20,3511
78,7086
60,865
62,8056
16,5411
70,8199
79,234
84,5454
13,7087
57,187
69,8317
97,6325
25,2164
77,4735
8,7327
36,1151
88,8709
86,1127
36,9242
38,8661
36,6140
90,8424
7,4117
51,3582
90,5394
53,8079
84,4509
1,8720
30,1673
49,9044
82,1661
76,2677
20,4281
17,7048
30,4429
19,7190
24,8843
31,10028
43,977
22,1574
60,7835
27,3915
51,8348
88,6690
78,6179
56,2293
47,3041
12,667
57,7650
32,4496
76,1630
65,3847
34,7607
52,3264
34,4383
40,8880
17,9728
81,752
58,2200
47,4068
45,6357
24,5085
65,1026
56,9157
37,9955
70,599
6,7702
23,2550
51,3864
56,8624
64,9609
80,4998
51,3747
32,8385
26,8760
38,5681
38,6604
14,289
53,3916
40,2622
40,4395
73,250
93,9063
55,4540
48,4683
46,4403
40,3022
61,7710
84,8909
82,9763
56,178
3,6759
78,44
32,6100
85,9252
17,1158
72,8039
25,4873
45,7563
74,7279
53,4532
56,9188
32,4841
34,6440
11,1824
18,9822
13,3337
32,4007
5,2859
11,7546
57,1484
45,5488
55,2525
35,5691
27,4793
43,1482
99,4682
10,8053
67,2126
81,4431
64,2663
86,7847
41,968
63,1766
74,7356
37,95
44,6671
55,6711
9,10114
88,9654
55,6718
39,1129
31,5297
15,3639
71,4116
91,4015
10,4692
94,2553
70,4765
57,8763
74,5567
58,4264
18,5868
99,3371
66,1540
87,1765
39,7420
64,2812
58,7876
93,1916
50,91
63,9164
26,7603
73,5976
29,8088
95,3115
51,124
96,3362
20,9617
63,1685
14,6795
74,5928
57,7848
71,2910
53,8016
27,6082
69,9054
90,3911
61,6378
30,8261
12,1778
25,6942
2,856
32,2481
37,5991
56,7078
3,9722
39,6272
7,822
79,7179
48,7768
17,9405
6,3292
55,5307
25,7459
36,10034
51,9121
76,2931
24,9180
87,8607
26,2288
99,5466
68,4839
71,337
52,5045
57,7763
13,1307
26,1416
64,8140
64,6898
17,7629
3,7024
28,1077
89,5221
67,5594
85,7199
86,6704
7,5761
35,6487
18,588
16,8265
44,6962
15,305
62,2577
18,4945
61,1535
44,4267
40,730
95,3625
66,162
66,1734
4,4992
14,4154
93,146
58,2393
6,4859
55,320
40,6535
76,5110
4,9115
60,4890
25,9155
80,2591
97,477
33,1643
52,2937
72,8960
74,8785
80,1293
83,9378
33,6676
11,6825
54,3612
91,7451
53,2046
7,9965
96,775
25,1212
51,5042
60,3615
76,4519
17,7576
88,2850
64,9746
23,6215
73,2882
14,1667
37,2990
14,4804
46,6653
59,55
13,1569
41,7230
72,5692
95,8538
5,10123
89,5045
43,2995
18,2543
66,10116
81,3364
56,10017
8,7357
65,7066
23,7310
70,8302
21,1077
3,2099
38,3066
90,4270
35,8794
73,7357
78,4802
40,1656
27,956
7,8212
16,9643
40,7473
37,2520
2,9032
10,1783
80,10183
51,1163
54,8723
7,8296
83,9455
44,7754
10,8723
47,4029
60,3504
74,6738
76,8405
2,4067
50,4927
34,3058
3,8728
87,5689
18,2222
61,4703
12,6929
28,1694
68,4538
75,7239
36,3058
44,9433
4,9905
17,3235
82,3030
43,6303
98,6446
44,7217
95,8949
28,7830
8,7388
62,2187
73,5326
67,4354
4,8384
22,4625
6,5209
4,7327
96,8438
26,379
80,403
91,5183
3,117
22,1069
19,5983
66,9343
94,1761
94,2841
23,6337
84,10017
48,7113
37,317
62,3937
31,6230
26,3348
82,1276
39,9906
35,3484
13,5431
91,9968
32,3461
73,6455
61,1725
26,5386
8,7050
59,2765
78,9548
79,1098
45,8980
15,1750
82,10012
57,6890
53,7121
40,9361
88,8305
2,7190
47,8548
32,3074
26,116
12,781
77,970
25,770
92,7890
79,8256
92,2708
36,1943
65,8574
40,8030
59,5618
94,2693
46,1676
80,1621
78,1395
20,9000
73,455
81,2412
45,1192
39,8511
52,4674
66,8834
15,8138
81,9630
6,5201
56,5467
66,7692
16,6079
45,6959
13,2740
59,4506
82,3603
88,191
28,4329
73,1969
17,3424
38,3274
81,5629
70,4899
73,2529
66,1443
47,68
69,2699
51,490
23,5090
39,4949
58,8580
58,696
47,7970
96,1701
96,7826
23,3360
69,3580
31,3132
12,9124
87,4533
66,3484
61,7834
3,196
60,8939
24,9871
98,3287
65,2214
89,5633
9,1483
31,1363
23,6602
1,2825
38,6218
70,8268
29,515
85,2962
98,7094
94,3181
8,1859
38,4480
8,7866
11,9197
91,5404
60,6485
39,9727
12,7738
19,8700
90,8138
62,8571
2,1468
57,8370
39,1105
22,2631
94,2604
20,5824
31,1418
90,4650
41,9422
12,1593
86,9489
43,5764
19,388
91,7528
68,10009
33,978
18,9618
19,3585
28,4340
33,9486
28,7187
72,3764
87,791
63,9198
17,900
1,3650
66,9208
6,8746
46,6904
81,2402
4,2717
52,9808
3,3669
17,8608
90,5566
21,10165
20,8291
23,2635
2,3057
77,4162
8,9801
1,4263
40,799
34,8683
14,2130
70,141
89,1004
76,1012
96,8136
81,8254
1,1160
32,5127
88,7028
95,4903
42,9724
52,5844
16,6430
30,4982
78,4711
95,2784
23,10085
21,6366
85,3886
49,8704
34,6557
64,6890
3,7495
41,10011
57,2328
78,1396
19,9091
75,54
14,6132
41,4903
13,7816
41,946
94,9840
68,5229
23,9439
47,3745
44,8369
29,1049
85,1834
38,3010
66,9653
81,8196
97,4143
25,9033
34,9328
15,10116
49,9846
32,5612
16,6454
13,2321
91,2598
9,4245
14,6431
34,9731
87,5648
60,1497
3,93
49,3809
63,1102
38,5570
92,1492
2,7094
28,930
59,5853
70,6325
37,3413
3,863
75,8916
86,8141
6,5034
1,5231
20,10128
20,5188
94,3407
93,2985
6,2643
57,10101
26,7386
5,5494
96,8622
77,1674
74,1973
43,1938
13,8963
21,8541
63,394
25,6170
96,2782
74,1389
55,1583
70,8039
89,3669
63,9599
34,8426
27,10177
13,8127
74,3171
85,8749
12,129
44,8717
27,6521
98,355
95,708
7,6524
45,2441
34,4592
50,5897
75,6056
30,1282
58,9854
85,5997
31,2911
41,4758
45,1992
20,10000
12,6061
27,7067
9,7187
25,790
83,4155
92,1463
62,8256
24,8553
49,4049
10,4325
30,133
17,700
37,1192
47,417
46,349
19,6289
78,1459
26,1919
64,4804
24,8227
57,9790
13,9010
85,3471
85,9510
59,1840
85,3484
16,7385
59,1166
18,4402
44,8081
91,7665
42,6059
50,9851
80,6342
57,9150
86,8860
82,1567
72,9758
47,5651
64,8260
39,671
64,1308
41,3117
33,2349
99,10040
17,7153
81,4686
6,6298
1,2996
76,2617
62,6905
44,6636
90,1445
21,7151
81,3911
25,2937
72,6423
33,8324
60,8910
67,6317
88,6919
67,780
20,7694
63,123
79,5834
78,8450
71,9615
55,5069
18,8941
85,7903
73,9226
7,4429
21,9903
47,10111
38,5179
24,7188
52,2379
13,9610
46,2337
34,3072
50,2833
50,4920
38,6754
96,5129
32,7475
59,7977
87,3852
13,5236
40,1334
37,7782
23,6791
86,6103
22,359
76,8033
92,4036
76,1437
71,4145
84,7917
36,5012
39,1374
9,2879
76,5754
99,9734
91,328
53,5703
59,5970
35,1718
93,10092
23,1425
18,3661
77,8001
38,2917
52,8154
88,6128
18,8630
65,2799
7,6567
60,9547
54,598
34,4172
8,9823
18,612
21,7605
30,6907
53,3579
50,1701
39,733
35,820
64,2541
79,767
20,3260
21,634
68,7661
40,8099
25,5584
44,5692
85,5069
4,6672
48,3839
21,3845
88,9907
86,3863
8,5691
41,6271
41,9391
17,1283
38,3456
99,4913
46,414
31,2870
97,7072
43,9237
86,975
61,2431
95,1051
20,7953
98,2540
41,9557
54,4827
34,6441
38,6166
80,6947
70,3224
73,7136
14,2144
24,6980
67,2864
98,8932
84,1925
40,6520
71,1276
57,5181
82,4217
75,7400
6,3759
11,9596
65,2449
46,6912
61,2848
82,471
37,5289
4,8016
17,5912
65,9220
94,9715
9,7282
8,3880
83,6144
58,8093
78,8212
75,9217
56,8844
19,9508
8,9254
37,2664
38,8696
9,8672
37,628
61,589
64,5619
15,5355
57,1592
52,6122
79,8089
91,9822
48,250
53,66
31,6632
8,3902
34,4286
37,6753
82,669
81,7903
32,1035
93,2872
21,925
23,4629
21,7463
61,2318
39,6685
52,8017
71,83
38,3999
1,7639
59,7612
31,3023
13,5661
47,3426
90,2983
70,2746
1,3900
14,5339
41,5218
37,6311
5,520
2,7232
94,6456
17,3197
27,1536
58,2203
2,3445
84,8834
17,9952
86,303
68,466
19,7121
57,417
83,5943
41,3105
11,1781
66,4185
38,8754
8,6390
38,7137
65,8674
76,1563
87,1396
93,7527
30,9082
7,5110
1,2877
19,3838
67,875
77,1344
98,1510
30,1086
43,6967
57,1064
52,4179
36,1118
71,7808
10,5942
96,6648
65,2702
21,6879
85,2991
16,5787
70,3710
94,3356
23,2585
9,3452
28,4339
74,10105
95,3118
12,360
10,4406
70,6214
79,2627
59,5193
77,9779
74,6212
23,9655
33,6511
77,4992
52,7689
44,3680
92,9433
88,9588
25,3260
1,4273
59,8412
28,8281
60,9127
96,1400
69,1259
53,7770
43,6247
73,4126
12,714
90,8024
77,1117
55,8938
20,6484
71,9751
83,1486
54,8918
1,5766
71,3704
26,6350
49,4123
14,4488
85,8677
55,2827
31,4770
44,8243
4,8408
8,993
72,1668
46,9376
75,7455
12,10030
19,6137
61,5826
12,7890
35,253
41,9047
86,809
17,6130
43,5738
55,5208
30,3514
33,8388
71,4134
67,6328
66,3380
4,1051
57,6965
22,966
54,697
22,1255
75,523
55,971
10,2664
48,8302
16,2846
35,9746
18,3872
42,6515
40,1053
51,9957
73,584
57,2412
33,3571
78,5254
68,3889
90,3747
17,9438
73,3607
32,3979
34,5589
7,4944
28,3080
29,3398
26,2761
22,988
48,510
64,9361
79,4890
33,8963
91,3505
95,2244
6,3247
97,5117
67,507
66,3952
20,3687
80,6399
35,9235
1,1142
98,5267
76,6163
27,6753
57,3550
8,6874
47,2821
57,7756
23,7390
1,3753
94,8302
54,7393
22,9200
86,10012
63,9218
12,6943
39,6053
78,6122
42,8940
8,9065
45,3828
46,7830
27,8277
49,5369
18,1989
53,9018
93,654
90,1451
83,7991
55,360
1,4479
14,1408
58,2440
29,7870
9,1085
72,6471
90,2961
94,2224
42,1307
88,3757
40,1558
19,9841
73,5640
93,1114
93,227
79,5797
61,6506
31,8697
9,36
87,9027
84,7530
83,6067
4,6581
7,5781
44,3010
6,1017
83,1866
90,7626
2,5131
60,5533
58,6367
98,1087
72,5626
74,2306
49,9179
16,5753
48,9328
21,5384
99,2626
74,916
77,955
4,1034
52,790
23,9235
2,519
68,9445
82,4666
40,4048
74,8472
58,9716
20,2287
70,9633
18,920
54,450
8,9109
69,5577
25,5564
96,5255
4,1589
76,5022
3,10006
47,7622
15,5790
73,1959
81,9289
35,281
23,1600
24,1691
66,8243
83,3345
85,956
12,5033
87,6256
94,2538
89,2048
95,3727
49,3131
51,5451
82,5610
15,6281
58,1435
50,8210
56,2346
2,1581
55,5741
24,5919
7,8002
59,2281
15,6010
13,908
64,8345
55,1199
38,7218
68,1183
77,2768
19,625
46,4350
94,3192
1,5874
32,1564
45,5617
76,6849
30,9059
57,8227
99,6089
50,5519
32,5534
97,1049
6,6339
51,1162
15,2306
69,4388
17,10129
38,5799
79,420
66,5389
60,6006
9,747
14,5352
73,8341
79,2998
27,9237
19,5546
80,1477
89,10037
28,5483
68,9124
85,6244
46,3905
38,4965
1,4579
94,9263
59,794
46,6684
10,9624
18,7542
35,2374
3,1507
80,1630
5,6092
85,9538
63,5625
94,3567
48,3879
49,9391
95,4326
35,9443
17,3047
60,6963
65,8304
39,4228
83,9131
80,1793
50,5200
41,4702
71,9165
28,7661
58,2863
64,8665
33,2520
10,2630
11,2208
7,2383
99,2725
55,8124
14,6621
88,7432
92,5741
91,1678
53,2050
82,7326
2,9107
65,8999
97,2596
47,9901
14,9955
18,3778
4,2124
60,2363
47,7177
65,3654
28,2842
16,9788
51,639
93,2395
38,9312
66,7571
45,190
87,2567
16,1402
66,1619
50,4764
63,2896
60,888
85,4150
96,6268
15,9664
90,7982
44,7911
64,1597
49,98
63,939
74,888
62,9791
60,1484
51,642
70,5236
17,4328
89,733
6,5986
2,1351
73,241
31,8647
15,1675
72,3317
21,5679
40,8359
78,5227
57,5987
42,1320
48,3721
6,9436
71,6720
29,3000
3,8420
44,172
43,6815
51,7221
40,2746
90,4095
73,415
48,398
1,6269
14,3749
58,567
48,542
32,8435
65,9329
99,1304
22,9758
63,429
20,6552
12,2396
50,1270
79,1017
35,1346
75,8641
95,6835
5,762
35,9165
18,608
60,6799
84,4638
80,9994
21,2024
21,4372
10,8445
69,8778
30,8093
14,2684
2,879
60,8418
95,4771
65,1488
74,1208
41,73
66,1838
28,867
50,6268
65,10167
14,4384
15,1174
91,680
41,5821
40,1043
73,2546
21,9516
49,9875
91,3485
63,7972
67,7784
84,2814
34,2108
85,8940
21,3329
88,1370
11,1912
99,9013
66,4859
64,7453
67,4379
53,1115
62,9946
24,2169
39,8887
37,5735
86,5391
44,3728
52,9823
87,9796
90,7952
78,2166
90,9321
41,6898
15,4492
33,3176
12,3708
90,2019
42,3922
64,2005
59,1340
12,4259
34,9556
67,4420
73,4243
13,1954
9,7395
60,3833
65,8758
93,10195
17,10060
39,2249
90,6026
95,5628
89,4310
44,194
8,6320
94,6350
90,6269
14,9489
1,7250
21,1765
36,7324
61,7823
68,5211
91,3842
9,2369
60,8572
90,2490
7,2220
5,7498
54,5772
88,7409
24,1528
15,2282
89,3583
35,1787
69,4465
27,8550
22,1378
34,1887
78,8345
76,4284
6,2987
68,7641
23,8964
27,2343
48,5217
67,3565
61,4308
89,4492
14,9082
39,1086
26,4143
35,6137
68,5565
91,9844
34,9394
31,4289
9,2726
83,6279
48,7514
71,897
2,7766
29,4033
87,2381
32,6342
50,5247
96,6655
80,1789
9,9662
53,4864
41,8800
72,1773
89,8589
11,8568
37,7543
90,8912
70,1493
22,7609
91,9577
14,3410
16,6504
99,4813
5,5065
70,9779
54,7882
63,255
81,1777
39,9900
17,5940
12,40
63,1028
48,9036
53,3424
28,2302
9,10219
16,2524
57,533
79,327
85,3182
85,266
95,7473
86,1081
53,6850
71,6138
16,9545
76,4053
45,3345
46,4360
17,8933
82,5959
78,6569
78,7103
8,6941
92,1918
62,8687
24,3456
45,3493
5,6499
36,7350
43,2611
20,1677
1,3557
37,1200
51,911
29,6858
8,4471
3,6233
71,6650
79,2396
23,5542
86,4137
25,5958
48,3341
58,983
68,924
45,4076
2,7766
21,9986
74,7351
28,9395
58,8014
78,3124
17,3290
20,8317
7,1960
76,7237
47,6215
48,4119
51,8009
36,7485
67,6096
92,9031
94,6635
18,8093
51,1941
40,1664
47,304
16,10166
93,4429
63,138
96,2728
39,9844
25,7540
8,889
15,8017
23,5417
67,9493
77,1593
20,9818
39,9475
7,8951
3,5319
26,9441
91,2885
52,1036
71,4423
1,9391
29,157
84,383
84,2142
38,8348
51,227
87,4656
19,2651
61,8366
79,2502
95,2753
36,6517
33,4193
74,6003
76,8785
89,7847
98,7792
68,8913
31,1575
71,4817
55,796
50,212
9,2829
14,6122
48,5812
45,1084
18,6576
29,5837
23,9982
38,9435
64,7849
97,4276
99,6316
86,7414
3,2947
42,3071
37,1009
44,4994
84,9649
82,3004
39,914
86,3319
91,2756
57,7862
19,7593
22,5954
26,7113
49,7826
19,8244
97,9533
28,2730
43,8641
65,1172
20,8697
71,10058
58,8947
58,4276
96,5803
57,3688
87,2837
58,3249
76,8250
21,1817
15,10087
37,7690
80,4546
82,4178
30,7789
18,5641
93,9995
83,5871
79,9944
59,8420
92,7791
53,3365
22,7142
27,5145
11,4255
33,4826
97,2208
38,3147
73,4051
32,7932
25,4117
2,8156
20,2766
83,1352
59,9603
14,7360
87,7008
99,5031
22,8757
8,2453
96,4397
63,8181
81,1623
35,441
80,4695
18,7755
94,134
13,1853
81,5967
91,2573
53,7622
14,3700
14,942
95,2340
3,2177
55,3808
80,5294
79,9931
81,5967
41,114
37,6860
19,1154
19,4141
64,1401
83,5439
77,8562
89,5495
6,2005
35,2451
95,3615
96,5964
89,3485
79,10024
86,4251
73,4371
51,3073
66,6620
51,7279
22,6644
57,1422
53,647
35,4982
71,4388
39,314
95,7581
77,8493
93,9963
46,3225
59,3557
89,5110
7,4767
97,3037
64,2973
64,9038
81,794
95,9647
66,7720
53,8474
2,664
41,796
25,8844
62,4844
94,6372
28,6717
7,8367
28,8100
76,3620
93,1380
84,9605
91,3512
13,2562
16,9766
80,8920
12,7230
7,673
90,7051
61,506
49,2341
28,10076
59,8008
74,7832
81,5436
25,6822
41,2458
22,3047
98,10001
41,730
76,2098
73,9739
46,4513
64,49
96,1768
50,1407
74,6515
28,9017
97,413
76,8230
99,4491
57,7401
43,4210
45,5517
10,9829
35,8890
37,7247
79,6140
12,5568
36,97
55,290
99,1554
77,8711
84,8539
50,2266
2,2051
33,3110
50,3389
17,6134
14,5379
83,9093
44,8506
17,6909
83,7308
7,196
37,6958
27,8006
66,3946
39,2895
89,3360
81,1020
10,8251
81,9233
8,6722
22,7843
41,45
43,1494
21,5736
85,1638
80,1492
17,7078
68,4425
59,193
2,4901
63,998
52,5604
63,9121
11,1301
99,1360
74,8151
64,163
36,2120
43,7914
61,8044
99,4103
93,2838
90,2526
38,8844
48,2777
51,132
15,3914
22,1054
32,8720
82,1311
36,4399
18,7475
90,528
81,1335
73,1027
36,10168
7,8932
15,6181
53,156
26,5632
21,1012
72,9501
21,5896
28,5096
54,699
72,4362
85,98
34,9588
27,6263
12,8836
43,2663
77,4792
64,8387
96,3621
84,6202
1,5456
65,784
61,5480
4,379
51,7019
38,3108
58,6611
37,560
72,7577
55,2305
1,4171
56,8040
92,9217
98,7514
12,6651
93,3691
37,2814
2,5696
60,1074
30,6334
82,2858
61,4015
63,7642
91,6641
68,9002
50,2950
1,3719
20,8667
3,6634
65,8404
53,8705
87,2611
37,5648
59,6578
47,6831
76,1550
5,5067
10,4246
7,4703
1,8789
23,8256
78,3371
94,8688
69,2490
44,6206
76,1913
87,6346
42,8089
24,7528
62,1493
9,3476
36,3108
85,997
89,1954
7,1953
26,6534
85,3977
65,6749
65,603
26,1796
41,8441
91,52
76,2154
99,5268
68,8360
48,6992
67,9107
99,7587
66,3803
6,3667
19,4383
50,7621
55,9100
12,1882
15,9907
41,1718
58,338
57,2590
34,1989
74,7213
55,3731
20,3985
9,3734
64,8894
5,7235
5,6299
60,3853
57,7584
29,6992
2,1408
71,1030
87,5082
84,8287
25,4986
90,2556
85,8068
6,6022
66,2140
8,8206
65,7034
90,4802
99,2343
92,1566
38,10026
49,7264
80,9262
64,2455
26,1220
72,8504
56,4677
44,572
34,9440
2,833
45,583
65,159
27,8884
1,3443
95,6820
88,5389
84,2724
19,8156
66,4082
66,2787
58,228
80,5922
22,3669
74,1893
56,3803
58,9475
67,2606
11,4320
37,8050
77,1296
25,8274
22,3035
17,9227
10,8812
92,4690
64,6015
97,6088
15,6137
70,3645
18,3360
96,9813
17,6823
14,4337
52,2589
47,2341
79,4983
5,7907
94,8385
8,6488
67,2345
83,3647
50,1010
29,7643
50,5065
62,2041
60,898
68,7158
22,9006
87,6798
14,3465
51,7035
14,2526
7,7768
77,3483
98,7272
59,8086
87,9735
6,5657
17,2774
56,9180
35,9775
13,393
85,4594
50,4873
79,3710
19,2029
22,5089
68,4471
11,2267
18,8416
63,470
54,5593
44,8717
15,7107
80,954
98,4684
46,4775
11,5914
94,3617
51,3441
54,2946
54,698
31,3940
54,4516
74,4905
78,6061
65,1970
97,1505
99,5646
11,9969
3,6558
80,320
41,1471
51,8866
20,5552
60,9680
74,8807
93,7458
61,3605
58,7172
14,8486
30,9399
20,4259
7,9438
49,1656
42,918
20,5174
89,4715
40,2844
31,2029
64,3350
10,1969
17,3000
68,4767
68,7077
47,7217
35,7241
1,9617
79,5173
28,1967
80,1477
63,6695
81,5937
70,5487
15,9111
85,1318
69,4513
80,1102
81,8169
50,6017
7,9780
51,8597
99,5473
58,7479
36,5809
34,10009
62,8752
45,10184
39,1153
19,2471
18,854
96,5655
48,7046
19,511
3,8283
85,5751
60,7263
49,4779
2,7764
53,8563
84,5008
71,7950
1,8437
62,4601
58,7133
1,4801
39,3804
32,5856
48,2642
64,2593
63,3455
91,4077
65,7326
35,5064
85,3224
72,9715
76,2011
9,4977
89,332
90,8011
93,4633
83,1904
62,6292
27,8129
14,9504
46,8687
7,3573
16,10197
22,6978
44,3095
70,535
92,9921
79,4479
47,5805
44,8233
96,4298
60,5755
11,10026
61,3832
28,5745
70,6171
38,4623
6,5301
18,4524
94,628
33,2179
42,3166
38,2750
76,9904
33,9102
54,3524
16,7131
40,10208
11,1990
41,4645
99,10053
7,7350
93,886
30,2472
4,5867
98,223
93,4413
41,1830
35,8996
36,3125
92,1665
9,5291
83,3885
38,6972
42,4914
67,1873
41,5427
65,8321
93,2748
62,9723
90,6456
43,4075
24,9764
78,1749
92,8307
76,2613
57,9837
99,4245
39,3827
78,6109
97,9484
46,7278
84,6142
6,5103
81,9974
21,8369
46,4723
92,10214
93,4259
38,7293
90,4415
26,6014
73,2495
48,1585
72,2762
32,1390
93,477
31,7718
5,3284
61,6933
68,7993
5,6493
8,4164
19,3436
43,6580
65,9044
67,7203
37,3469
72,3718
41,1724
41,7431
30,2530
53,6920
89,511
61,5021
76,2298
5,671
31,1855
94,7852
9,527
23,3132
37,6716
45,1855
53,4727
90,7251
86,1281
79,7321
72,5505
45,5102
8,3459
67,7194
93,9299
64,268
14,8880
34,8057
96,7672
80,895
63,6351
69,2794
16,7767
38,5557
54,1040
67,5865
86,3357
45,5624
18,7781
51,3667
2,5380
32,6650
35,3134
69,9658
56,8991
13,1153
47,3985
97,3148
43,9914
81,8299
53,7666
59,131
59,9826
26,8052
53,3161
1,8187
10,5653
97,660
67,3257
41,4502
76,4431
83,6529
64,9891
77,4910
46,7860
35,6703
50,10110
21,3824
68,6147
9,7785
90,7431
59,6385
31,8730
7,8807
68,10035
68,4888
93,10119
86,5451
53,8880
67,8692
5,7036
36,6618
3,5190
19,6624
26,5326
50,8719
51,8154
32,1701
44,9681
94,5040
91,4844
27,10115
2,1517
30,3605
34,2726
64,9053
89,4023
19,3744
95,3694
76,7160
56,564
93,1126
24,5570
41,7954
4,7861
5,6701
15,7901
79,9945
68,578
31,7529
62,9925
14,4171
8,9414
36,8684
58,2508
41,3405
82,6675
43,3919
3,1932
76,4636
40,4940
13,4265
98,2954
6,1631
70,1850
91,10172
99,351
65,5217
21,521
49,2458
40,9078
31,1165
87,9432
22,7403
93,5907
39,1612
87,533
64,1326
52,3981
59,8561
71,9642
90,2025
49,7046
88,9452
76,3961
23,629
95,1648
54,4663
13,2941
12,5665
92,8642
6,807
63,3797
85,2546
44,3746
49,7829
98,3879
88,2434
41,3220
61,5492
6,10158
99,6286
12,78
20,3183
39,2855
2,8027
15,5019
86,1118
70,6794
15,1436
50,5391
91,750
45,2630
65,8765
64,1729
7,2983
26,6784
85,5283
97,2927
45,151
34,10181
82,8292
11,5434
25,542
58,5506
57,1245
63,7246
59,8052
36,1934
74,8355
59,3795
79,3518
95,3214
6,1142
16,7965
34,8347
81,4584
68,9947
41,1125
3,4932
57,765
29,7857
70,2100
7,4138
45,1793
87,6215
2,1578
35,6362
10,8925
83,2225
25,5576
54,6520
78,252
2,6310
37,3162
71,528
24,355
42,4880
76,2718
62,3591
55,7277
3,3594
10,7334
64,2316
91,3533
74,6530
81,2857
49,4713
63,1290
28,9540
74,8504
79,6232
27,8688
41,2541
7,2679
54,8921
54,646
93,9018
98,3205
32,8729
16,5773
52,1207
30,7757
34,4110
44,958
52,7551
36,5269
95,2579
68,5015
69,6090
10,8108
2,7683
40,6049
87,4942
34,7931
69,9537
35,8330
86,2213
28,606
57,10154
91,2210
64,6444
76,193
47,8389
7,9535
75,8348
97,4899
22,4451
8,6340
56,8683
17,7185
23,1276
38,5046
65,8670
85,9125
52,9407
67,4429
80,4820
81,1256
66,1659
14,1099
45,9777
4,8021
17,7987
62,9512
67,3991
16,2666
1,7032
18,5685
63,5524
23,2431
31,8631
62,2678
58,8331
5,6537
50,9463
33,10065
35,5555
10,10112
2,8761
83,909
38,8805
13,4194
77,9306
57,1347
66,2291
68,4874
21,7849
75,2249
3,2238
41,9038
70,6482
24,9140
28,448
61,2728
88,1090
10,2813
59,8368
87,935
95,5871
59,9674
81,8361
4,9053
62,5504
44,9476
44,9026
1,9431
82,4922
57,5509
18,855
96,654
65,8945
20,6469
71,1258
69,8311
51,9743
92,7062
62,4046
62,3398
18,475
79,5111
91,4347
88,9519
42,5847
7,9538
9,8125
88,4479
63,5679
42,734
86,5029
1,1501
69,8596
38,981
27,8323
79,2997
43,9143
33,2373
56,3707
44,7655
36,8635
22,5323
23,71
68,1581
22,8743
80,3604
24,3034
95,9022
46,378
60,2831
88,637
73,9852
64,4527
64,9984
80,1331
61,9652
70,9078
96,6390
12,5429
48,360
31,3037
16,871
93,1875
61,4203
46,5190
43,4637
71,6713
31,539
69,5798
84,3606
12,6765
44,7316
43,1840
43,248
52,9541
80,5125
54,5152
43,3951
97,1507
36,3862
19,889
26,6405
13,6727
11,4582
78,5369
55,9733
68,7497
83,9042
2,7587
61,109
75,3069
72,1887
26,6109
42,76
39,9490
30,619
52,9143
21,4801
6,8317
93,2459
40,9728
11,736
86,9423
37,8530
48,5092
86,2941
28,9803
86,1145
51,5669
10,9368
23,8190
98,3561
1,6194
92,6142
12,4222
73,51
47,7085
73,3159
77,4724
66,4015
7,1605
37,6423
43,3622
85,3902
72,928
93,1079
84,3959
29,1126
73,1132
74,4217
4,5628
20,2244
17,764
94,9783
77,5442
32,5338
37,7994
54,1882
27,6916
82,151
60,8218
59,4885
91,3965
58,8583
22,4451
49,8748
52,7466
47,1522
29,5135
80,7682
51,7557
25,6218
29,209
72,729
75,212
29,9604
43,1498
58,8765
32,334
1,1932
50,1392
22,1758
57,6134
27,6237
55,3202
82,5233
61,3285
81,2468
41,4379
26,4437
98,2032
44,2991
62,9209
81,4205
59,1108
55,4784
37,2169
29,2023
84,6413
20,601
69,7802
61,281
74,6177
89,7080
80,3109
66,4642
51,5109
3,8718
70,1298
2,2443
48,4211
18,1185
66,9576
89,4268
94,202
55,7843
10,5762
9,2576
7,9610
81,9318
24,3969
54,6993
11,3226
54,4787
19,6768
98,149
56,6524
29,3694
87,7890
13,9118
88,2697
8,5575
14,618
83,5894
10,6794
57,6249
19,6047
95,1111
18,3188
65,7497
29,530
43,9612
14,3531
84,1145
93,5924
86,5170
85,8897
3,8429
50,1569
77,9279
34,558
1,9928
61,7331
81,6322
24,7669
10,8671
15,2521
76,3106
3,7728
13,2323
66,9075
25,8514
52,10244
68,6764
81,7477
80,7855
37,6137
98,5262
61,4735
68,2516
75,5345
84,2538
98,3162
30,7727
49,8208
89,4130
91,4428
14,5032
93,3738
45,1674
66,3159
71,5219
76,6710
85,992
89,10041
86,1836
23,913
6,8621
21,3732
47,8851
85,317
62,3351
20,9672
2,10246
30,6331
5,652
40,5701
97,6994
66,5734
27,1823
54,4086
91,2082
22,2649
70,6600
53,352
19,1382
76,367
90,8678
71,1473
22,3175
29,2156
60,4218
56,9525
10,4087
55,4111
4,3167
32,9891
31,5126
30,4400
19,5145
66,6738
97,6980
91,6698
83,7530
71,4144
24,2679
25,1182
61,1069
62,7296
93,6065
22,3600
38,1888
12,4725
19,7805
66,3925
19,7556
99,8607
70,9770
16,4630
13,7822
62,8529
39,209
23,4559
10,2255
57,9576
67,4638
76,7252
94,6203
99,9136
18,3083
79,8236
22,5576
9,1150
48,2055
26,9692
92,7658
3,4193
69,6907
27,9192
63,8565
17,562
20,8629
70,4792
12,6399
34,9316
16,2001
58,7055
67,7505
3,4646
38,5289
87,4467
10,757
36,338
36,8705
69,7077
43,4703
11,7836
73,6185
10,6876
61,6889
21,7441
4,6125
75,6230
39,3612
33,6647
99,2001
82,5896
31,5091
68,9571
30,2138
86,9842
58,6777
95,9843
33,3400
96,5842
22,4297
64,39
2,8265
10,6012
11,2168
44,1789
32,7655
73,9046
86,2173
96,4128
42,6879
25,2558
87,1916
54,5142
12,3089
30,2045
14,9378
33,8516
56,8284
17,5310
65,1594
6,36
93,8197
41,3660
7,6186
26,4381
96,3930
16,7505
18,6926
74,1544
80,1302
69,2036
74,9913
55,5290
51,6382
49,3347
65,6546
49,1096
90,7105
45,1087
48,249
8,3594
76,5976
5,8761
12,9368
15,7160
99,4415
62,9158
82,3892
76,10000
90,3249
57,4290
17,561
83,6270
70,6749
87,5158
39,4025
91,2972
70,1699
7,5441
3,1693
53,6454
77,8566
77,7527
13,6510
67,3159
74,5658
30,5932
26,4039
4,6304
84,4436
82,5007
60,7770
17,953
61,6471
52,4339
26,6146
70,9626
32,5994
24,9462
28,6744
90,5919
97,6009
78,675
67,7965
51,3479
77,9804
20,9843
76,9601
5,6296
82,6954
52,5919
70,7149
6,6800
29,4045
74,5964
9,480
30,3577
30,4903
2,4571
54,2455
70,375
10,4226
2,5046
65,5529
98,3218
48,6668
34,2079
13,6000
43,1427
34,6260
19,1767
5,6267
89,3819
99,6202
74,7150
12,9225
14,2246
78,2089
9,6475
60,646
32,1043
83,4949
93,3314
67,2968
80,5119
32,1578
91,6691
31,4736
91,2452
52,9478
48,6673
80,7752
69,3966
22,4645
72,9406
20,5193
3,8999
36,3665
78,2811
10,7356
17,3735
79,1893
44,265
18,8014
50,6851
32,9728
96,7546
53,1246
23,2888
78,9052
73,1578
53,7539
39,2203
11,5653
91,6727
86,2185
90,6073
46,6060
28,797
40,4845
41,9101
39,1124
9,3920
75,1254
94,9442
98,1932
94,4244
90,9427
97,5453
34,9920
19,6233
40,3450
8,6813
72,7576
40,9796
47,8058
76,4533
38,2518
29,9099
28,2025
4,5286
65,3632
18,3015
1,4131
72,5283
80,4859
65,1105
73,5493
94,982
90,6125
26,523
45,3937
82,5913
65,5017
24,5665
48,4479
97,2027
90,9532
8,4302
17,6629
98,3053
47,6032
99,2023
3,9158
79,987
35,9980
62,4463
84,7162
92,6609
76,2532
85,6849
53,7197
93,324
4,4337
20,10186
38,5623
97,2807
32,3957
19,841
81,8653
72,4440
11,7990
32,6137
31,2822
35,7314
12,4613
2,7513
66,943
45,569
65,1047
56,7100
26,9840
42,3006
78,3099
87,2303
34,9494
68,1441
95,8422
65,6222
9,5398
68,1176
71,6875
52,2108
4,1269
42,7920
64,3974
20,684
13,9271
42,5542
11,669
66,10105
30,4796
52,6643
21,578
76,9182
33,3435
31,9289
70,2201
2,9039
82,3980
18,4280
28,9595
99,8221
26,2485
14,1562
91,1245
87,8884
43,7645
60,7652
49,1246
2,1654
81,3190
52,3923
34,28
85,7242
55,1535
33,6873
13,2422
8,4122
29,3246
69,7997
12,2772
59,1178
73,5081
55,6258
18,7435
58,2665
62,571
9,6091
38,1745
75,2669
57,8783
61,4381
53,1282
7,5635
97,890
12,4361
31,302
63,4488
80,5055
60,8989
84,3619
13,7772
64,7549
98,1126
65,7264
24,7956
62,8979
81,153
1,8913
65,4835
55,8254
71,2403
5,1924
77,6346
39,664
5,7490
6,9607
22,9097
27,544
15,1967
19,9145
36,7134
55,6165
77,763
91,8848
58,89
83,8448
67,698
14,7544
40,7292
39,5132
80,3743
5,8616
86,5040
50,9667
98,9262
95,6920
89,2875
25,7695
46,7501
85,5858
96,10027
22,9763
55,3978
73,5565
5,6448
15,1697
46,2990
40,8157
52,2420
10,10191
54,4427
47,6074
38,4019
2,7098
78,2067
87,9871
29,4821
17,4705
91,2789
31,7083
25,9167
20,7300
3,9509
46,3783
94,2831
50,2357
59,8688
63,8818
46,9866
14,8864
77,10066
45,88
18,625
43,10115
4,2113
93,5769
1,9758
51,7153
85,8009
46,9806
5,3465
78,9965
12,2114
66,2551
69,5691
75,9160
88,9921
38,2499
83,8636
37,1001
99,8407
33,8226
85,1885
56,5640
44,3605
20,6981
49,7057
10,3215
13,8937
99,8599
71,6610
64,998
56,690
80,6460
6,3667
99,8771
53,8062
15,7658
88,4687
11,6019
3,8054
39,111
26,2996
36,2190
98,1068
59,9744
35,3552
48,4201
66,4834
22,1966
25,1478
81,4831
31,6994
88,4814
56,1730
5,6499
26,2190
9,1978
82,511
51,1248
84,5033
74,1788
99,2365
2,3854
65,7206
31,3528
17,5872
96,8184
23,2024
34,58
8,1745
76,6701
34,9147
48,4495
96,2322
44,1686
46,1376
26,6699
56,970
88,8080
45,5631
8,523
46,2097
23,4619
60,6982
81,4582
66,5700
29,2731
78,2248
29,17
39,5407
1,9595
10,10151
11,4777
2,5240
87,3246
10,1056
50,8023
76,1971
24,2815
95,8154
3,2242
91,1309
70,9873
64,5178
12,7760
94,9705
95,7816
45,9803
91,1370
92,1631
59,8626
5,3961
50,4994
9,964
85,2294
62,4973
22,10093
95,1148
91,1331
60,6240
2,1228
68,8855
32,7183
68,4184
74,383
5,8323
13,8167
35,1421
29,7520
97,6305
79,4758
27,1670
67,1623
65,3923
79,8505
45,3704
59,2477
83,3143
60,7968
19,2363
51,9280
16,8098
23,1502
90,5071
17,7404
96,6633
38,7012
26,8095
74,10075
78,2583
88,1557
39,4846
48,983
53,7133
39,7606
46,6343
89,762
14,7030
36,3423
57,660
56,7823
16,3864
65,9859
50,5480
84,6652
34,8977
39,2525
42,2907
64,327
32,4403
87,3441
14,1002
10,4017
26,2909
5,3181
1,3064
59,6836
93,477
66,786
62,5585
20,7012
63,7299
2,3585
96,1509
54,4468
90,3982
23,5832
54,2334
97,8106
50,8415
52,1898
50,5930
38,3233
55,8985
2,3974
35,3450
18,731
19,9476
26,3164
39,8373
65,784
34,3394
82,3456
13,5469
56,7255
44,4835
32,7308
54,7125
23,8793
85,4202
19,717
95,1860
54,33
81,9286
61,437
12,3704
9,4500
20,2729
10,5276
76,5965
75,2164
21,1363
35,7934
41,4736
50,1304
2,6544
24,3415
4,8594
72,4535
75,3143
68,7070
57,9107
28,9379
90,7537
83,695
57,7484
53,9750
88,2116
49,7488
57,9852
33,8283
54,1316
69,3680
93,5319
79,8342
76,2722
65,6691
6,7720
3,6165
39,4431
31,8863
46,7786
66,6739
10,7693
31,2691
33,9814
53,8215
91,2306
49,9496
8,2934
2,4321
39,2486
24,6347
66,4322
69,1860
15,5228
8,10059
73,5227
91,1720
84,6342
43,6847
58,8051
76,9528
26,9682
2,452
12,7244
11,8931
75,4032
58,2815
20,102
50,1771
3,6136
70,8845
3,5288
43,1424
49,8374
65,178
28,9080
20,9736
77,218
27,3417
18,9220
82,6378
89,7097
23,4273
54,2764
66,9589
94,3796
8,4623
27,2539
46,115
89,2544
3,4221
32,2348
90,5026
77,2218
36,1651
10,3626
28,6705
98,333
22,5697
92,9175
32,9704
90,9451
76,4822
75,10235
6,7599
14,386
24,9365
51,1295
29,8692
45,2702
39,6109
31,6410
63,6258
42,750
30,9363
17,6013
16,5109
86,9825
43,4199
28,9592
71,4775
99,4451
65,1840
37,8336
61,9246
85,5001
23,2007
33,3191
23,4254
11,6364
49,158
42,4014
74,6112
74,2732
50,1485
77,4771
9,6765
72,7433
49,3719
35,1234
92,4063
62,4810
88,2299
74,9482
35,7491
50,9086
58,8514
72,2348
63,761
70,5878
18,4233
54,1899
83,7767
86,3703
18,8653
20,8908
40,5873
13,7483
52,9353
60,7446
23,1511
67,681
66,3620
69,2893
18,3778
40,5841
9,4146
93,5982
38,5625
61,7855
22,2615
75,3973
88,329
67,4874
54,2083
69,8941
38,500
95,597
87,4300
98,7026
51,5684
49,6955
28,4027
76,6289
76,9829
75,4897
53,2145
8,5312
71,276
72,1382
93,1364
6,5639
12,10174
57,2030
69,1703
27,4077
19,9303
8,7268
54,4120
41,4349
10,9037
85,2715
56,1192
31,583
96,9250
8,9623
29,6698
25,6128
32,1777
89,9514
64,3629
39,1231
81,2849
7,4186
20,4950
9,7343
55,3095
66,9468
93,4518
34,1166
87,2959
44,9630
95,8428
76,6280
86,2137
86,343
52,5246
97,1324
31,2532
26,5971
98,7263
99,2519
84,1702
44,1678
35,8872
25,4689
36,1563
11,2054
53,9124
8,4736
46,9473
46,6184
35,4563
71,4439
60,293
20,4728
49,7238
66,7643
21,6501
11,2558
73,105
97,7163
45,5455
42,2775
15,8636
99,4845
53,2390
21,524
21,9684
59,8540
32,2507
26,767
23,5526
57,1289
34,9250
45,8580
62,6534
36,8649
28,1945
10,8441
41,9332
75,9978
2,917
18,5322
10,4427
28,8844
29,5039
14,8796
99,2389
3,8038
52,2003
34,4443
46,3003
22,3835
24,9377
72,7105
56,5177
92,4423
75,9355
35,3427
39,6191
10,2516
94,5664
98,9273
16,4074
49,8505
67,4387
44,2044
88,1766
11,6865
1,8495
44,903
46,2480
73,2304
23,7049
33,8002
22,2561
17,3074
1,751
37,6387
43,437
77,4951
38,2886
77,6884
98,3377
52,376
46,5326
30,6805
27,5841
44,2445
3,9891
5,558
24,5250
84,6324
17,7487
3,542
52,6273
98,2370
81,6518
66,4786
9,9940
17,9365
58,5916
12,4980
95,1614
35,3885
59,1093
37,4555
67,4504
14,2076
33,1098
72,1900
76,1915
32,8675
28,7364
41,3292
97,10038
34,8885
12,6417
65,1374
13,4394
57,2416
64,3319
53,3895
78,932
66,811
2,3475
47,2351
94,6171
62,2881
53,3696
6,5917
55,5404
34,2543
65,2791
29,5997
45,6606
7,2087
85,9994
35,4502
63,8360
37,2597
64,7534
27,8429
64,7229
59,3574
83,4290
3,4977
87,10117
8,1919
37,8482
5,6301
22,9203
2,372
86,104
90,8891
82,9576
67,6555
89,2496
27,4979
9,8729
77,7691
63,929
53,3258
59,9908
52,9414
99,7955
85,5433
2,4634
21,2391
56,9942
88,1255
31,9719
72,9933
25,1966
48,3565
35,1038
37,5071
5,2406
71,2865
91,1052
92,4387
42,8685
41,4881
80,9634
82,9331
65,8059
59,6294
98,9210
18,2520
2,2221
86,7080
9,7333
66,9274
10,10205
75,10078
53,8257
5,4891
75,9274
90,5000
78,3943
56,26
15,537
51,2019
14,5362
98,5843
87,7185
34,2919
2,3924
72,4561
98,7167
84,1709
29,8102
4,7552
79,816
11,8167
42,2490
69,6938
72,4859
63,7288
2,1889
30,82
13,234
64,7246
63,4145
21,5888
92,2773
51,6831
38,71
29,787
19,228
61,5058
71,4842
18,10032
11,3422
47,9748
77,6261
89,9686
95,241
29,5376
96,9919
65,8748
53,8109
59,2629
77,8381
24,4258
86,2684
1,1360
55,8866
70,3304
29,8393
80,3302
61,6995
98,6097
34,5267
77,5456
5,3159
77,6816
84,10099
79,9422
54,835
69,3378
43,5005
36,2843
54,6609
49,8470
66,9792
84,49
21,6995
33,6832
62,2116
29,2267
10,6501
12,8950
1,9437
68,57
12,2897
46,7129
12,5806
14,1169
7,9213
23,3598
3,1670
17,6478
98,5774
98,1233
44,3697
23,1181
4,9406
80,6881
4,9771
75,5408
12,3110
37,9947
81,849
28,943
92,8659
48,9587
59,969
34,5239
66,1716
22,7466
79,5456
23,7566
89,3272
33,9716
33,6973
39,5287
64,3482
17,2845
82,10141
23,3094
83,4225
18,4234
86,1570
47,162
54,948
83,8950
83,8620
58,2961
1,2191
20,2546
63,8122
89,654
85,9981
85,2240
65,5291
1,9178
65,8254
8,7961
7,724
98,959
24,1458
20,4840
55,9428
32,5804
22,10024
8,1681
3,2840
49,2890
84,9514
38,3748
71,4212
18,5332
37,1908
44,2894
60,8570
22,322
85,3883
83,9918
8,7202
41,8406
61,663
28,973
72,4776
69,4545
76,2777
64,8314
54,1797
74,1724
12,5480
37,8384
10,1563
76,10198
9,2464
71,6464
61,7169
89,6511
71,582
61,10213
65,2495
39,2980
53,4701
34,9610
46,636
34,5128
50,7366
71,1268
7,8937
56,6646
34,10245
6,9307
45,2200
87,3991
15,348
45,4085
64,602
49,9234
60,3943
20,4134
22,4804
90,4884
40,1602
38,2301
73,3305
9,1393
11,3998
97,581
91,2152
79,9160
96,1385
92,2073
4,9894
27,5634
84,9663
22,7029
8,4965
30,1687
5,2625
33,2250
6,6612
98,9611
13,6525
40,2485
86,5933
58,3483
58,9592
97,3304
40,6252
8,1766
12,314
82,7466
20,3180
68,6506
53,8728
87,8374
60,2029
72,1548
26,4013
87,2109
40,9652
90,4445
40,4683
77,1866
16,2905
45,9908
88,119
43,48
45,8823
39,193
33,6680
61,6829
59,7705
25,2204
74,8035
61,478
73,4916
67,9996
61,9324
9,2375
21,5660
60,1848
31,7224
30,9242
80,4097
5,10072
43,143
16,5352
78,3380
81,3122
51,5174
25,4242
61,3927
33,5442
71,3247
60,8713
67,6352
41,6407
92,795
68,2091
96,8280
30,141
39,8012
95,3616
27,2348
87,1968
10,8594
93,2267
73,3295
67,9627
25,3215
17,4348
5,5012
70,3632
28,9488
93,8165
34,773
93,2345
51,1464
37,648
6,6883
63,7566
25,10217
66,6531
11,2787
95,3173
67,602
64,3499
84,5926
9,6494
63,10132
62,7320
55,703
23,2356
82,579
15,7590
92,7218
49,4781
57,7939
17,8662
59,809
18,6227
53,1490
45,6483
79,5572
57,6903
86,5858
44,3010
49,5996
99,3365
9,4780
91,4543
82,9960
80,7347
83,8489
73,1672
33,5252
30,4900
40,7190
51,5578
69,8681
18,8501
57,3997
89,6971
46,2964
6,7508
60,8010
26,9732
67,1022
45,24
40,625
72,6421
40,8213
83,8125
24,862
54,7828
45,4204
49,108
73,8731
50,9175
65,2406
72,5800
96,7925
20,8533
94,4736
28,6330
75,2862
52,5815
29,10125
49,7381
62,833
96,6121
65,3756
89,7117
16,7540
27,5854
64,419
38,9830
65,9131
9,89
36,10210
2,5583
21,7166
29,2305
87,6476
36,4459
93,9466
61,9108
39,5093
34,7527
59,328
59,2358
62,1371
55,8887
17,8110
59,2697
81,8620
3,4192
70,757
96,4761
4,3654
90,2123
38,6292
80,7237
56,7898
55,8907
27,2209
60,5339
31,4142
44,990
56,4050
9,9363
30,5190
2,7153
57,6774
78,1460
38,3173
64,7960
11,5792
52,2918
57,7078
30,5552
79,462
32,8684
75,7604
2,8050
94,8534
81,8955
46,1182
2,10040
78,1814
26,1690
8,7179
12,4517
18,9496
88,4837
78,6013
35,504
92,3815
48,6973
43,2778
38,1705
86,7706
55,5969
23,50
23,10204
10,8912
47,807
74,4917
80,3845
93,7189
54,3904
6,773
26,6636
33,7970
90,9734
42,98
91,7342
76,2044
75,3619
52,4035
84,2876
76,10181
9,6803
49,1447
47,8039
22,8103
4,6303
56,4338
40,6644
49,9465
8,8058
89,2966
48,5330
34,5031
58,4349
68,8537
23,3846
93,3998
87,6679
65,1877
75,115
22,8665
9,2141
17,9223
24,9214
13,7467
44,5949
5,5919
43,8321
83,2933
34,7827
37,196
88,9220
5,4224
96,2971
15,2357
5,6900
9,325
21,6664
55,8648
50,9411
18,4985
89,8432
19,7679
96,9947
21,3772
75,1558
32,2236
15,1707
18,6968
23,3957
28,2476
79,6517
36,38
43,4230
29,8239
56,6079
37,5870
47,7204
53,7886
63,3206
51,741
71,5664
27,665
43,2011
70,1235
78,5659
22,7208
13,4913
42,7365
34,8286
80,6519
28,7390
66,5779
77,3993
56,3016
53,7005
50,658
12,6577
22,1182
40,1191
3,6082
44,3594
63,5005
13,8579
22,1000
87,3027
8,7441
58,8671
36,8156
96,565
69,7384
36,7141
41,9991
51,2606
55,5472
74,9885
27,6834
6,898
99,2740
60,6016
16,7777
2,8785
49,8999
29,819
2,6834
22,5985
82,5896
4,675
34,1896
17,2680
79,5329
82,10080
88,1518
37,528
17,7370
62,9058
43,3951
27,1729
94,1197
80,7955
8,6757
96,6804
8,6564
72,3913
88,7301
96,7132
79,4292
81,5928
34,9289
17,1965
96,7653
23,8033
18,3601
36,960
94,8271
51,514
57,5048
42,9654
84,3353
59,4050
21,6914
55,1379
67,5829
91,3517
32,10139
3,4063
65,4641
73,3325
33,5336
95,3731
58,5419
37,220
9,1747
60,9790
3,8716
46,8858
11,7565
1,1631
82,1253
39,1564
74,1043
10,3450
42,5212
48,5125
13,8412
62,327
49,6375
2,9895
30,4070
32,7938
92,6947
71,2655
9,9359
65,7970
35,6902
19,785
81,9320
49,5309
14,9030
30,4770
38,7788
44,2192
73,7357
2,7936
33,6901
47,3322
52,4352
80,3288
85,6408
57,4817
59,2711
94,3647
18,2594
6,3108
11,8346
39,181
10,9287
98,3408
14,7217
54,6714
84,2327
53,8570
51,3614
40,5434
49,9910
82,2034
10,2292
2,4358
77,9329
67,9143
98,8663
86,4327
69,3949
3,5605
18,7694
12,8641
74,7175
20,9814
98,1269
28,6819
28,9305
63,9598
61,3305
83,5641
12,1346
68,659
88,3980
81,7227
80,3685
27,6607
75,3003
94,4002
43,2068
76,9862
74,6952
82,4734
70,3267
41,9958
82,3345
36,6323
87,8065
33,7058
8,4391
92,2905
24,937
47,8359
50,3650
30,4120
11,4113
7,3287
57,9376
29,15
90,1666
83,9545
93,1054
24,9692
27,8044
41,2113
45,4983
92,6039
77,7575
63,6708
17,757
80,6344
59,1585
13,3685
6,7118
19,9692
1,475
47,6896
7,6847
67,8655
23,2143
10,1780
93,8536
90,7471
1,9389
4,2371
84,2481
72,8116
25,8351
32,6389
27,2970
54,5657
8,6124
9,8257
21,8178
17,9842
97,884
56,4601
15,4515
44,9897
60,2311
11,5437
29,5754
43,9581
24,751
58,5863
78,9290
54,1895
30,9492
88,9786
46,54
29,1119
12,2750
80,2435
35,7971
63,2122
16,4346
49,5338
34,7691
21,2350
68,656
94,4267
54,8110
70,2628
21,4306
23,3612
59,6024
16,1382
3,2103
50,5070
43,138
82,6749
74,6561
48,7045
52,10161
55,3848
88,8976
14,9475
15,4874
91,9455
9,10172
75,3892
53,7867
72,7464
7,9272
51,8563
33,325
11,3156
22,9210
80,435
50,856
30,7415
68,2741
10,7562
27,2928
43,518
53,2829
10,5326
86,3007
52,5469
6,3383
75,20
30,5837
74,3240
77,9627
16,8165
14,3513
93,2031
49,4976
31,5109
42,9370
95,3631
89,8468
88,9309
97,1134
48,3975
75,9354
2,4571
70,3560
17,1491
11,8220
43,2404
33,4162
34,1045
35,7167
29,4485
58,9022
97,5462
16,1053
52,996
18,1666
75,1967
94,9355
40,4674
18,4909
75,1569
91,6400
92,4021
8,6897
56,4085
77,6158
27,6247
54,9100
39,6843
54,361
41,10244
76,8735
79,1168
84,3049
59,7554
62,1595
64,4873
72,5142
84,5887
77,9260
53,1334
23,441
60,8668
5,1586
91,9727
80,8580
20,2104
44,419
21,404
33,9459
17,4604
60,2868
64,5096
32,1610
7,1694
9,1150
88,4465
25,10070
2,3776
97,1469
74,5049
71,2383
89,5551
41,204
4,9499
85,8572
90,1026
47,4376
15,7752
14,1769
15,10187
94,6079
21,7562
78,4215
87,9407
59,7769
2,6788
98,5196
97,8110
27,5977
39,517
1,2231
92,8635
85,8443
50,292
29,6609
17,8545
5,9541
4,414
14,2530
12,1455
45,3731
27,6184
97,6527
39,3708
35,6574
49,1274
38,5174
79,6057
24,8598
90,5262
19,1804
34,9678
87,7951
76,8519
85,1307
69,4299
21,6997
91,5049
73,2551
3,10211
19,5968
89,9717
56,6034
32,2888
75,5254
66,7293
18,2916
91,9792
5,1392
22,2130
18,9216
86,2591
95,3298
13,1078
76,2294
77,5703
10,2415
18,8682
26,2684
39,5315
4,4975
59,8672
75,9002
24,4708
84,8908
54,1661
70,5214
89,1590
2,9917
21,5661
28,7253
54,5087
36,7701
98,2985
63,2041
58,7084
68,8896
42,5951
67,3376
23,9763
26,8134
99,949
76,9103
84,9049
34,8430
40,956
77,6831
11,4591
36,3322
55,9196
70,9187
23,3040
49,3633
44,2799
88,56
76,3017
99,4116
24,5940
69,2213
56,2134
36,5236
92,9920
3,4821
74,6774
56,2201
91,7066
69,3888
24,9286
12,7460
62,9527
93,4326
36,1510
76,1446
57,288
34,419
83,9761
47,6821
46,1275
64,3255
97,1422
30,7245
96,2183
39,2061
5,9237
77,7671
66,2300
84,5961
77,9395
4,4000
54,1351
79,4649
63,2610
30,9074
44,6300
98,7786
94,6916
50,6519
3,3858
12,3086
90,9297
72,4788
67,1013
76,5506
88,5438
44,766
32,4016
4,1685
22,6769
46,970
29,7009
92,9201
35,9820
41,3072
23,6135
76,2232
7,7181
54,2925
4,7149
12,7212
79,7461
17,9028
5,3065
62,927
29,2755
57,3167
58,435
99,1422
47,7452
5,605
47,10232
9,4641
88,5562
41,4365
31,2190
69,8964
57,7374
66,7814
49,1669
34,1864
81,1144
65,4311
14,1652
55,7674
95,3606
18,7950
7,8371
30,9784
35,1180
48,4063
34,757
67,916
32,5889
39,6440
49,5649
38,3832
92,9017
52,2020
71,321
84,419
2,1573
48,5902
74,5593
57,8458
57,7815
15,8068
30,2052
10,7037
65,4734
71,493
33,7797
33,1773
10,338
25,9679
19,1036
54,247
7,891
36,5079
69,3296
24,3570
22,1493
8,2736
21,2645
78,3908
83,3413
78,4721
15,5502
13,5022
4,6704
29,9975
34,7286
33,5563
10,7469
74,2327
77,1435
84,4359
23,149
95,196
26,6847
19,1959
88,4931
58,3921
84,9429
14,2795
2,1910
20,1367
6,3229
86,9856
10,3035
69,2247
44,3111
88,7646
34,4573
80,3545
81,8734
75,3452
26,2965
26,6336
31,8427
90,5316
12,5045
27,8526
91,5955
83,3150
12,4413
17,2413
2,2054
11,2343
97,1082
93,4806
49,8191
77,8940
54,10047
31,1173
1,1307
40,2478
88,9318
59,3698
81,5562
32,6663
59,3131
71,7647
31,9735
18,7993
44,10153
17,1329
65,7038
1,3212
84,8614
91,4614
44,7928
48,8938
8,3045
44,2602
69,1198
18,6104
44,1975
7,8400
78,7603
79,78
39,138
61,6028
73,5072
91,180
50,629
97,546
4,5167
80,9764
45,3878
38,9413
3,8838
8,2575
70,3971
85,5458
13,2943
4,8933
17,8499
57,4199
24,6672
8,2121
64,2740
9,9206
58,9845
12,2783
16,6886
83,3537
42,9380
27,1563
24,7832
90,530
37,5416
81,8989
9,8587
81,8706
55,6346
68,2444
13,9803
27,1864
95,3034
51,9098
71,7101
44,3887
45,6707
63,731
43,5315
58,9043
16,8089
96,4508
1,7339
48,4047
52,3170
93,2590
70,879
59,9216
15,4716
20,8145
75,3986
84,7465
26,2131
40,6968
87,5091
44,1080
53,4291
75,10211
59,1209
62,6925
27,5402
11,3790
89,2056
12,6959
74,5627
71,4325
96,896
38,7712
96,8796
8,3682
98,2989
34,6147
58,108
62,8503
46,8023
61,4987
55,8241
73,7740
55,8243
54,8273
71,3775
58,5816
8,7096
79,6564
95,5682
87,941
51,8413
83,5874
86,1673
1,1629
26,1772
47,8150
74,8052
40,2422
19,3966
9,7084
4,7810
49,10043
90,1171
46,4076
67,9933
69,4219
48,7443
29,9865
48,3508
70,5126
7,3110
22,6488
20,2182
31,4677
93,1797
55,1389
28,146
68,10105
81,2155
10,7086
37,2901
24,3169
2,6159
65,7910
86,8605
52,6862
18,5527
77,6602
67,7768
75,2794
34,5373
66,5200
87,751
13,1185
23,1126
15,4956
98,6790
58,5301
61,8934
88,3454
95,507
87,9256
60,2061
90,5367
71,9037
87,6046
83,10126
72,5472
99,6657
71,290
87,5007
93,6356
33,1796
6,7337
37,7754
15,5957
79,976
96,2508
62,9256
30,8295
93,8214
84,9023
91,3252
92,1068
24,4953
39,1100
85,7045
19,3726
7,5485
3,5250
88,6942
90,5312
82,3505
35,2307
89,9742
12,6990
80,10133
46,2872
39,9519
9,6171
87,5665
75,3649
43,8454
65,3808
58,6573
63,5213
80,5910
67,7429
3,2344
2,2153
1,7204
1,2933
29,3375
75,6520
13,1649
93,1023
69,1537
7,5564
85,7543
44,4685
3,8410
63,6981
71,1963
20,402
42,8952
78,5865
96,213
3,4236
94,6976
95,4744
9,6353
72,5924
72,7642
99,1957
95,6956
16,4348
81,3090
19,5784
9,7037
33,8874
19,9521
21,7074
59,261
87,7194
49,1691
88,5859
14,2938
1,1443
42,8690
18,1307
76,3502
18,3738
68,5716
17,6304
31,5593
59,5602
92,2863
29,3663
8,703
27,9169
62,786
40,7941
57,640
61,2543
74,1763
62,7520
56,8757
46,7105
87,5009
73,7475
85,1334
13,7972
11,5624
64,3112
38,6956
56,9169
68,3680
73,5788
85,9022
86,7747
44,34
17,6776
28,4143
39,8717
5,1637
1,6442
11,4564
34,3274
34,1216
25,3282
21,7016
15,9984
40,3894
92,1016
77,10182
57,1179
16,2753
14,9037
79,2886
22,4951
75,813
74,5040
20,9943
33,5599
20,9033
84,6795
31,4386
95,9801
37,3969
71,6331
42,6627
74,4255
2,2845
40,5500
7,3032
77,8515
33,8044
20,6091
25,336
1,5061
5,6137
52,9600
65,2916
28,7474
61,3663
2,1412
96,6196
99,1606
54,1653
61,6480
77,7213
91,8774
86,8997
8,6291
10,7405
41,824
89,9060
4,3189
17,10206
72,3599
27,7479
18,8107
8,7504
51,1337
84,8066
2,6921
20,6292
69,6780
16,3905
49,4149
13,6184
76,9884
58,2335
35,5477
55,4261
29,7915
40,1733
89,3106
64,9330
89,2534
42,9033
1,889
61,1167
49,8286
35,6080
26,3999
38,7326
24,8308
50,6523
80,8639
15,9646
45,1321
15,3388
86,7348
79,2372
10,3309
55,2764
61,6110
5,1626
3,1341
29,5168
16,31
34,4097
68,5312
95,3711
85,246
55,7904
95,897
33,3019
76,3954
1,8441
37,9887
13,4761
76,755
36,8683
8,8761
88,2032
97,6631
37,9274
52,1147
49,5529
90,358
24,3370
97,6842
85,8086
39,7610
17,856
87,3335
44,6403
98,6809
98,448
68,4902
4,342
97,3371
11,7539
14,2434
63,7125
40,4593
36,5764
9,4920
5,6287
46,3639
50,7256
70,801
86,6990
46,1619
56,3510
99,8292
31,7233
58,5721
7,1181
46,9176
74,8191
44,7937
96,8789
96,8936
46,5604
89,7514
24,8945
66,2599
4,7714
86,7481
27,7441
74,3611
17,954
94,1726
35,27
78,1985
93,2775
71,8322
81,8470
91,3473
83,7106
40,371
45,9996
30,6684
68,2002
84,9720
93,201
78,9215
28,2793
86,3892
90,9916
90,3755
78,1080
80,599
6,3211
9,2580
49,5161
14,3674
9,2061
67,5361
7,10163
62,6827
42,6367
37,9690
44,2640
21,4520
7,4499
56,4906
82,7936
6,3268
27,1276
79,8849
55,9518
3,8277
83,3121
69,519
74,7926
1,9286
58,379
48,3049
53,42
93,8402
74,3852
72,6601
69,3757
3,1417
29,7094
5,4880
12,5345
82,2177
7,7479
16,7390
17,2114
16,35
99,319
96,7055
20,7007
2,9071
1,9102
70,7992
21,5491
31,9714
13,1677
17,1891
35,9335
63,2402
71,7372
42,4075
74,1552
6,7405
1,2646
20,2497
46,8963
43,1121
7,10089
27,8369
91,9903
16,776
88,5418
79,6035
13,4126
3,1743
69,6481
95,4068
1,10211
96,7953
35,147
48,2129
72,8660
49,656
30,6917
17,1810
58,7384
13,971
13,3043
88,317
45,3165
64,797
53,6792
96,2748
47,4538
2,4158
36,5225
90,2771
71,2121
73,8452
79,7690
38,8935
26,1145
3,1017
16,7302
5,1270
81,6125
74,10128
37,2621
87,7892
4,9847
54,1692
12,8205
50,1872
30,9070
83,5101
6,2757
30,1264
98,8217
93,6764
62,3250
7,4768
35,8162
98,5407
76,7335
41,6587
73,7462
97,4134
99,6191
31,6538
99,5281
35,9164
79,8179
89,2843
8,4390
19,8836
50,8890
9,4456
82,2861
21,6494
19,2108
78,4098
24,9025
84,8525
39,4010
58,152
24,8220
27,407
41,8179
51,679
15,2247
26,4544
59,3433
28,9825
87,8058
49,7622
40,3634
90,7616
55,9185
56,7710
5,6417
54,1133
33,9653
24,2859
3,9485
32,8330
70,144
47,9827
67,7095
98,2478
60,3111
22,6317
81,8031
33,2735
89,7780
5,4755
37,3961
39,6327
8,2332
7,5017
19,994
93,1322
61,3413
65,8045
36,5537
25,690
4,9967
4,5375
5,8670
92,4335
53,4955
53,7949
24,7293
24,5711
51,8211
4,3335
47,2230
61,6282
44,9268
17,10202
73,6572
28,2641
66,5308
8,7544
69,6262
34,503
48,9272
79,2989
2,1429
18,5875
78,6588
2,9372
79,2125
26,123
13,1611
22,1917
63,7183
74,7438
88,3743
81,8552
46,1796
38,3280
1,5280
86,1943
88,10074
21,748
24,4496
62,51
93,5631
89,8417
96,5044
99,10003
81,7076
24,8462
92,7689
1,3767
41,2821
47,4793
70,8990
34,1753
77,8352
63,6982
40,4613
6,6689
98,8164
59,378
25,9644
98,1007
50,7216
66,5427
6,9391
18,4010
63,945
19,4128
95,1039
60,3571
7,3671
70,2179
32,8088
57,9640
9,2085
28,5290
37,3637
94,9767
37,4390
28,7626
97,4989
94,4561
77,1802
73,3218
97,4270
3,7396
98,8115
49,3781
61,760
8,1965
66,1901
64,7495
47,6465
87,8302
20,3108
25,5606
75,10031
19,10031
66,5393
3,7823
75,8955
6,8412
35,5932
96,7144
8,3045
6,1507
43,7651
47,7391
82,9150
60,1943
89,9341
23,5707
91,1304
72,2866
74,172
88,3520
5,3750
62,3566
27,6797
39,9980
75,4341
9,4915
21,8277
41,1920
35,4187
76,4244
52,9214
81,9556
85,6112
14,8277
44,6611
29,131
36,494
89,9650
36,9003
38,1784
73,2227
87,1688
87,8978
16,1484
55,8350
60,7511
52,5991
47,891
85,8424
66,9773
98,3899
6,8642
6,2389
78,540
40,5184
39,2794
1,8689
57,248
11,6157
83,211
10,8818
8,6924
8,6407
11,4183
13,1026
66,5645
64,333
72,2631
76,8906
67,1031
73,2778
90,3571
76,4200
86,3318
24,1536
76,5140
4,7529
23,2855
84,8292
8,8569
70,7846
32,7026
78,7239
28,8620
49,8982
80,5109
19,97
57,9659
88,363
95,9183
62,10058
8,9412
55,3280
6,1380
23,4327
40,760
7,2894
59,2666
85,3250
19,7774
81,8909
49,4780
63,4180
85,5234
44,6472
79,7158
89,8394
34,7323
47,8602
66,6952
35,879
42,7242
36,2908
66,9575
85,5607
12,8029
97,8845
20,8027
61,7182
19,7884
56,164
39,4249
48,10085
96,4443
49,1699
42,9275
84,445
86,7913
99,3902
79,8483
61,4910
60,9228
17,5631
3,966
88,10105
6,6463
99,5293
2,3344
83,9396
19,6165
76,5931
51,8909
98,884
11,4867
51,8955
37,7294
87,5866
42,9854
19,773
76,245
4,4033
35,4393
85,3728
82,1705
15,6273
21,7852
84,9748
81,10029
80,4259
84,3298
49,7979
26,5240
1,7540
23,3931
73,9801
2,1127
32,113
15,4593
72,7925
46,9025
15,4293
5,4152
80,9122
79,7737
40,6932
67,2413
72,667
70,9664
16,6370
54,3588
59,4952
18,644
55,5471
22,762
67,8456
13,4041
83,5588
49,1808
61,2691
37,5977
19,4481
91,3402
70,1668
30,2339
86,9734
66,8282
29,6260
83,1402
73,3126
51,361
25,7796
81,3591
73,939
86,1513
81,9544
5,5348
49,7709
20,2992
35,561
34,7393
92,4744
69,3523
25,3252
69,5181
59,8259
83,9569
65,5309
31,9591
33,6920
19,198
81,8598
95,6857
64,5802
97,7296
47,10237
44,7284
6,3335
42,9558
86,2600
31,7387
69,1668
81,149
58,6897
8,2291
30,8811
64,6305
50,6648
28,3172
79,1284
4,4057
47,3220
11,65
64,3472
71,6726
12,1180
8,6681
37,3960
99,6051
38,560
93,8908
50,3926
22,660
66,3020
36,3203
42,10116
5,3832
62,281
17,7888
71,57
22,1856
31,8272
81,1005
90,491
44,267
5,6848
28,3735
13,7022
80,5367
44,8067
15,6392
98,1307
78,3887
44,1392
88,2293
15,6158
86,5754
85,970
6,7208
47,9176
97,364
1,6334
74,2354
81,4827
83,8783
87,4137
26,9419
21,6341
31,3949
59,2696
55,8822
43,6366
27,1412
61,10080
72,6810
2,8078
53,6370
71,1918
48,5280
3,4263
69,3016
81,5003
20,1816
6,7203
35,8653
94,1118
29,294
26,2818
6,5821
76,6141
36,341
41,1084
33,5642
83,2693
73,1100
19,4472
38,8452
40,9586
43,4307
25,7749
46,7026
32,5496
32,9943
31,1599
68,1170
32,10112
91,3112
2,45
26,8074
8,8816
3,8158
35,7968
95,1413
98,8319
38,2197
80,6511
5,10119
45,9698
40,9298
4,1977
55,1462
95,9457
76,1971
45,557
73,7095
86,3783
56,10107
87,3307
72,2734
44,4604
53,146
18,7693
7,5659
34,4828
25,870
9,2899
76,9087
51,7028
78,8319
63,869
6,9661
14,1560
54,3158
19,3535
1,3582
53,8380
65,10153
60,3416
15,3487
4,4404
25,6909
43,6599
81,149
3,10005
99,10150
50,3304
64,6255
47,4988
58,2870
6,4239
7,5956
18,1862
73,6802
43,8958
80,2937
62,6197
19,3919
66,3614
92,610
16,7905
43,7318
26,4915
4,8034
54,4657
73,4808
7,7373
25,3505
54,9583
61,4477
88,9378
43,5547
32,1405
10,1213
22,8811
35,3139
8,4838
55,8221
52,1435
12,6415
71,937
45,9990
12,7916
15,5413
6,8078
17,292
79,6533
31,3145
54,6488
28,4239
10,6012
98,4842
61,7330
29,10093
31,8929
78,3948
83,7029
79,4321
38,3269
76,8168
61,4586
23,10004
47,6443
5,1429
43,7361
72,1613
19,9758
92,3706
32,9263
56,5733
27,4283
56,5228
45,6200
87,27
55,5941
9,10110
15,2211
39,9873
64,8683
39,9304
28,10062
70,7888
8,3119
21,6767
63,6229
47,5210
82,9321
9,9147
59,7075
11,5244
38,7351
2,2304
56,7505
70,5036
12,6219
44,7180
19,5625
84,10211
47,596
15,3191
60,9855
76,5885
94,7563
59,3057
44,2555
74,1593
85,2245
53,1502
71,9165
13,9360
49,2365
13,63
31,4217
65,4432
55,6001
58,8874
63,1545
91,810
16,4679
29,3041
15,464
36,2962
8,5302
36,5571
94,3058
60,7009
9,3192
92,9043
14,2936
13,442
33,5571
92,8378
24,5340
19,5698
76,8209
68,5594
49,1184
62,8970
38,4087
66,3195
80,2819
68,7781
15,2567
88,5814
64,9681
34,5876
35,6059
88,4613
40,4182
32,1991
91,3168
93,10238
38,4977
49,5400
99,1535
63,1267
39,1854
90,4355
94,4862
26,1160
94,4952
18,1432
75,4260
42,5622
34,5471
22,6845
39,3322
42,8963
64,8926
35,8873
37,3329
93,4540
29,5011
5,8441
94,1106
45,5744
44,8054
89,2576
23,6591
34,4795
99,6983
78,6922
76,7414
23,2909
5,4514
5,8080
50,4143
28,1174
62,815
96,8202
3,8315
48,5196
48,9317
88,4727
14,6895
69,4161
82,9367
79,8505
57,2065
33,7105
86,3102
75,5151
43,1092
28,7433
1,6438
49,4683
94,6480
37,332
3,1191
65,2047
98,3538
97,3897
26,5124
90,8217
94,2022
48,3407
71,10052
8,2947
48,5068
64,10008
70,96
86,5639
67,9928
66,5080
36,7483
46,7143
63,4807
60,5783
54,1140
19,9372
47,7587
60,371
40,3713
39,8006
3,6148
75,4359
67,3430
94,3801
2,3987
84,3555
15,2343
39,248
22,5499
28,9753
54,4664
39,3028
93,10008
28,2124
66,5243
48,6770
22,6328
77,1199
41,8213
44,6144
29,7207
60,1586
24,3228
37,9223
1,4613
68,3329
9,258
9,5397
42,5146
87,8677
51,1677
9,6804
10,2838
45,5958
2,10113
68,9248
7,1561
68,6493
29,6302
43,5530
73,8478
14,8214
81,6546
60,6929
36,5629
14,31
49,8592
14,251
26,1276
22,4628
52,7462
45,2362
75,6544
20,4874
39,6800
74,4014
9,7453
39,6655
2,7803
64,4854
4,6806
30,5790
72,5033
63,7831
27,2425
94,7480
64,348
84,6762
58,3964
43,3087
61,7734
69,2797
35,6503
31,7152
36,6695
42,8746
56,8703
33,5865
38,8239
37,6110
93,3911
95,9977
9,2731
60,2646
18,3357
93,971
94,5173
48,7063
68,4701
54,4447
76,7260
64,7485
23,3236
40,1895
51,6607
6,6904
58,3769
73,9420
76,4016
21,1045
36,7072
28,9693
98,960
79,7293
84,9902
58,8626
4,3863
57,8817
37,5265
14,8226
73,6538
1,9792
79,6687
45,3459
52,5295
69,1951
23,3693
65,7867
36,5558
28,8590
4,4917
55,5307
70,5320
19,2170
73,2496
19,892
24,5468
69,7157
82,8608
98,4138
86,6038
16,6384
43,7650
64,462
84,8358
10,10193
32,4285
53,2674
31,932
32,9267
39,4640
9,4233
68,6711
61,7111
31,3523
77,6484
6,8414
99,6129
19,2393
30,6784
64,1350
6,5297
4,3401
27,6602
95,7467
64,6829
56,1560
30,1386
99,6256
77,7123
78,7641
48,2350
22,9708
64,5724
62,4102
4,9863
37,1989
16,7586
91,5623
53,1713
93,8048
8,1590
65,8195
2,1865
21,3716
60,9254
47,4848
80,4974
91,4388
96,4672
87,7063
58,83
56,1860
49,8783
55,7386
26,8907
26,9507
75,1551
8,5849
92,7472
94,3710
90,286
58,2876
45,220
63,2604
19,9067
96,8417
16,2422
39,138
63,7303
77,8505
46,8817
93,6610
21,10236
3,9869
17,10046
58,1850
90,1761
73,6417
23,3701
62,717
54,1685
68,6712
98,2121
31,7696
40,2738
23,7815
55,3282
16,7580
45,4310
90,2718
41,5860
50,3959
84,856
86,8176
37,2912
95,81
49,5943
24,6234
49,1488
27,9738
42,9260
98,1474
22,7555
80,4369
24,1191
57,9033
88,5806
84,6685
89,315
26,9995
95,2517
27,3484
83,4792
24,3238
24,1415
92,5844
52,8449
50,4963
90,1285
39,8023
4,3133
2,6209
30,8263
22,295
97,6047
63,79
32,1302
88,1596
31,3550
37,2417
54,5864
40,3954
79,2990
16,6808
64,4521
9,5442
38,3661
96,8412
66,259
25,5165
11,9567
99,10003
62,3199
90,893
93,9414
67,6413
62,5770
18,5564
52,5179
94,3684
46,7931
97,9826
64,5755
59,8308
76,1754
9,5874
60,5900
67,7607
57,8297
13,5390
77,9409
34,3764
64,6229
28,7156
38,9228
39,1213
98,714
19,6674
71,6363
2,6303
1,8130
14,2762
80,7938
59,10009
46,7245
85,1775
75,6060
46,4961
24,7512
47,9207
62,9084
41,4766
61,2103
61,7804
19,3128
80,5166
51,2174
4,7327
53,9276
23,8632
85,8131
64,6917
82,7597
89,1446
43,1200
67,1500
42,2816
13,7190
23,3658
5,3905
4,209
20,3079
3,4196
31,6614
97,8549
50,6743
47,5514
25,8368
92,3138
65,8405
68,2891
66,9160
93,6448
13,8948
21,5548
35,6249
34,9933
13,5457
56,7370
33,1905
68,7339
46,8736
73,2086
52,3856
55,2463
53,7125
75,7868
21,8852
13,7725
4,1879
33,8892
35,4147
6,6356
63,2838
50,3926
50,6340
37,4493
46,2737
11,9638
44,8267
62,7540
15,4582
2,1509
98,7792
94,5712
15,6295
99,9487
40,8182
10,6959
9,7404
97,6946
90,1038
23,3516
74,1502
49,9103
50,5788
39,6774
8,2170
31,9218
33,1518
16,8131
46,8544
15,4688
85,2670
24,7605
47,9794
28,313
60,8303
69,7580
7,82
70,1368
10,848
85,2961
90,9073
67,8445
14,6712
17,193
1,147
12,368
20,3109
81,7641
34,3161
14,4710
72,9248
42,7429
37,3800
63,2270
98,4496
42,156
7,879
47,2313
60,392
61,8045
15,6274
53,3207
4,4188
58,678
72,4062
1,3701
74,2323
17,1252
52,8422
92,489
56,7647
48,4021
1,9431
38,187
46,826
71,7823
84,2740
26,533
59,9900
77,3479
4,283
75,5457
30,5345
7,6022
67,1959
1,8696
26,812
4,9321
40,3211
19,4793
63,3395
60,5671
35,982
33,3349
77,5963
17,6628
99,4132
78,5379
38,7897
1,4660
46,3233
68,792
20,9794
78,8366
19,6588
8,8403
20,5102
97,851
92,1821
80,9067
19,9408
50,9642
4,8037
85,8490
16,9383
14,7315
59,2862
88,5002
17,368
85,6874
86,2752
32,9696
58,56
5,6038
4,2699
13,5636
33,3758
74,2021
39,23
77,6258
34,4697
76,7086
1,8915
20,10012
50,1353
70,7033
82,2023
38,4154
58,10072
8,1507
63,6472
34,411
73,7309
70,8077
68,6112
81,873
84,3491
4,129
43,5430
86,8250
85,389
55,7340
92,10083
37,5426
61,9599
55,4905
59,3097
45,2961
80,5535
86,9214
58,7173
29,6343
62,3968
73,5608
11,101
52,7611
26,4971
34,5527
10,9399
79,5486
45,3217
93,9121
30,7755
85,9656
44,6351
4,6222
3,8734
27,3314
78,3692
43,6141
73,7869
9,7359
60,9169
42,183
33,3058
39,4775
87,6425
47,7756
9,4667
35,295
36,5925
48,264
22,1988
12,5742
27,8817
45,9793
50,5320
2,4313
79,7488
23,3888
28,9660
97,7382
12,7637
36,6091
94,8508
4,4699
49,7480
81,3791
1,5262
55,4378
25,3763
11,9912
89,1621
60,4076
19,5361
87,1174
27,4543
6,4654
63,83
2,10003
77,1411
52,7894
57,6099
69,6868
43,4687
77,7047
26,3818
86,4106
84,6729
49,8745
80,8931
82,2557
5,8207
59,57
24,10013
74,4232
24,1390
99,10022
47,8300
68,3815
2,650
73,8428
93,6040
75,2007
69,7955
68,3639
13,3526
70,5515
11,2909
66,5111
75,3426
9,616
6,7537
85,6995
6,5114
85,5655
69,1987
75,9029
2,3661
82,985
45,8927
55,6662
77,682
20,2575
69,5168
50,5259
61,6767
69,8785
33,7281
31,9905
12,9008
13,723
94,5868
94,621
42,8647
90,6045
33,3689
76,2074
3,539
16,826
66,845
29,1207
51,7056
46,9189
62,4328
45,5084
32,8745
17,9614
3,5415
38,7877
48,9403
93,3561
6,544
90,3624
61,930
59,6027
33,9220
33,1198
75,4808
10,3252
4,7028
45,8498
91,1486
29,1006
12,6495
56,5497
70,4336
2,5761
30,9574
78,2484
33,5229
62,4073
51,9681
4,1983
48,1579
78,391
6,6062
10,4793
77,2972
19,6529
59,8038
2,1476
23,1064
64,511
30,4528
51,977
9,8223
52,9991
92,1012
89,3827
24,5982
22,2376
25,7485
7,6065
93,1199
1,8977
20,695
32,5434
69,6985
35,9797
22,3688
66,7669
20,2811
46,6556
50,4719
31,21
25,4520
25,6692
39,4357
29,3797
6,9544
97,9295
23,48
24,7716
15,2192
24,1227
87,8978
22,7710
23,6171
28,925
4,9981
98,8165
3,2565
57,8824
80,7497
74,2091
1,8868
91,1365
29,1762
90,5497
69,5127
60,2538
55,2418
70,4964
90,958
5,198
5,7643
78,7998
70,1871
17,795
60,5679
35,1482
8,2879
33,5091
63,6424
18,8566
24,8796
29,8080
3,3187
21,8548
56,1743
32,6688
77,2587
50,7888
59,3825
92,8949
58,2640
47,7146
76,3988
43,1190
7,9322
49,7103
8,1360
32,9640
79,8854
83,2219
1,8729
37,7869
86,1297
33,1853
48,2421
90,1779
34,411
67,6076
69,1465
52,6750
2,7602
1,4294
45,8232
23,6083
68,6064
11,3796
4,10042
23,6895
71,1396
21,9158
84,6966
78,357
51,5523
48,980
79,4416
17,5192
97,4643
28,6818
39,8115
5,8297
50,7898
41,4677
42,8885
68,10215
75,4599
60,3509
80,1712
39,2143
77,9155
55,543
62,4829
79,9369
20,10138
99,4221
10,4463
79,3965
82,2284
36,5204
68,66
45,3166
29,3392
62,771
21,7588
39,111
3,2963
80,1261
91,1423
7,2406
79,1384
86,6586
75,6537
54,4071
60,10225
66,9006
58,4118
36,2897
63,6488
36,4717
15,8231
19,9548
96,4845
56,6093
60,5582
65,7752
87,6495
62,9061
33,8472
76,4195
39,1880
13,6703
84,10145
84,9494
57,8617
29,5597
77,2666
32,3751
77,6927
20,3489
41,1155
6,7067
78,8488
99,8865
66,9858
47,6034
99,941
23,6506
98,5982
30,985
68,2392
11,7159
83,634
73,4685
25,7461
54,10043
37,1359
32,289
76,1227
91,8691
4,1836
39,6090
79,3036
88,265
49,6102
98,10089
4,2472
90,9070
70,8924
48,1210
26,9599
21,1492
15,1151
16,7786
58,5895
3,1608
55,3084
54,8635
94,9100
12,8682
86,5619
47,4218
50,4881
6,7679
89,6204
2,1213
75,8459
94,9657
28,5545
72,529
36,4247
21,10167
98,2538
9,4084
33,9054
77,4624
85,954
42,691
24,7825
13,2312
20,5693
56,9754
21,7634
74,3965
49,7215
79,5783
19,2671
99,1851
84,3791
81,4950
43,6705
85,5732
22,457
32,1753
62,8055
81,3587
23,7758
51,3908
69,2756
66,3929
48,4159
37,3198
13,1672
93,8870
58,2389
19,9290
35,6273
98,5005
33,8569
31,1955
77,1812
5,6500
65,9895
93,6235
27,7815
36,7767
88,3180
19,3731
56,7992
98,9415
91,3115
55,9128
37,8507
41,806
1,1374
14,3467
14,8304
3,3913
87,4558
10,9588
94,720
6,4203
99,7842
13,4687
51,4689
99,7310
42,5425
66,8295
23,4457
21,6077
49,6781
61,9709
86,752
92,7364
63,9299
92,3258
97,9411
38,1508
75,4691
99,3141
95,7453
50,8130
13,2710
94,8373
52,1018
18,7165
79,7651
50,8155
14,6039
6,6433
74,9677
56,9418
49,3173
44,5386
36,7120
8,6137
19,1443
73,4878
60,6561
29,7833
32,333
98,4270
70,9114
21,1729
77,6636
28,2053
36,3557
2,5162
7,4087
47,178
69,9990
8,150
56,2493
86,5374
88,2050
53,4502
18,5759
86,343
7,3363
52,2892
13,7759
98,8938
32,5573
85,7642
11,7791
62,1909
98,1278
37,8390
50,5918
98,1309
48,9796
32,8584
60,1245
42,1800
4,8569
36,3856
29,6659
34,940
94,6446
67,6568
87,7534
42,1439
21,1657
6,449
77,4970
51,7381
33,7191
69,3807
14,897
56,3100
49,3880
80,4954
9,1333
17,8050
40,533
8,5402
86,6468
28,10233
31,2519
58,6478
80,4924
40,6819
58,4875
24,795
86,9682
26,9794
96,4621
17,2826
48,5057
68,5933
62,2290
71,2146
50,6627
71,2101
60,511
16,5526
12,3305
67,5322
7,7211
54,3923
79,1339
95,4622
12,1181
38,5557
81,988
70,7952
96,5582
33,6402
60,1102
18,7444
89,111
49,8050
81,9966
85,7894
39,3572
76,1662
41,35
79,8297
53,6244
84,5581
81,1392
44,1630
5,4925
91,1434
49,456
56,6824
14,4172
90,9565
35,5837
35,1587
88,651
62,1334
94,4484
19,4035
13,5506
46,559
28,7383
34,1181
1,597
79,1634
82,8894
93,4943
85,4490
34,8741
60,854
31,10135
73,5153
94,6295
58,8953
94,4806
29,6358
28,6597
72,7421
25,2311
91,9015
60,8904
20,8076
22,151
21,302
54,9646
98,1603
78,8852
26,1816
9,5325
45,9237
39,2468
40,1274
44,7903
23,335
75,2986
79,9704
58,8884
46,9342
52,3793
46,4558
1,9514
15,3548
93,6529
50,4188
80,2193
10,8839
17,9147
47,3720
10,1205
62,1962
55,3739
13,1790
40,8854
21,1915
34,6197
94,3492
60,3736
72,1299
58,10152
6,5301
47,8460
14,6812
59,2247
23,5188
51,8511
33,4528
31,1529
36,3344
25,5745
44,2900
98,5496
55,5516
99,10068
21,7573
36,6914
32,3018
86,8033
62,6647
45,2824
62,4052
34,2888
15,5655
42,6861
13,2945
22,7483
24,176
12,7212
26,32
18,5429
46,8319
36,5036
18,1262
34,6199
33,9177
67,2389
64,6285
41,1768
72,8383
37,6419
23,1910
25,8493
67,7494
45,5113
91,2709
45,9878
67,4651
30,2922
68,3456
89,6503
69,6037
36,7028
81,1146
41,7086
43,9332
81,2032
79,6787
25,4817
49,8815
99,6511
65,3175
62,6143
35,8110
97,8891
98,8719
73,319
80,339
95,1353
19,8299
76,4291
76,7620
45,8018
12,6197
48,3936
34,8736
30,8633
85,8671
52,1909
28,4874
92,7237
57,1246
70,3013
43,2042
80,9615
28,6401
53,5890
38,8666
39,1063
58,91
85,1604
42,7746
33,1721
99,8723
3,5062
44,1763
77,3688
96,9760
69,7892
68,714
9,8891
2,7159
18,62
17,4410
32,1569
21,7764
49,4112
32,7518
50,2477
94,2507
40,2005
17,4214
22,5444
31,544
12,3834
61,6856
98,1396
44,5005
24,1063
18,5284
13,1984
50,6955
80,9806
93,2273
91,2708
9,3478
52,6970
34,2273
72,2724
84,2902
21,9351
30,3736
43,7343
43,7404
66,2516
43,9905
60,2631
68,7752
85,1316
49,10218
12,8491
15,2088
14,6068
40,8987
86,825
49,3386
36,6773
41,3194
6,6010
75,655
65,7567
99,5976
87,5688
35,4002
47,6069
35,765
94,3900
11,5240
97,6155
87,9497
76,2982
3,10104
27,10022
70,3795
54,9980
79,3792
23,1413
4,5783
32,8884
51,3226
54,1535
53,5180
30,7088
94,5253
97,8442
81,182
18,2329
78,4957
95,7833
87,8833
53,2667
69,165
60,4648
38,7103
45,4298
27,3118
79,2963
56,6016
11,186
70,6171
99,2383
54,3410
21,1216
11,9553
75,7413
64,3288
10,1519
7,9878
93,5316
43,7435
63,3035
35,2773
27,4761
85,4488
67,4144
67,3750
34,7969
56,1267
6,6548
71,3707
92,6796
69,700
97,2207
51,1698
22,4295
62,1452
32,2034
18,4928
55,6909
74,8871
84,5811
75,608
76,3888
38,9002
29,7857
1,6054
78,9296
39,9127
8,2215
32,6406
50,8286
8,2400
94,4690
94,392
35,2267
43,737
77,9496
45,2434
15,6386
26,3074
33,1914
8,8309
67,2702
57,5517
68,6454
24,3717
73,8732
65,2034
60,4420
26,5793
2,974
54,1660
55,9999
61,216
73,3082
12,5343
28,9895
7,3730
19,8289
95,5892
70,5731
18,3740
62,8109
51,598
32,7724
41,9580
18,8958
93,5375
41,5037
6,6821
95,4053
97,7333
38,9246
89,3211
14,47
77,6699
20,4334
76,4159
61,4669
72,260
94,4224
74,5737
22,3147
12,8238
76,7811
10,240
90,8750
18,9844
59,5000
38,1198
3,7651
71,8976
18,9329
97,9495
34,5235
97,3514
24,4710
22,9846
67,970
49,6844
76,6959
80,2438
83,169
44,2745
9,8580
96,8733
48,9320
58,3620
29,4738
74,9584
54,2897
61,9582
60,7632
41,4345
20,3272
16,8025
4,9928
5,10005
74,6924
68,1714
77,567
18,5884
69,5395
5,4762
44,7006
25,3452
64,6997
31,3733
40,1666
17,10195
47,2642
37,6176
64,417
87,10168
42,7071
79,5429
74,7151
26,9740
50,5626
67,915
46,406
64,10208
68,3943
73,7032
99,545
48,9244
68,8154
60,7125
19,2698
83,475
95,3855
47,8686
49,498
41,7888
87,4799
17,8229
83,9676
74,5689
45,1158
33,10103
9,1718
64,724
4,10175
84,9040
2,8612
99,2147
4,6160
64,1913
26,6818
99,9047
36,7952
27,9849
44,2111
43,580
68,9981
11,8553
45,7008
99,6869
41,7555
16,6351
76,7452
22,746
38,8410
32,6341
71,3945
22,7238
32,6991
3,9451
43,3393
88,10201
39,10126
60,2550
89,580
67,9432
71,7916
8,3782
52,365
86,576
94,6158
63,5372
23,5407
7,5074
2,7204
9,2516
77,8132
62,2557
64,3941
72,6109
71,5183
61,10240
63,5987
30,4594
62,3040
59,4584
50,3435
90,10011
9,611
67,8800
13,3081
85,10169
92,8098
1,4507
57,4278
62,5112
34,3524
7,7552
88,7854
1,4064
48,2549
52,7098
90,2441
81,2365
20,7920
11,7518
58,6783
61,4085
98,10177
68,8730
98,5340
6,5583
75,2609
47,4246
54,5094
59,5733
41,5818
89,5091
32,4507
18,541
67,314
85,3293
11,6003
66,4345
11,8297
77,1577
30,3092
48,7806
52,4382
23,8571
42,9985
64,1656
21,7457
34,8509
11,3866
39,2570
97,6367
93,3591
82,492
28,50
57,7155
24,9140
15,5748
97,7881
64,83
96,10206
42,3361
14,1936
97,1384
13,3860
68,322
28,309
21,3977
74,9726
29,9874
51,5872
12,6919
10,6624
89,4268
32,6564
91,1648
3,7332
54,9582
57,3099
56,6469
47,8788
96,5713
61,1965
11,7184
54,514
18,2601
42,9833
71,9551
49,3923
71,2869
78,275
83,9561
87,1546
99,6318
31,1059
81,6706
84,2466
70,5057
3,8128
58,5523
84,4296
20,5439
9,7388
91,8112
52,2627
63,6269
41,7453
8,1945
84,6067
8,2506
34,4968
49,799
8,6272
34,770
49,9713
92,5091
3,1700
43,4234
75,6429
87,6487
22,6654
45,2782
40,5228
15,5895
31,7373
5,8326
82,6433
29,6349
97,290
69,7714
52,6447
85,4488
98,7679
36,3052
50,1729
13,7501
7,7501
52,9530
91,10171
14,7359
48,2715
42,8636
6,3181
32,4520
95,7667
70,8694
43,5362
36,7604
27,8114
65,7557
66,6400
64,2788
93,3719
55,6454
61,8464
53,267
42,1851
37,5653
74,7853
29,8055
51,9495
93,1267
45,3756
76,8835
24,5363
70,8534
45,8976
45,3652
83,1762
77,6124
67,9873
54,7594
31,8211
70,10013
86,5707
93,3419
42,6770
60,1388
14,5364
52,4165
34,1031
26,2054
53,5364
46,6261
15,10056
24,3497
45,6373
30,657
26,1307
87,270
4,2159
73,10103
93,9583
94,5589
20,8917
71,419
51,885
25,2859
8,9991
53,195
35,5347
60,3942
87,1619
31,3511
81,9123
37,1401
41,7441
27,3503
94,9544
85,10052
32,7163
29,164
61,5473
25,6325
52,68
56,5545
80,4669
9,6828
99,5885
28,8186
86,2843
98,8449
26,8513
16,3702
89,7299
16,2920
67,9623
21,591
71,4150
31,2316
90,5219
89,1929
12,3223
1,9520
54,5202
42,5512
53,1187
33,7185
97,2149
46,5725
58,838
67,7920
92,668
61,8061
97,9693
31,2229
41,6418
94,411
45,9040
98,8503
60,6363
48,8891
92,3988
46,8040
19,9758
45,2738
28,7000
64,7893
44,658
92,7153
2,8316
67,3292
5,6745
64,2888
41,6184
25,5928
97,6459
33,4297
43,9528
52,9146
31,2396
35,123
17,7969
10,5863
93,8105
33,703
41,8264
15,6491
10,197
16,6365
34,2276
40,1948
93,7275
30,7298
34,5267
82,5880
67,7321
63,2025
49,4017
26,2712
30,8246
57,7674
55,7783
92,2165
63,3385
86,138
65,6211
42,2494
99,7261
47,9881
56,3781
96,2058
74,1527
23,5937
96,8227
54,1829
56,6794
16,4857
15,3084
41,6941
45,9475
33,4142
92,3948
60,2008
20,3624
13,9462
80,4099
40,3794
68,9605
18,7214
71,9963
60,6802
25,4433
60,3562
59,2442
19,6965
2,6074
85,10046
73,2221
50,2088
83,3270
95,5531
48,3851
28,7389
20,7220
97,5270
73,9450
35,9526
9,3390
34,5354
16,842
79,840
76,2633
1,4555
82,6891
60,9814
96,8479
24,6799
10,4673
14,7545
16,9725
56,6171
44,4468
75,6873
8,3506
76,5291
10,3059
64,6775
6,5960
15,9490
95,4564
13,7523
1,5995
97,6400
9,8006
86,9048
62,7700
40,21
20,8719
46,2966
30,2193
82,519
82,5007
62,3631
8,7142
28,9883
58,879
44,135
3,4222
59,7442
58,2453
93,8973
63,4361
88,10220
56,59
20,10163
71,7712
51,8813
67,1824
50,1249
94,8639
37,489
56,3167
90,4818
26,5696
12,2390
43,8360
4,5274
90,8447
88,8496
7,1802
17,1132
43,7638
97,4826
55,1845
43,1550
55,4560
86,4660
37,8723
36,5296
71,6368
62,3312
1,5324
3,795
97,2526
95,7991
96,1492
6,9029
94,10025
94,840
47,4569
59,2260
26,937
63,2105
60,4973
91,1599
81,7550
23,9694
33,344
81,228
2,4976
73,10061
33,7407
61,8327
35,8396
65,9341
34,8396
50,2792
46,5180
88,1981
36,7663
33,7814
88,3559
51,4084
45,2775
21,2755
28,4568
93,8416
69,3063
15,5989
16,9694
10,2951
78,7977
5,7184
9,5742
13,8757
27,679
42,6854
50,1413
91,1819
20,3912
98,3222
75,3107
76,7544
81,9942
92,6935
41,5974
93,696
58,990
52,4614
52,9858
8,9968
28,967
76,10172
79,6782
8,3760
90,3200
39,3852
63,5306
59,6709
24,4103
24,4585
44,1543
15,8729
51,6607
39,5886
31,8873
64,9545
95,5125
97,4016
67,2098
56,1848
73,2292
93,3925
84,8618
91,1798
57,3572
9,1871
31,9625
39,7383
97,8636
26,9067
54,3710
19,6461
51,889
29,8277
86,6616
62,67
42,8454
40,10220
25,5646
63,6894
25,3912
74,4547
74,10136
77,6450
68,8377
18,7619
15,2614
88,3915
72,6104
46,10007
45,5106
32,3097
95,3093
97,3701
75,666
38,2823
39,5562
19,5346
41,9433
69,2206
30,9248
24,4771
99,6633
