{"gender": "female", "id": "0024fe3c-0e3e-47e4-b760-d678b2f36263", "identifiers": [{"identifier": "2022", "scheme": "everypolitician_legacy"}], "image": "http://www.camaradediputados.gob.do/serve/renderimage.aspx?x=80&y=90&cz=5&m=0&i=2022&f=lists_images", "images": [{"url": "http://www.camaradediputados.gob.do/serve/renderimage.aspx?x=80&y=90&cz=5&m=0&i=2022&f=lists_images"}], "name": "Johanny Mercedes Guzm\u00e1n Rodr\u00edguez"}
{"gender": "male", "id": "00dd6d21-a7a6-4b32-94bc-a7c0c7b6c74b", "identifiers": [{"identifier": "2082", "scheme": "everypolitician_legacy"}], "image": "http://www.camaradediputados.gob.do/serve/renderimage.aspx?x=80&y=90&cz=5&m=0&i=2082&f=lists_images", "images": [{"url": "http://www.camaradediputados.gob.do/serve/renderimage.aspx?x=80&y=90&cz=5&m=0&i=2082&f=lists_images"}], "name": "Francisco Antonio Santos Sosa"}
{"gender": "male", "id": "02f558f5-0959-4613-acb9-f57ffac1492c", "identifiers": [{"identifier": "706", "scheme": "everypolitician_legacy"}], "image": "http://www.camaradediputados.gob.do/serve/renderimage.aspx?x=80&y=90&cz=5&m=0&i=706&f=lists_images", "images": [{"url": "http://www.camaradediputados.gob.do/serve/renderimage.aspx?x=80&y=90&cz=5&m=0&i=706&f=lists_images"}], "name": "Lupe N\u00fa\u00f1ez Rosario"}
{"gender": "male", "id": "07b9ddbf-8f9f-4832-8291-4fca16374a2e", "identifiers": [{"identifier": "2014", "scheme": "everypolitician_legacy"}], "image": "http://www.camaradediputados.gob.do/serve/renderimage.aspx?x=80&y=90&cz=5&m=0&i=2014&f=lists_images", "images": [{"url": "http://www.camaradediputados.gob.do/serve/renderimage.aspx?x=80&y=90&cz=5&m=0&i=2014&f=lists_images"}], "name": "Jos\u00e9 Antonio D\u00edaz Reyes"}
{"gender": "male", "id": "092a1fbb-0242-4049-9e49-de7b817be125", "identifiers": [{"identifier": "2029", "scheme": "everypolitician_legacy"}], "image": "http://www.camaradediputados.gob.do/serve/renderimage.aspx?x=80&y=90&cz=5&m=0&i=2029&f=lists_images", "images": [{"url": "http://www.camaradediputados.gob.do/serve/renderimage.aspx?x=80&y=90&cz=5&m=0&i=2029&f=lists_images"}], "name": "Francisco A. Matos Mancebo"}
{"gender": "female", "id": "099a113e-d0c3-41d6-ade5-a42c3d463970", "identifiers": [{"identifier": "2052", "scheme": "everypolitician_legacy"}], "image": "http://www.camaradediputados.gob.do/serve/renderimage.aspx?x=80&y=90&cz=5&m=0&i=2052&f=lists_images", "images": [{"url": "http://www.camaradediputados.gob.do/serve/renderimage.aspx?x=80&y=90&cz=5&m=0&i=2052&f=lists_images"}], "name": "Luc\u00eda Argentina Alba L\u00f3pez De Alba"}
{"gender": "male", "id": "09c6b9a7-4def-4634-b83c-ac21e2e03c4b", "identifiers": [{"identifier": "3223", "scheme": "everypolitician_legacy"}], "image": "http://www.camaradediputados.gob.do/serve/renderimage.aspx?x=80&y=90&cz=5&m=0&i=3223&f=lists_images", "images": [{"url": "http://www.camaradediputados.gob.do/serve/renderimage.aspx?x=80&y=90&cz=5&m=0&i=3223&f=lists_images"}], "name": "Levis Suriel G\u00f3mez"}
{"gender": "female", "id": "0a09d900-f1cc-48e6-a25c-020c95129f3d", "identifiers": [{"identifier": "684", "scheme": "everypolitician_legacy"}], "image": "http://www.camaradediputados.gob.do/serve/renderimage.aspx?x=80&y=90&cz=5&m=0&i=684&f=lists_images", "images": [{"url": "http://www.camaradediputados.gob.do/serve/renderimage.aspx?x=80&y=90&cz=5&m=0&i=684&f=lists_images"}], "name": "Yuderka Yvelisse De la Rosa Guerrero"}
{"gender": "male", "id": "0bd73e13-5bff-47c0-b828-9d0a33730aa9", "identifiers": [{"identifier": "2013", "scheme": "everypolitician_legacy"}], "image": "http://www.camaradediputados.gob.do/serve/renderimage.aspx?x=80&y=90&cz=5&m=0&i=2013&f=lists_images", "images": [{"url": "http://www.camaradediputados.gob.do/serve/renderimage.aspx?x=80&y=90&cz=5&m=0&i=2013&f=lists_images"}], "name": "Pedro Enrique De \u00d3leo Veras"}
{"gender": "male", "id": "0c4a2761-872c-4dda-ad9d-e6272f124033", "identifiers": [{"identifier": "2000", "scheme": "everypolitician_legacy"}], "image": "http://www.camaradediputados.gob.do/serve/renderimage.aspx?x=80&y=90&cz=5&m=0&i=2000&f=lists_images", "images": [{"url": "http://www.camaradediputados.gob.do/serve/renderimage.aspx?x=80&y=90&cz=5&m=0&i=2000&f=lists_images"}], "name": "Rafael Antonio Abel Lora"}
{"gender": "male", "id": "0e44ff2b-eb99-44b3-9598-89637b26d4ed", "identifiers": [{"identifier": "673", "scheme": "everypolitician_legacy"}], "name": "Vinicio Aristeo Castillo Sem\u00e1n"}
{"gender": "male", "id": "0f43725a-d0fb-415f-961a-6f79d51bef93", "identifiers": [{"identifier": "838", "scheme": "everypolitician_legacy"}], "image": "http://www.camaradediputados.gob.do/serve/renderimage.aspx?x=80&y=90&cz=5&m=0&i=838&f=lists_images", "images": [{"url": "http://www.camaradediputados.gob.do/serve/renderimage.aspx?x=80&y=90&cz=5&m=0&i=838&f=lists_images"}], "name": "Julio Encarnaci\u00f3n"}
{"gender": "male", "id": "1228d0b9-8adc-4275-abde-159342e82609", "identifiers": [{"identifier": "727", "scheme": "everypolitician_legacy"}], "image": "http://www.camaradediputados.gob.do/serve/renderimage.aspx?x=80&y=90&cz=5&m=0&i=727&f=lists_images", "images": [{"url": "http://www.camaradediputados.gob.do/serve/renderimage.aspx?x=80&y=90&cz=5&m=0&i=727&f=lists_images"}], "name": "Guillermo Radham\u00e9s Ramos Garc\u00eda"}
{"gender": "male", "id": "1675b118-b3b9-4a88-b438-cc34244165e8", "identifiers": [{"identifier": "791", "scheme": "everypolitician_legacy"}], "image": "http://www.camaradediputados.gob.do/serve/renderimage.aspx?x=80&y=90&cz=5&m=0&i=791&f=lists_images", "images": [{"url": "http://www.camaradediputados.gob.do/serve/renderimage.aspx?x=80&y=90&cz=5&m=0&i=791&f=lists_images"}], "name": "Antonio Bernabel Col\u00f3n"}
{"gender": "female", "id": "1692dd05-4992-4f97-9d50-7f273cd5b4d0", "identifiers": [{"identifier": "709", "scheme": "everypolitician_legacy"}], "image": "http://www.camaradediputados.gob.do/serve/renderimage.aspx?x=80&y=90&cz=5&m=0&i=709&f=lists_images", "images": [{"url": "http://www.camaradediputados.gob.do/serve/renderimage.aspx?x=80&y=90&cz=5&m=0&i=709&f=lists_images"}], "name": "Kenia Milagros Mej\u00eda Mercedes"}
{"gender": "female", "id": "1a1b6db7-04a2-4cb6-8e15-43fc1c43f7b3", "identifiers": [{"identifier": "2038", "scheme": "everypolitician_legacy"}], "image": "http://www.camaradediputados.gob.do/serve/renderimage.aspx?x=80&y=90&cz=5&m=0&i=2038&f=lists_images", "images": [{"url": "http://www.camaradediputados.gob.do/serve/renderimage.aspx?x=80&y=90&cz=5&m=0&i=2038&f=lists_images"}], "name": "Adalgisa F\u00e1tima Pujols"}
{"gender": "male", "id": "1ad8678d-cc91-4fd0-96b9-f379abc8e0d4", "identifiers": [{"identifier": "833", "scheme": "everypolitician_legacy"}], "image": "http://www.camaradediputados.gob.do/serve/renderimage.aspx?x=80&y=90&cz=5&m=0&i=833&f=lists_images", "images": [{"url": "http://www.camaradediputados.gob.do/serve/renderimage.aspx?x=80&y=90&cz=5&m=0&i=833&f=lists_images"}], "name": "Jes\u00fas Mart\u00ednez Alberti"}
{"gender": "male", "id": "1bad03ef-a86d-4cc0-ac6b-1c7684e3a665", "identifiers": [{"identifier": "756", "scheme": "everypolitician_legacy"}], "image": "http://www.camaradediputados.gob.do/serve/renderimage.aspx?x=80&y=90&cz=5&m=0&i=756&f=lists_images", "images": [{"url": "http://www.camaradediputados.gob.do/serve/renderimage.aspx?x=80&y=90&cz=5&m=0&i=756&f=lists_images"}], "name": "Juan Carlos Qui\u00f1onez Minaya"}
{"gender": "male", "id": "1eafa27f-bec7-4456-b461-b2404c8621d6", "identifiers": [{"identifier": "669", "scheme": "everypolitician_legacy"}], "image": "http://www.camaradediputados.gob.do/serve/renderimage.aspx?x=80&y=90&cz=5&m=0&i=669&f=lists_images", "images": [{"url": "http://www.camaradediputados.gob.do/serve/renderimage.aspx?x=80&y=90&cz=5&m=0&i=669&f=lists_images"}], "name": "Cristian Paredes Aponte"}
{"gender": "male", "id": "2190171e-2851-4dce-b92a-787e22e4f39a", "identifiers": [{"identifier": "787", "scheme": "everypolitician_legacy"}], "image": "http://www.camaradediputados.gob.do/serve/renderimage.aspx?x=80&y=90&cz=5&m=0&i=787&f=lists_images", "images": [{"url": "http://www.camaradediputados.gob.do/serve/renderimage.aspx?x=80&y=90&cz=5&m=0&i=787&f=lists_images"}], "name": "M\u00e1ximo Castro Silverio"}
{"gender": "male", "id": "23951fc6-08ce-4fc2-b87a-0ffdedbe0b7e", "identifiers": [{"identifier": "736", "scheme": "everypolitician_legacy"}], "image": "http://www.camaradediputados.gob.do/serve/renderimage.aspx?x=80&y=90&cz=5&m=0&i=736&f=lists_images", "images": [{"url": "http://www.camaradediputados.gob.do/serve/renderimage.aspx?x=80&y=90&cz=5&m=0&i=736&f=lists_images"}], "name": "Salom\u00f3n Garc\u00eda Ure\u00f1a"}
{"gender": "male", "id": "23d7b397-7105-4a58-a0fd-c46be24e94d7", "identifiers": [{"identifier": "2053", "scheme": "everypolitician_legacy"}], "image": "http://www.camaradediputados.gob.do/serve/renderimage.aspx?x=80&y=90&cz=5&m=0&i=2053&f=lists_images", "images": [{"url": "http://www.camaradediputados.gob.do/serve/renderimage.aspx?x=80&y=90&cz=5&m=0&i=2053&f=lists_images"}], "name": "Bernardo Alem\u00e1n Rodr\u00edguez"}
{"gender": "male", "id": "244ab136-6b34-485b-9a35-c831eeeaeab3", "identifiers": [{"identifier": "738", "scheme": "everypolitician_legacy"}], "image": "http://www.camaradediputados.gob.do/serve/renderimage.aspx?x=80&y=90&cz=5&m=0&i=738&f=lists_images", "images": [{"url": "http://www.camaradediputados.gob.do/serve/renderimage.aspx?x=80&y=90&cz=5&m=0&i=738&f=lists_images"}], "name": "Jos\u00e9 Antonio Fabi\u00e1n Bertr\u00e9"}
{"gender": "female", "id": "248390c1-bb44-47cb-bd7a-9a87f44fc901", "identifiers": [{"identifier": "2091", "scheme": "everypolitician_legacy"}], "image": "http://www.camaradediputados.gob.do/serve/renderimage.aspx?x=80&y=90&cz=5&m=0&i=2091&f=lists_images", "images": [{"url": "http://www.camaradediputados.gob.do/serve/renderimage.aspx?x=80&y=90&cz=5&m=0&i=2091&f=lists_images"}], "name": "Mar\u00eda C\u00e1ndida S\u00e1nchez Mora"}
{"gender": "male", "id": "25208391-3229-434f-96c9-be5b6695975d", "identifiers": [{"identifier": "2034", "scheme": "everypolitician_legacy"}], "image": "http://www.camaradediputados.gob.do/serve/renderimage.aspx?x=80&y=90&cz=5&m=0&i=2034&f=lists_images", "images": [{"url": "http://www.camaradediputados.gob.do/serve/renderimage.aspx?x=80&y=90&cz=5&m=0&i=2034&f=lists_images"}], "name": "Mariano Montero Vallejo"}
{"gender": "female", "id": "26d1a45c-9d49-46c7-b3ff-74ca42adbcbb", "identifiers": [{"identifier": "804", "scheme": "everypolitician_legacy"}], "image": "http://www.camaradediputados.gob.do/serve/renderimage.aspx?x=80&y=90&cz=5&m=0&i=804&f=lists_images", "images": [{"url": "http://www.camaradediputados.gob.do/serve/renderimage.aspx?x=80&y=90&cz=5&m=0&i=804&f=lists_images"}], "name": "\u00c1ngela Pozo"}
{"gender": "male", "id": "27841a37-39b4-4e37-a200-1bfcf0a2dc43", "identifiers": [{"identifier": "814", "scheme": "everypolitician_legacy"}], "image": "http://www.camaradediputados.gob.do/serve/renderimage.aspx?x=80&y=90&cz=5&m=0&i=814&f=lists_images", "images": [{"url": "http://www.camaradediputados.gob.do/serve/renderimage.aspx?x=80&y=90&cz=5&m=0&i=814&f=lists_images"}], "name": "Radham\u00e9s Fortuna S\u00e1nchez"}
{"gender": "male", "id": "2ad174ee-2839-44a4-a0b0-101b61761042", "identifiers": [{"identifier": "733", "scheme": "everypolitician_legacy"}], "image": "http://www.camaradediputados.gob.do/serve/renderimage.aspx?x=80&y=90&cz=5&m=0&i=733&f=lists_images", "images": [{"url": "http://www.camaradediputados.gob.do/serve/renderimage.aspx?x=80&y=90&cz=5&m=0&i=733&f=lists_images"}], "name": "Ram\u00f3n Rogelio Genao Dur\u00e1n"}
{"gender": "female", "id": "2c573ce5-0103-45f7-aa5b-4e8e9b1c2a54", "identifiers": [{"identifier": "2030", "scheme": "everypolitician_legacy"}], "image": "http://www.camaradediputados.gob.do/serve/renderimage.aspx?x=80&y=90&cz=5&m=0&i=2030&f=lists_images", "images": [{"url": "http://www.camaradediputados.gob.do/serve/renderimage.aspx?x=80&y=90&cz=5&m=0&i=2030&f=lists_images"}], "name": "Noris Elizabeth Medina Medina"}
{"gender": "male", "id": "2d7d2ed1-fc43-42a0-a888-8dc9409b8a3a", "identifiers": [{"identifier": "828", "scheme": "everypolitician_legacy"}], "image": "http://www.camaradediputados.gob.do/serve/renderimage.aspx?x=80&y=90&cz=5&m=0&i=828&f=lists_images", "images": [{"url": "http://www.camaradediputados.gob.do/serve/renderimage.aspx?x=80&y=90&cz=5&m=0&i=828&f=lists_images"}], "name": "Jos\u00e9 Altagracia Gonz\u00e1lez S\u00e1nchez"}
{"gender": "male", "id": "3006f256-ce84-4f64-8fd6-e00ead1452fd", "identifiers": [{"identifier": "2064", "scheme": "everypolitician_legacy"}], "image": "http://www.camaradediputados.gob.do/serve/renderimage.aspx?x=80&y=90&cz=5&m=0&i=2064&f=lists_images", "images": [{"url": "http://www.camaradediputados.gob.do/serve/renderimage.aspx?x=80&y=90&cz=5&m=0&i=2064&f=lists_images"}], "name": "Ram\u00f3n Dur\u00e1n Paredes"}
{"gender": "male", "id": "30f2807a-96df-4cc1-af89-5e25c02f3551", "identifiers": [{"identifier": "731", "scheme": "everypolitician_legacy"}], "image": "http://www.camaradediputados.gob.do/serve/renderimage.aspx?x=80&y=90&cz=5&m=0&i=731&f=lists_images", "images": [{"url": "http://www.camaradediputados.gob.do/serve/renderimage.aspx?x=80&y=90&cz=5&m=0&i=731&f=lists_images"}], "name": "Aridio Antonio Reyes"}
{"gender": "male", "id": "3230078f-b90e-4d49-a179-9958556bf5e9", "identifiers": [{"identifier": "1998", "scheme": "everypolitician_legacy"}], "image": "http://www.camaradediputados.gob.do/serve/renderimage.aspx?x=80&y=90&cz=5&m=0&i=1998&f=lists_images", "images": [{"url": "http://www.camaradediputados.gob.do/serve/renderimage.aspx?x=80&y=90&cz=5&m=0&i=1998&f=lists_images"}], "name": "Luis Jimenez Caminero"}
{"gender": "male", "id": "33caf5a1-9dac-4b88-bdaa-10147a7cab18", "identifiers": [{"identifier": "2056", "scheme": "everypolitician_legacy"}], "image": "http://www.camaradediputados.gob.do/serve/renderimage.aspx?x=80&y=90&cz=5&m=0&i=2056&f=lists_images", "images": [{"url": "http://www.camaradediputados.gob.do/serve/renderimage.aspx?x=80&y=90&cz=5&m=0&i=2056&f=lists_images"}], "name": "Rosendo Arsenio Borges Rodr\u00edguez"}
{"gender": "male", "id": "3728c47b-7e81-4991-ba27-017a97774802", "identifiers": [{"identifier": "782", "scheme": "everypolitician_legacy"}], "image": "http://www.camaradediputados.gob.do/serve/renderimage.aspx?x=80&y=90&cz=5&m=0&i=782&f=lists_images", "images": [{"url": "http://www.camaradediputados.gob.do/serve/renderimage.aspx?x=80&y=90&cz=5&m=0&i=782&f=lists_images"}], "name": "Luis Ram\u00f3n Pe\u00f1a"}
{"gender": "male", "id": "3730f369-18fc-43ac-b610-e70c26cd51ce", "identifiers": [{"identifier": "2042", "scheme": "everypolitician_legacy"}], "image": "http://www.camaradediputados.gob.do/serve/renderimage.aspx?x=80&y=90&cz=5&m=0&i=2042&f=lists_images", "images": [{"url": "http://www.camaradediputados.gob.do/serve/renderimage.aspx?x=80&y=90&cz=5&m=0&i=2042&f=lists_images"}], "name": "Adalberto Esteban Rosa Hern\u00e1ndez"}
{"gender": "male", "id": "39ee9880-305d-43f1-942c-84d806dd6677", "identifiers": [{"identifier": "773", "scheme": "everypolitician_legacy"}], "image": "http://www.camaradediputados.gob.do/serve/renderimage.aspx?x=80&y=90&cz=5&m=0&i=773&f=lists_images", "images": [{"url": "http://www.camaradediputados.gob.do/serve/renderimage.aspx?x=80&y=90&cz=5&m=0&i=773&f=lists_images"}], "name": "David Herrera D\u00edaz"}
{"gender": "male", "id": "3ae149dc-54e9-452e-999e-b52e387a94a2", "identifiers": [{"identifier": "812", "scheme": "everypolitician_legacy"}], "image": "http://www.camaradediputados.gob.do/serve/renderimage.aspx?x=80&y=90&cz=5&m=0&i=812&f=lists_images", "images": [{"url": "http://www.camaradediputados.gob.do/serve/renderimage.aspx?x=80&y=90&cz=5&m=0&i=812&f=lists_images"}], "name": "N\u00e9stor Julio Cruz Pichardo"}
{"birth_date": "1981-09-01", "contact_details": [{"type": "twitter", "value": "JosePaliza"}], "gender": "male", "given_name": "Jos\u00e9", "id": "3af01c7e-7ec2-4028-b8db-7df77279d5c2", "identifiers": [{"identifier": "2086", "scheme": "everypolitician_legacy"}, {"identifier": "Q17518389", "scheme": "wikidata"}], "image": "http://www.camaradediputados.gob.do/serve/renderimage.aspx?x=80&y=90&cz=5&m=0&i=2086&f=lists_images", "images": [{"url": "http://www.camaradediputados.gob.do/serve/renderimage.aspx?x=80&y=90&cz=5&m=0&i=2086&f=lists_images"}], "links": [{"note": "Wikipedia (en)", "url": "https://en.wikipedia.org/wiki/Jos\u00e9_Ignacio_Paliza"}, {"note": "Wikipedia (es)", "url": "https://es.wikipedia.org/wiki/Jos\u00e9_Ignacio_Paliza"}, {"note": "twitter", "url": "https://twitter.com/JosePaliza"}], "name": "Jos\u00e9 Ignacio Paliza Nouel", "other_names": [{"lang": "en", "name": "Jos\u00e9 Ignacio Paliza", "note": "multilingual"}, {"lang": "es", "name": "Jos\u00e9 Paliza", "note": "multilingual"}, {"lang": "sl", "name": "Jos\u00e9 Paliza", "note": "multilingual"}]}
{"gender": "female", "id": "3b8546c1-549d-4279-b303-a732c2fc11be", "identifiers": [{"identifier": "2003", "scheme": "everypolitician_legacy"}], "image": "http://www.camaradediputados.gob.do/serve/renderimage.aspx?x=80&y=90&cz=5&m=0&i=2003&f=lists_images", "images": [{"url": "http://www.camaradediputados.gob.do/serve/renderimage.aspx?x=80&y=90&cz=5&m=0&i=2003&f=lists_images"}], "name": "Evelin And\u00fajar Matos"}
{"gender": "female", "id": "3ccad4de-ed2c-4cba-9ab6-5b535ac2f230", "identifiers": [{"identifier": "2080", "scheme": "everypolitician_legacy"}], "image": "http://www.camaradediputados.gob.do/serve/renderimage.aspx?x=80&y=90&cz=5&m=0&i=2080&f=lists_images", "images": [{"url": "http://www.camaradediputados.gob.do/serve/renderimage.aspx?x=80&y=90&cz=5&m=0&i=2080&f=lists_images"}], "name": "Evangelina Baciliza Sosa V\u00e1squez"}
{"gender": "male", "id": "41db2d9a-e565-4f2e-bd4b-886bfa8ec127", "identifiers": [{"identifier": "768", "scheme": "everypolitician_legacy"}], "image": "http://www.camaradediputados.gob.do/serve/renderimage.aspx?x=80&y=90&cz=5&m=0&i=768&f=lists_images", "images": [{"url": "http://www.camaradediputados.gob.do/serve/renderimage.aspx?x=80&y=90&cz=5&m=0&i=768&f=lists_images"}], "name": "Rafael Leonidas Abr\u00e9u Vald\u00e9z"}
{"gender": "male", "id": "44f2e9ae-8266-4a92-b12a-6fdf1b6dcd1d", "identifiers": [{"identifier": "1997", "scheme": "everypolitician_legacy"}], "image": "http://www.camaradediputados.gob.do/serve/renderimage.aspx?x=80&y=90&cz=5&m=0&i=1997&f=lists_images", "images": [{"url": "http://www.camaradediputados.gob.do/serve/renderimage.aspx?x=80&y=90&cz=5&m=0&i=1997&f=lists_images"}], "name": "Juan Hubiere Del Rosario"}
{"gender": "male", "id": "47f77ddf-9d3f-4d7c-a51d-d760f93e8ddf", "identifiers": [{"identifier": "823", "scheme": "everypolitician_legacy"}], "image": "http://www.camaradediputados.gob.do/serve/renderimage.aspx?x=80&y=90&cz=5&m=0&i=823&f=lists_images", "images": [{"url": "http://www.camaradediputados.gob.do/serve/renderimage.aspx?x=80&y=90&cz=5&m=0&i=823&f=lists_images"}], "name": "An\u00edbal Rosario Ram\u00edrez"}
{"gender": "male", "id": "48db8f57-56f7-4291-a82f-c30a4bdafce2", "identifiers": [{"identifier": "2088", "scheme": "everypolitician_legacy"}], "image": "http://www.camaradediputados.gob.do/serve/renderimage.aspx?x=80&y=90&cz=5&m=0&i=2088&f=lists_images", "images": [{"url": "http://www.camaradediputados.gob.do/serve/renderimage.aspx?x=80&y=90&cz=5&m=0&i=2088&f=lists_images"}], "name": "Juan Jos\u00e9 Morales Cisneros"}
{"gender": "male", "id": "48dd07f1-6c98-43d1-bffb-dc8cb8aff78a", "identifiers": [{"identifier": "2016", "scheme": "everypolitician_legacy"}], "image": "http://www.camaradediputados.gob.do/serve/renderimage.aspx?x=80&y=90&cz=5&m=0&i=2016&f=lists_images", "images": [{"url": "http://www.camaradediputados.gob.do/serve/renderimage.aspx?x=80&y=90&cz=5&m=0&i=2016&f=lists_images"}], "name": "Manuel Orlando Espinosa Medina"}
{"gender": "male", "id": "4b02b1c6-76b5-4b52-9848-8075fd2a6661", "identifiers": [{"identifier": "2093", "scheme": "everypolitician_legacy"}], "image": "http://www.camaradediputados.gob.do/serve/renderimage.aspx?x=80&y=90&cz=5&m=0&i=2093&f=lists_images", "images": [{"url": "http://www.camaradediputados.gob.do/serve/renderimage.aspx?x=80&y=90&cz=5&m=0&i=2093&f=lists_images"}], "name": "Ram\u00f3n Arc\u00e1ngel Santana Ram\u00edrez"}
{"gender": "male", "id": "4c9d0870-822e-4c75-bb8f-4a526d70019e", "identifiers": [{"identifier": "841", "scheme": "everypolitician_legacy"}], "image": "http://www.camaradediputados.gob.do/serve/renderimage.aspx?x=80&y=90&cz=5&m=0&i=841&f=lists_images", "images": [{"url": "http://www.camaradediputados.gob.do/serve/renderimage.aspx?x=80&y=90&cz=5&m=0&i=841&f=lists_images"}], "name": "Ren\u00e9 Polanco Vidal"}
{"gender": "male", "id": "4ef0883d-b1a9-46e0-aee0-d20d0123cd45", "identifiers": [{"identifier": "2085", "scheme": "everypolitician_legacy"}], "image": "http://www.camaradediputados.gob.do/serve/renderimage.aspx?x=80&y=90&cz=5&m=0&i=2085&f=lists_images", "images": [{"url": "http://www.camaradediputados.gob.do/serve/renderimage.aspx?x=80&y=90&cz=5&m=0&i=2085&f=lists_images"}], "name": "Jos\u00e9 Geovanny Tejada Reynoso"}
{"gender": "male", "id": "4f2efce0-ac48-4cc0-b49b-77a8e3c0bbb0", "identifiers": [{"identifier": "2028", "scheme": "everypolitician_legacy"}], "image": "http://www.camaradediputados.gob.do/serve/renderimage.aspx?x=80&y=90&cz=5&m=0&i=2028&f=lists_images", "images": [{"url": "http://www.camaradediputados.gob.do/serve/renderimage.aspx?x=80&y=90&cz=5&m=0&i=2028&f=lists_images"}], "name": "Francisco Antonio Mancebo Melo"}
{"gender": "male", "id": "517b58c6-4bf0-4760-b613-cc2b00a9c904", "identifiers": [{"identifier": "2015", "scheme": "everypolitician_legacy"}], "image": "http://www.camaradediputados.gob.do/serve/renderimage.aspx?x=80&y=90&cz=5&m=0&i=2015&f=lists_images", "images": [{"url": "http://www.camaradediputados.gob.do/serve/renderimage.aspx?x=80&y=90&cz=5&m=0&i=2015&f=lists_images"}], "name": "Miguel Eduardo Espinal Mu\u00f1\u00f3z"}
{"gender": "male", "id": "520f385a-1757-4027-9b82-2c639602e74a", "identifiers": [{"identifier": "764", "scheme": "everypolitician_legacy"}], "image": "http://www.camaradediputados.gob.do/serve/renderimage.aspx?x=80&y=90&cz=5&m=0&i=764&f=lists_images", "images": [{"url": "http://www.camaradediputados.gob.do/serve/renderimage.aspx?x=80&y=90&cz=5&m=0&i=764&f=lists_images"}], "name": "Leivin Esenobel Guerrero"}
{"gender": "male", "id": "54b0202d-69ad-4baa-b410-8dbf75056713", "identifiers": [{"identifier": "3225", "scheme": "everypolitician_legacy"}], "image": "http://www.camaradediputados.gob.do/serve/renderimage.aspx?x=80&y=90&cz=5&m=0&i=3225&f=lists_images", "images": [{"url": "http://www.camaradediputados.gob.do/serve/renderimage.aspx?x=80&y=90&cz=5&m=0&i=3225&f=lists_images"}], "name": "Rub\u00e9n Dar\u00edo Luna Mart\u00ednez"}
{"gender": "male", "id": "58a340fa-be4c-484c-9c0c-75055dbe7166", "identifiers": [{"identifier": "810", "scheme": "everypolitician_legacy"}], "image": "http://www.camaradediputados.gob.do/serve/renderimage.aspx?x=80&y=90&cz=5&m=0&i=810&f=lists_images", "images": [{"url": "http://www.camaradediputados.gob.do/serve/renderimage.aspx?x=80&y=90&cz=5&m=0&i=810&f=lists_images"}], "name": "Elvin Antonio Fulgencio"}
{"gender": "female", "id": "593a94be-4eec-4fd2-8500-58a2631748e7", "identifiers": [{"identifier": "2048", "scheme": "everypolitician_legacy"}], "image": "http://www.camaradediputados.gob.do/serve/renderimage.aspx?x=80&y=90&cz=5&m=0&i=2048&f=lists_images", "images": [{"url": "http://www.camaradediputados.gob.do/serve/renderimage.aspx?x=80&y=90&cz=5&m=0&i=2048&f=lists_images"}], "name": "Guadalupe Vald\u00e9z San Pedro"}
{"gender": "female", "id": "59bbca35-4322-4363-b33e-e3eed8bdae73", "identifiers": [{"identifier": "2039", "scheme": "everypolitician_legacy"}], "image": "http://www.camaradediputados.gob.do/serve/renderimage.aspx?x=80&y=90&cz=5&m=0&i=2039&f=lists_images", "images": [{"url": "http://www.camaradediputados.gob.do/serve/renderimage.aspx?x=80&y=90&cz=5&m=0&i=2039&f=lists_images"}], "name": "Getrude Ram\u00edrez Cabral"}
{"birth_date": "1976-07-03", "gender": "male", "given_name": "V\u00edctor", "id": "5c40910a-5905-4506-b4ee-c19a436e5eb8", "identifiers": [{"identifier": "2071", "scheme": "everypolitician_legacy"}, {"identifier": "Q25303370", "scheme": "wikidata"}], "image": "http://www.camaradediputados.gob.do/serve/renderimage.aspx?x=80&y=90&cz=5&m=0&i=2071&f=lists_images", "images": [{"url": "http://www.camaradediputados.gob.do/serve/renderimage.aspx?x=80&y=90&cz=5&m=0&i=2071&f=lists_images"}, {"url": "https://upload.wikimedia.org/wikipedia/commons/4/44/Director_ejecutivo_apordom_vgc.jpg"}], "links": [{"note": "Wikipedia (es)", "url": "https://es.wikipedia.org/wiki/V\u00edctor_G\u00f3mez_Casanova"}], "name": "Victor Osvaldo G\u00f3mez Casanova", "other_names": [{"lang": "en", "name": "V\u00edctor G\u00f3mez Casanova", "note": "multilingual"}]}
{"gender": "male", "id": "5e1f433b-699f-4bf8-a1c1-233d6a775584", "identifiers": [{"identifier": "2011", "scheme": "everypolitician_legacy"}], "image": "http://www.camaradediputados.gob.do/serve/renderimage.aspx?x=80&y=90&cz=5&m=0&i=2011&f=lists_images", "images": [{"url": "http://www.camaradediputados.gob.do/serve/renderimage.aspx?x=80&y=90&cz=5&m=0&i=2011&f=lists_images"}], "name": "Rafael Tob\u00edas Crespo P\u00e9rez"}
{"gender": "female", "id": "5ec48db7-c20c-42ef-a29c-0759bc37f65d", "identifiers": [{"identifier": "2063", "scheme": "everypolitician_legacy"}], "image": "http://www.camaradediputados.gob.do/serve/renderimage.aspx?x=80&y=90&cz=5&m=0&i=2063&f=lists_images", "images": [{"url": "http://www.camaradediputados.gob.do/serve/renderimage.aspx?x=80&y=90&cz=5&m=0&i=2063&f=lists_images"}], "name": "Ana Miledy Cuevas"}
{"gender": "male", "id": "60a1e887-b7df-4f95-9ba9-c9f0e048966f", "identifiers": [{"identifier": "2055", "scheme": "everypolitician_legacy"}], "image": "http://www.camaradediputados.gob.do/serve/renderimage.aspx?x=80&y=90&cz=5&m=0&i=2055&f=lists_images", "images": [{"url": "http://www.camaradediputados.gob.do/serve/renderimage.aspx?x=80&y=90&cz=5&m=0&i=2055&f=lists_images"}], "name": "Andr\u00e9s Enmanuel Bautista Taveras"}
{"gender": "female", "id": "612c6abc-1cd2-480b-bbf0-e66280a2fcaa", "identifiers": [{"identifier": "2006", "scheme": "everypolitician_legacy"}], "image": "http://www.camaradediputados.gob.do/serve/renderimage.aspx?x=80&y=90&cz=5&m=0&i=2006&f=lists_images", "images": [{"url": "http://www.camaradediputados.gob.do/serve/renderimage.aspx?x=80&y=90&cz=5&m=0&i=2006&f=lists_images"}], "name": "Mirian Altagracia Cabral P\u00e9rez"}
{"gender": "male", "id": "614a0035-03b1-4a81-b13f-ffb7445a6d00", "identifiers": [{"identifier": "704", "scheme": "everypolitician_legacy"}], "image": "http://www.camaradediputados.gob.do/serve/renderimage.aspx?x=80&y=90&cz=5&m=0&i=704&f=lists_images", "images": [{"url": "http://www.camaradediputados.gob.do/serve/renderimage.aspx?x=80&y=90&cz=5&m=0&i=704&f=lists_images"}], "name": "Juan Andr\u00e9s Compr\u00e9s Brito"}
{"gender": "male", "id": "623791c6-1244-4494-b91c-5d56724a7ca1", "identifiers": [{"identifier": "2068", "scheme": "everypolitician_legacy"}], "image": "http://www.camaradediputados.gob.do/serve/renderimage.aspx?x=80&y=90&cz=5&m=0&i=2068&f=lists_images", "images": [{"url": "http://www.camaradediputados.gob.do/serve/renderimage.aspx?x=80&y=90&cz=5&m=0&i=2068&f=lists_images"}], "name": "Ram\u00f3n Antonio Fern\u00e1ndez Mart\u00ednez"}
{"gender": "male", "id": "64efdfb1-ab14-46a0-9542-508fd33bc855", "identifiers": [{"identifier": "2061", "scheme": "everypolitician_legacy"}], "image": "http://www.camaradediputados.gob.do/serve/renderimage.aspx?x=80&y=90&cz=5&m=0&i=2061&f=lists_images", "images": [{"url": "http://www.camaradediputados.gob.do/serve/renderimage.aspx?x=80&y=90&cz=5&m=0&i=2061&f=lists_images"}], "name": "Luis Enrique Castillo Ogando"}
{"gender": "male", "id": "65506808-6fe5-472b-bfdf-1fe37f3bafb1", "identifiers": [{"identifier": "2005", "scheme": "everypolitician_legacy"}], "image": "http://www.camaradediputados.gob.do/serve/renderimage.aspx?x=80&y=90&cz=5&m=0&i=2005&f=lists_images", "images": [{"url": "http://www.camaradediputados.gob.do/serve/renderimage.aspx?x=80&y=90&cz=5&m=0&i=2005&f=lists_images"}], "name": "Pedro Billilo Mota"}
{"gender": "male", "id": "65d09520-89b1-4cdb-8ed3-37fdf4a8844e", "identifiers": [{"identifier": "2041", "scheme": "everypolitician_legacy"}], "image": "http://www.camaradediputados.gob.do/serve/renderimage.aspx?x=80&y=90&cz=5&m=0&i=2041&f=lists_images", "images": [{"url": "http://www.camaradediputados.gob.do/serve/renderimage.aspx?x=80&y=90&cz=5&m=0&i=2041&f=lists_images"}], "name": "Pedro Juan Rodr\u00edguez Mel\u00e9ndez"}
{"gender": "male", "id": "66fccf68-555e-4f97-9043-e26ea2193739", "identifiers": [{"identifier": "724", "scheme": "everypolitician_legacy"}], "image": "http://www.camaradediputados.gob.do/serve/renderimage.aspx?x=80&y=90&cz=5&m=0&i=724&f=lists_images", "images": [{"url": "http://www.camaradediputados.gob.do/serve/renderimage.aspx?x=80&y=90&cz=5&m=0&i=724&f=lists_images"}], "name": "Plutarco P\u00e9rez"}
{"gender": "male", "id": "676a786e-a4db-479c-b8d9-8bb07ba7884b", "identifiers": [{"identifier": "687", "scheme": "everypolitician_legacy"}], "image": "http://www.camaradediputados.gob.do/serve/renderimage.aspx?x=80&y=90&cz=5&m=0&i=687&f=lists_images", "images": [{"url": "http://www.camaradediputados.gob.do/serve/renderimage.aspx?x=80&y=90&cz=5&m=0&i=687&f=lists_images"}], "name": "Ram\u00f3n Ricardo S\u00e1nchez De la Rosa"}
{"gender": "male", "id": "680e5123-8b2d-4b9f-af64-2aefe523e879", "identifiers": [{"identifier": "682", "scheme": "everypolitician_legacy"}], "image": "http://www.camaradediputados.gob.do/serve/renderimage.aspx?x=80&y=90&cz=5&m=0&i=682&f=lists_images", "images": [{"url": "http://www.camaradediputados.gob.do/serve/renderimage.aspx?x=80&y=90&cz=5&m=0&i=682&f=lists_images"}], "name": "Ram\u00f3n Antonio Bueno Pati\u00f1o"}
{"gender": "male", "id": "68c7481f-26f1-47f2-bfbb-48ea17f3bd88", "identifiers": [{"identifier": "3221", "scheme": "everypolitician_legacy"}], "image": "http://www.camaradediputados.gob.do/serve/renderimage.aspx?x=80&y=90&cz=5&m=0&i=3221&f=lists_images", "images": [{"url": "http://www.camaradediputados.gob.do/serve/renderimage.aspx?x=80&y=90&cz=5&m=0&i=3221&f=lists_images"}], "name": "Alfredo Antonio Rodr\u00edguez Azcona"}
{"gender": "male", "id": "6adf1fed-0979-4105-b80f-2e725b500f10", "identifiers": [{"identifier": "815", "scheme": "everypolitician_legacy"}], "image": "http://www.camaradediputados.gob.do/serve/renderimage.aspx?x=80&y=90&cz=5&m=0&i=815&f=lists_images", "images": [{"url": "http://www.camaradediputados.gob.do/serve/renderimage.aspx?x=80&y=90&cz=5&m=0&i=815&f=lists_images"}], "name": "Ram\u00f3n Antonio Cabrera Cabrera"}
{"gender": "female", "id": "6b60c5c2-bcca-4c01-90b5-7733b01503ef", "identifiers": [{"identifier": "820", "scheme": "everypolitician_legacy"}], "image": "http://www.camaradediputados.gob.do/serve/renderimage.aspx?x=80&y=90&cz=5&m=0&i=820&f=lists_images", "images": [{"url": "http://www.camaradediputados.gob.do/serve/renderimage.aspx?x=80&y=90&cz=5&m=0&i=820&f=lists_images"}], "name": "Ysabel De La Cruz Javier"}
{"gender": "male", "id": "6dfad47c-5590-4906-9e6d-0e7887b5cd0e", "identifiers": [{"identifier": "694", "scheme": "everypolitician_legacy"}], "image": "http://www.camaradediputados.gob.do/serve/renderimage.aspx?x=80&y=90&cz=5&m=0&i=694&f=lists_images", "images": [{"url": "http://www.camaradediputados.gob.do/serve/renderimage.aspx?x=80&y=90&cz=5&m=0&i=694&f=lists_images"}], "name": "Julio Alberto Brito Pe\u00f1a"}
{"gender": "male", "id": "6e3f4242-16b6-4821-8022-a90d96059237", "identifiers": [{"identifier": "3220", "scheme": "everypolitician_legacy"}], "image": "http://www.camaradediputados.gob.do/serve/renderimage.aspx?x=80&y=90&cz=5&m=0&i=3220&f=lists_images", "images": [{"url": "http://www.camaradediputados.gob.do/serve/renderimage.aspx?x=80&y=90&cz=5&m=0&i=3220&f=lists_images"}], "name": "Aurelio Agust\u00edn Mercedes Moscat"}
{"gender": "male", "id": "6e9d9c9a-067e-4efb-b25d-ee1deb006aad", "identifiers": [{"identifier": "2079", "scheme": "everypolitician_legacy"}], "image": "http://www.camaradediputados.gob.do/serve/renderimage.aspx?x=80&y=90&cz=5&m=0&i=2079&f=lists_images", "images": [{"url": "http://www.camaradediputados.gob.do/serve/renderimage.aspx?x=80&y=90&cz=5&m=0&i=2079&f=lists_images"}], "name": "Eugenio Mar\u00eda M\u00e9ndez Ram\u00edrez"}
{"gender": "female", "id": "6f2ad493-2867-4ea6-af82-dda721273cd6", "identifiers": [{"identifier": "2035", "scheme": "everypolitician_legacy"}], "image": "http://www.camaradediputados.gob.do/serve/renderimage.aspx?x=80&y=90&cz=5&m=0&i=2035&f=lists_images", "images": [{"url": "http://www.camaradediputados.gob.do/serve/renderimage.aspx?x=80&y=90&cz=5&m=0&i=2035&f=lists_images"}], "name": "Catalina Paredes Pinales"}
{"gender": "female", "id": "6f3d7df2-e3bb-4cc7-9c00-6380e8561b46", "identifiers": [{"identifier": "809", "scheme": "everypolitician_legacy"}], "image": "http://www.camaradediputados.gob.do/serve/renderimage.aspx?x=80&y=90&cz=5&m=0&i=809&f=lists_images", "images": [{"url": "http://www.camaradediputados.gob.do/serve/renderimage.aspx?x=80&y=90&cz=5&m=0&i=809&f=lists_images"}], "name": "Karen Lisbeth Ricardo Corniel"}
{"gender": "male", "id": "71fc841b-2e8e-4d4f-9571-ee4ba14de3e9", "identifiers": [{"identifier": "837", "scheme": "everypolitician_legacy"}], "image": "http://www.camaradediputados.gob.do/serve/renderimage.aspx?x=80&y=90&cz=5&m=0&i=837&f=lists_images", "images": [{"url": "http://www.camaradediputados.gob.do/serve/renderimage.aspx?x=80&y=90&cz=5&m=0&i=837&f=lists_images"}], "name": "Rub\u00e9n Dar\u00edo Maldonado D\u00edaz"}
{"gender": "female", "id": "725f5199-e2ab-4d0e-afaf-ef805cdd9c59", "identifiers": [{"identifier": "2001", "scheme": "everypolitician_legacy"}], "image": "http://www.camaradediputados.gob.do/serve/renderimage.aspx?x=80&y=90&cz=5&m=0&i=2001&f=lists_images", "images": [{"url": "http://www.camaradediputados.gob.do/serve/renderimage.aspx?x=80&y=90&cz=5&m=0&i=2001&f=lists_images"}], "name": "B\u00e1rbara Yvelice Abr\u00e9u Grull\u00f3n"}
{"gender": "male", "id": "73600e11-ed79-406c-9992-17f811aee764", "identifiers": [{"identifier": "829", "scheme": "everypolitician_legacy"}], "image": "http://www.camaradediputados.gob.do/serve/renderimage.aspx?x=80&y=90&cz=5&m=0&i=829&f=lists_images", "images": [{"url": "http://www.camaradediputados.gob.do/serve/renderimage.aspx?x=80&y=90&cz=5&m=0&i=829&f=lists_images"}], "name": "Luis Rafael S\u00e1nchez Rosario"}
{"gender": "male", "id": "73680766-8ace-4ac5-9a83-698fde435e8e", "identifiers": [{"identifier": "671", "scheme": "everypolitician_legacy"}], "image": "http://www.camaradediputados.gob.do/serve/renderimage.aspx?x=80&y=90&cz=5&m=0&i=671&f=lists_images", "images": [{"url": "http://www.camaradediputados.gob.do/serve/renderimage.aspx?x=80&y=90&cz=5&m=0&i=671&f=lists_images"}], "name": "El\u00edas Rafael Serulle Tav\u00e1rez"}
{"gender": "male", "id": "77da1781-842b-464f-9d5b-e15ab4032912", "identifiers": [{"identifier": "790", "scheme": "everypolitician_legacy"}], "image": "http://www.camaradediputados.gob.do/serve/renderimage.aspx?x=80&y=90&cz=5&m=0&i=790&f=lists_images", "images": [{"url": "http://www.camaradediputados.gob.do/serve/renderimage.aspx?x=80&y=90&cz=5&m=0&i=790&f=lists_images"}], "name": "Ram\u00f3n Dilepcio N\u00fa\u00f1ez P\u00e9rez"}
{"gender": "female", "id": "78f9a3f9-baa0-4fc1-aa15-ec45fb13e200", "identifiers": [{"identifier": "3219", "scheme": "everypolitician_legacy"}], "image": "http://www.camaradediputados.gob.do/serve/renderimage.aspx?x=80&y=90&cz=5&m=0&i=3219&f=lists_images", "images": [{"url": "http://www.camaradediputados.gob.do/serve/renderimage.aspx?x=80&y=90&cz=5&m=0&i=3219&f=lists_images"}], "name": "Adelis de Jes\u00fas Olivares Ortega"}
{"gender": "female", "id": "798dfc2f-a615-4c0f-b69f-0cd7a2753ecc", "identifiers": [{"identifier": "2073", "scheme": "everypolitician_legacy"}], "image": "http://www.camaradediputados.gob.do/serve/renderimage.aspx?x=80&y=90&cz=5&m=0&i=2073&f=lists_images", "images": [{"url": "http://www.camaradediputados.gob.do/serve/renderimage.aspx?x=80&y=90&cz=5&m=0&i=2073&f=lists_images"}], "name": "Mar\u00eda Luisa Guzm\u00e1n Calder\u00f3n"}
{"gender": "male", "id": "7a359d89-377e-4187-b257-e625e9bc2187", "identifiers": [{"identifier": "2004", "scheme": "everypolitician_legacy"}], "image": "http://www.camaradediputados.gob.do/serve/renderimage.aspx?x=80&y=90&cz=5&m=0&i=2004&f=lists_images", "images": [{"url": "http://www.camaradediputados.gob.do/serve/renderimage.aspx?x=80&y=90&cz=5&m=0&i=2004&f=lists_images"}], "name": "Francisco Arturo Bautista Medina"}
{"gender": "male", "id": "7afa145a-afbe-4878-9303-2b0859437df4", "identifiers": [{"identifier": "697", "scheme": "everypolitician_legacy"}], "image": "http://www.camaradediputados.gob.do/serve/renderimage.aspx?x=80&y=90&cz=5&m=0&i=697&f=lists_images", "images": [{"url": "http://www.camaradediputados.gob.do/serve/renderimage.aspx?x=80&y=90&cz=5&m=0&i=697&f=lists_images"}], "name": "Aquiles Leonel Ledesma Alc\u00e1ntara"}
{"gender": "male", "id": "7cf904a3-5055-48af-a33a-66d689cb3e17", "identifiers": [{"identifier": "2018", "scheme": "everypolitician_legacy"}], "image": "http://www.camaradediputados.gob.do/serve/renderimage.aspx?x=80&y=90&cz=5&m=0&i=2018&f=lists_images", "images": [{"url": "http://www.camaradediputados.gob.do/serve/renderimage.aspx?x=80&y=90&cz=5&m=0&i=2018&f=lists_images"}], "name": "Carlos Mar\u00eda Garc\u00eda G\u00f3mez"}
{"gender": "male", "id": "7e738910-ba8b-4eba-8cfa-ba72f336fe77", "identifiers": [{"identifier": "766", "scheme": "everypolitician_legacy"}], "image": "http://www.camaradediputados.gob.do/serve/renderimage.aspx?x=80&y=90&cz=5&m=0&i=766&f=lists_images", "images": [{"url": "http://www.camaradediputados.gob.do/serve/renderimage.aspx?x=80&y=90&cz=5&m=0&i=766&f=lists_images"}], "name": "Manuel Antonio D\u00edaz Santos"}
{"gender": "male", "id": "8125407d-3ac2-4aa3-b52c-1d48dd9cedaf", "identifiers": [{"identifier": "795", "scheme": "everypolitician_legacy"}], "image": "http://www.camaradediputados.gob.do/serve/renderimage.aspx?x=80&y=90&cz=5&m=0&i=795&f=lists_images", "images": [{"url": "http://www.camaradediputados.gob.do/serve/renderimage.aspx?x=80&y=90&cz=5&m=0&i=795&f=lists_images"}], "name": "Dem\u00f3stenes Willian Mart\u00ednez Hern\u00e1ndez"}
{"gender": "male", "id": "81a14bdb-46b5-4ef6-a049-2731327cb30a", "identifiers": [{"identifier": "781", "scheme": "everypolitician_legacy"}], "image": "http://www.camaradediputados.gob.do/serve/renderimage.aspx?x=80&y=90&cz=5&m=0&i=781&f=lists_images", "images": [{"url": "http://www.camaradediputados.gob.do/serve/renderimage.aspx?x=80&y=90&cz=5&m=0&i=781&f=lists_images"}], "name": "Nelson de Jes\u00fas Arroyo Perdomo"}
{"gender": "female", "id": "82682180-4d4c-48d4-8259-318c12a614b9", "identifiers": [{"identifier": "2067", "scheme": "everypolitician_legacy"}], "image": "http://www.camaradediputados.gob.do/serve/renderimage.aspx?x=80&y=90&cz=5&m=0&i=2067&f=lists_images", "images": [{"url": "http://www.camaradediputados.gob.do/serve/renderimage.aspx?x=80&y=90&cz=5&m=0&i=2067&f=lists_images"}], "name": "Graciela Ferm\u00edn Nuesi"}
{"gender": "male", "id": "838a121f-8fb3-4ffa-af1a-ddac8b66281d", "identifiers": [{"identifier": "678", "scheme": "everypolitician_legacy"}], "image": "http://www.camaradediputados.gob.do/serve/renderimage.aspx?x=80&y=90&cz=5&m=0&i=678&f=lists_images", "images": [{"url": "http://www.camaradediputados.gob.do/serve/renderimage.aspx?x=80&y=90&cz=5&m=0&i=678&f=lists_images"}], "name": "Albert El\u00edas Atallah Lajan"}
{"gender": "male", "id": "85e6ae0c-1435-4ea5-ae7d-213d236ddc97", "identifiers": [{"identifier": "2031", "scheme": "everypolitician_legacy"}], "image": "http://www.camaradediputados.gob.do/serve/renderimage.aspx?x=80&y=90&cz=5&m=0&i=2031&f=lists_images", "images": [{"url": "http://www.camaradediputados.gob.do/serve/renderimage.aspx?x=80&y=90&cz=5&m=0&i=2031&f=lists_images"}], "name": "V\u00edctor E. Menc\u00eda Garc\u00eda"}
{"gender": "male", "id": "8699a0c4-d27b-4517-abbc-33e97c61d1e5", "identifiers": [{"identifier": "2076", "scheme": "everypolitician_legacy"}], "image": "http://www.camaradediputados.gob.do/serve/renderimage.aspx?x=80&y=90&cz=5&m=0&i=2076&f=lists_images", "images": [{"url": "http://www.camaradediputados.gob.do/serve/renderimage.aspx?x=80&y=90&cz=5&m=0&i=2076&f=lists_images"}], "name": "Elpidio Infante Gal\u00e1n"}
{"gender": "male", "id": "86cea5d3-3be9-4fcd-b1ea-afc70a8c1ba9", "identifiers": [{"identifier": "743", "scheme": "everypolitician_legacy"}], "image": "http://www.camaradediputados.gob.do/serve/renderimage.aspx?x=80&y=90&cz=5&m=0&i=743&f=lists_images", "images": [{"url": "http://www.camaradediputados.gob.do/serve/renderimage.aspx?x=80&y=90&cz=5&m=0&i=743&f=lists_images"}], "name": "Juan Suazo Marte"}
{"gender": "male", "id": "8798e379-5929-4fdd-b6e2-ca83c864e23f", "identifiers": [{"identifier": "2045", "scheme": "everypolitician_legacy"}], "image": "http://www.camaradediputados.gob.do/serve/renderimage.aspx?x=80&y=90&cz=5&m=0&i=2045&f=lists_images", "images": [{"url": "http://www.camaradediputados.gob.do/serve/renderimage.aspx?x=80&y=90&cz=5&m=0&i=2045&f=lists_images"}], "name": "Leoncio Te\u00f3dulo Sandoval L\u00f3pez"}
{"gender": "male", "id": "897fdf8e-91b8-4cf6-8ddb-e1ab2328705e", "identifiers": [{"identifier": "700", "scheme": "everypolitician_legacy"}], "image": "http://www.camaradediputados.gob.do/serve/renderimage.aspx?x=80&y=90&cz=5&m=0&i=700&f=lists_images", "images": [{"url": "http://www.camaradediputados.gob.do/serve/renderimage.aspx?x=80&y=90&cz=5&m=0&i=700&f=lists_images"}], "name": "Gregorio Reyes Castillo"}
{"gender": "male", "id": "8a6434a7-d21f-417c-9e88-59edc5fa2366", "identifiers": [{"identifier": "2095", "scheme": "everypolitician_legacy"}], "image": "http://www.camaradediputados.gob.do/serve/renderimage.aspx?x=80&y=90&cz=5&m=0&i=2095&f=lists_images", "images": [{"url": "http://www.camaradediputados.gob.do/serve/renderimage.aspx?x=80&y=90&cz=5&m=0&i=2095&f=lists_images"}], "name": "Virgilio Mer\u00e1n Valenzuela"}
{"gender": "male", "id": "8cf8fe48-8b78-42b5-90a8-d8cb34256e44", "identifiers": [{"identifier": "2009", "scheme": "everypolitician_legacy"}], "image": "http://www.camaradediputados.gob.do/serve/renderimage.aspx?x=80&y=90&cz=5&m=0&i=2009&f=lists_images", "images": [{"url": "http://www.camaradediputados.gob.do/serve/renderimage.aspx?x=80&y=90&cz=5&m=0&i=2009&f=lists_images"}], "name": "Ricardo De Jes\u00fas Contreras Medina"}
{"gender": "male", "id": "8f74491e-5374-4021-a335-71790a1c20e4", "identifiers": [{"identifier": "2026", "scheme": "everypolitician_legacy"}], "image": "http://www.camaradediputados.gob.do/serve/renderimage.aspx?x=80&y=90&cz=5&m=0&i=2026&f=lists_images", "images": [{"url": "http://www.camaradediputados.gob.do/serve/renderimage.aspx?x=80&y=90&cz=5&m=0&i=2026&f=lists_images"}], "name": "Miguel \u00c1ngel Jazm\u00edn de la Cruz"}
{"gender": "male", "id": "8f907108-7e75-4c06-8b46-9bce27993fd0", "identifiers": [{"identifier": "2036", "scheme": "everypolitician_legacy"}], "image": "http://www.camaradediputados.gob.do/serve/renderimage.aspx?x=80&y=90&cz=5&m=0&i=2036&f=lists_images", "images": [{"url": "http://www.camaradediputados.gob.do/serve/renderimage.aspx?x=80&y=90&cz=5&m=0&i=2036&f=lists_images"}], "name": "Miguel \u00c1ngel Peguero M\u00e9ndez"}
{"birth_date": "1963-08-27", "family_name": "Bisono", "gender": "male", "given_name": "Victor", "id": "93652f7b-a2d9-4500-8851-e497b7305597", "identifiers": [{"identifier": "681", "scheme": "everypolitician_legacy"}, {"identifier": "0000 0000 5452 9904", "scheme": "isni"}, {"identifier": "no2008181476", "scheme": "lcauth"}, {"identifier": "7221865", "scheme": "viaf"}, {"identifier": "Q5923172", "scheme": "wikidata"}], "image": "http://www.camaradediputados.gob.do/serve/renderimage.aspx?x=80&y=90&cz=5&m=0&i=681&f=lists_images", "images": [{"url": "http://www.camaradediputados.gob.do/serve/renderimage.aspx?x=80&y=90&cz=5&m=0&i=681&f=lists_images"}, {"url": "https://upload.wikimedia.org/wikipedia/commons/0/0d/V\u00edctor_Bison\u00f3_(cropped).jpg"}], "links": [{"note": "Wikimedia Commons", "url": "https://commons.wikimedia.org/wiki/Category:Ito_Bison\u00f3"}, {"note": "Wikipedia (en)", "url": "https://en.wikipedia.org/wiki/V\u00edctor_Bison\u00f3"}, {"note": "Wikipedia (es)", "url": "https://es.wikipedia.org/wiki/V\u00edctor_Bison\u00f3"}], "name": "V\u00edctor Orlando Bison\u00f3 Haza", "other_names": [{"lang": "en", "name": "Victor Bisono", "note": "multilingual"}, {"lang": "es", "name": "Ito Bison\u00f3", "note": "multilingual"}, {"lang": "fr", "name": "Victor Bison\u00f3", "note": "multilingual"}, {"lang": "nl", "name": "Victor Bison\u00f3", "note": "multilingual"}, {"lang": "sl", "name": "Ito Bison\u00f3", "note": "multilingual"}]}
{"gender": "male", "id": "94d1a78e-aa12-46cc-9e59-fe07f771f0d4", "identifiers": [{"identifier": "688", "scheme": "everypolitician_legacy"}], "image": "http://www.camaradediputados.gob.do/serve/renderimage.aspx?x=80&y=90&cz=5&m=0&i=688&f=lists_images", "images": [{"url": "http://www.camaradediputados.gob.do/serve/renderimage.aspx?x=80&y=90&cz=5&m=0&i=688&f=lists_images"}], "name": "Guido Cabrera Mart\u00ednez"}
{"gender": "male", "id": "966c93c6-0fc3-4f3f-9d9a-dba61870c1a1", "identifiers": [{"identifier": "2046", "scheme": "everypolitician_legacy"}], "image": "http://www.camaradediputados.gob.do/serve/renderimage.aspx?x=80&y=90&cz=5&m=0&i=2046&f=lists_images", "images": [{"url": "http://www.camaradediputados.gob.do/serve/renderimage.aspx?x=80&y=90&cz=5&m=0&i=2046&f=lists_images"}], "name": "Aquilino Serrata Uceta"}
{"gender": "male", "id": "9b90c1d6-53f5-4896-a97f-9a175d96f4e7", "identifiers": [{"identifier": "2081", "scheme": "everypolitician_legacy"}], "image": "http://www.camaradediputados.gob.do/serve/renderimage.aspx?x=80&y=90&cz=5&m=0&i=2081&f=lists_images", "images": [{"url": "http://www.camaradediputados.gob.do/serve/renderimage.aspx?x=80&y=90&cz=5&m=0&i=2081&f=lists_images"}], "name": "Fabio Ernesto Vargas Matos"}
{"gender": "male", "id": "9c51d084-d2c1-48fa-a967-3af9423dba2e", "identifiers": [{"identifier": "2020", "scheme": "everypolitician_legacy"}], "image": "http://www.camaradediputados.gob.do/serve/renderimage.aspx?x=80&y=90&cz=5&m=0&i=2020&f=lists_images", "images": [{"url": "http://www.camaradediputados.gob.do/serve/renderimage.aspx?x=80&y=90&cz=5&m=0&i=2020&f=lists_images"}], "name": "Jos\u00e9 Nelson Guill\u00e9n Vald\u00e9z"}
{"gender": "male", "id": "9d7b0cf4-ec53-466f-8900-82c119abcd5c", "identifiers": [{"identifier": "758", "scheme": "everypolitician_legacy"}], "image": "http://www.camaradediputados.gob.do/serve/renderimage.aspx?x=80&y=90&cz=5&m=0&i=758&f=lists_images", "images": [{"url": "http://www.camaradediputados.gob.do/serve/renderimage.aspx?x=80&y=90&cz=5&m=0&i=758&f=lists_images"}], "name": "Afif Nazario Rizek Camilo"}
{"gender": "male", "id": "9eb56dec-3f19-4fd1-8a49-c8d0fa33d0a6", "identifiers": [{"identifier": "2025", "scheme": "everypolitician_legacy"}], "image": "http://www.camaradediputados.gob.do/serve/renderimage.aspx?x=80&y=90&cz=5&m=0&i=2025&f=lists_images", "images": [{"url": "http://www.camaradediputados.gob.do/serve/renderimage.aspx?x=80&y=90&cz=5&m=0&i=2025&f=lists_images"}], "name": "Mario Jos\u00e9 Hidalgo Beato"}
{"gender": "male", "id": "9f1f6d4a-5328-4172-9cb7-8ae6d9171e06", "identifiers": [{"identifier": "674", "scheme": "everypolitician_legacy"}], "image": "http://www.camaradediputados.gob.do/serve/renderimage.aspx?x=80&y=90&cz=5&m=0&i=674&f=lists_images", "images": [{"url": "http://www.camaradediputados.gob.do/serve/renderimage.aspx?x=80&y=90&cz=5&m=0&i=674&f=lists_images"}], "name": "Gustavo Antonio S\u00e1nchez Garc\u00eda"}
{"gender": "male", "id": "9f25d4ca-418b-4e3e-8238-7ade75b76175", "identifiers": [{"identifier": "2092", "scheme": "everypolitician_legacy"}], "image": "http://www.camaradediputados.gob.do/serve/renderimage.aspx?x=80&y=90&cz=5&m=0&i=2092&f=lists_images", "images": [{"url": "http://www.camaradediputados.gob.do/serve/renderimage.aspx?x=80&y=90&cz=5&m=0&i=2092&f=lists_images"}], "name": "Pedro Tom\u00e1s Botello Solim\u00e1n"}
{"gender": "male", "id": "9f2dba54-8173-4d54-a2a3-a8c5875733aa", "identifiers": [{"identifier": "8307", "scheme": "everypolitician_legacy"}], "name": "Nidio Encarnaci\u00f3n"}
{"gender": "male", "id": "a0d8da26-5224-40f9-8f2f-f80c627061df", "identifiers": [{"identifier": "2058", "scheme": "everypolitician_legacy"}], "image": "http://www.camaradediputados.gob.do/serve/renderimage.aspx?x=80&y=90&cz=5&m=0&i=2058&f=lists_images", "images": [{"url": "http://www.camaradediputados.gob.do/serve/renderimage.aspx?x=80&y=90&cz=5&m=0&i=2058&f=lists_images"}], "name": "Jos\u00e9 Miguel Cabrera"}
{"gender": "female", "id": "a31a2dff-652c-4da5-a2a3-35bcbe3299dc", "identifiers": [{"identifier": "751", "scheme": "everypolitician_legacy"}], "image": "http://www.camaradediputados.gob.do/serve/renderimage.aspx?x=80&y=90&cz=5&m=0&i=751&f=lists_images", "images": [{"url": "http://www.camaradediputados.gob.do/serve/renderimage.aspx?x=80&y=90&cz=5&m=0&i=751&f=lists_images"}], "name": "Orfelina Liseloth Arias Medrano"}
{"birth_date": "1975-09-29", "gender": "male", "given_name": "David", "id": "a32f6083-56de-4aaf-ac06-2fe91dfade83", "identifiers": [{"identifier": "2062", "scheme": "everypolitician_legacy"}, {"identifier": "Q33126432", "scheme": "wikidata"}], "image": "http://www.camaradediputados.gob.do/serve/renderimage.aspx?x=80&y=90&cz=5&m=0&i=2062&f=lists_images", "images": [{"url": "http://www.camaradediputados.gob.do/serve/renderimage.aspx?x=80&y=90&cz=5&m=0&i=2062&f=lists_images"}, {"url": "https://upload.wikimedia.org/wikipedia/commons/6/61/(David_Collado)_Madrid_y_Santo_Domingo,_m\u00e1s_cerca.jpg"}], "links": [{"note": "Wikimedia Commons", "url": "https://commons.wikimedia.org/wiki/Category:David_Collado"}, {"note": "Wikipedia (en)", "url": "https://en.wikipedia.org/wiki/David_Collado"}, {"note": "Wikipedia (es)", "url": "https://es.wikipedia.org/wiki/David_Collado"}], "name": "Miguel David Collado Morales", "other_names": [{"lang": "en", "name": "David Collado", "note": "multilingual"}]}
{"birth_date": "1930-08-28", "gender": "male", "given_name": "Hugo", "id": "a3693a44-7e5d-49c5-86b6-b39980b8206d", "identifiers": [{"identifier": "2083", "scheme": "everypolitician_legacy"}, {"identifier": "Q16576566", "scheme": "wikidata"}], "image": "http://www.camaradediputados.gob.do/serve/renderimage.aspx?x=80&y=90&cz=5&m=0&i=2083&f=lists_images", "images": [{"url": "http://www.camaradediputados.gob.do/serve/renderimage.aspx?x=80&y=90&cz=5&m=0&i=2083&f=lists_images"}], "links": [{"note": "Wikipedia (en)", "url": "https://en.wikipedia.org/wiki/Hugo_Tolentino_Dipp"}, {"note": "Wikipedia (es)", "url": "https://es.wikipedia.org/wiki/Hugo_Tolentino_Dipp"}], "name": "Hugo Tolentino Dipp", "other_names": [{"lang": "zh", "name": "\u9438\u9023\u7b2c\u8afe", "note": "multilingual"}]}
{"gender": "male", "id": "a3a8900d-0af5-4b76-bb22-c395ded1770f", "identifiers": [{"identifier": "3222", "scheme": "everypolitician_legacy"}], "image": "http://www.camaradediputados.gob.do/serve/renderimage.aspx?x=80&y=90&cz=5&m=0&i=3222&f=lists_images", "images": [{"url": "http://www.camaradediputados.gob.do/serve/renderimage.aspx?x=80&y=90&cz=5&m=0&i=3222&f=lists_images"}], "name": "Jos\u00e9 Ernesto Morel Santana"}
{"gender": "male", "id": "a3dda529-415e-402b-bd03-6775059d9bac", "identifiers": [{"identifier": "778", "scheme": "everypolitician_legacy"}], "image": "http://www.camaradediputados.gob.do/serve/renderimage.aspx?x=80&y=90&cz=5&m=0&i=778&f=lists_images", "images": [{"url": "http://www.camaradediputados.gob.do/serve/renderimage.aspx?x=80&y=90&cz=5&m=0&i=778&f=lists_images"}], "name": "Franklin Ysa\u00edas Pe\u00f1a Villalona"}
{"gender": "female", "id": "a604a09b-9d5d-4fda-b9ab-79d968056ac2", "identifiers": [{"identifier": "728", "scheme": "everypolitician_legacy"}], "image": "http://www.camaradediputados.gob.do/serve/renderimage.aspx?x=80&y=90&cz=5&m=0&i=728&f=lists_images", "images": [{"url": "http://www.camaradediputados.gob.do/serve/renderimage.aspx?x=80&y=90&cz=5&m=0&i=728&f=lists_images"}], "name": "Gilda Mercedes Moronta Guzm\u00e1n"}
{"gender": "male", "id": "a62ff591-4ec7-48a9-9c68-07af65728a2e", "identifiers": [{"identifier": "2032", "scheme": "everypolitician_legacy"}], "image": "http://www.camaradediputados.gob.do/serve/renderimage.aspx?x=80&y=90&cz=5&m=0&i=2032&f=lists_images", "images": [{"url": "http://www.camaradediputados.gob.do/serve/renderimage.aspx?x=80&y=90&cz=5&m=0&i=2032&f=lists_images"}], "name": "Rafael M\u00e9ndez"}
{"birth_date": "1972-04-21", "gender": "male", "given_name": "Abel", "id": "a6440520-af31-4808-b8c7-13de4ecda1ad", "identifiers": [{"identifier": "785", "scheme": "everypolitician_legacy"}, {"identifier": "Q5654916", "scheme": "wikidata"}], "image": "http://www.camaradediputados.gob.do/serve/renderimage.aspx?x=80&y=90&cz=5&m=0&i=785&f=lists_images", "images": [{"url": "http://www.camaradediputados.gob.do/serve/renderimage.aspx?x=80&y=90&cz=5&m=0&i=785&f=lists_images"}, {"url": "https://upload.wikimedia.org/wikipedia/commons/0/09/Abelmartinez.jpg"}], "links": [{"note": "Wikipedia (es)", "url": "https://es.wikipedia.org/wiki/Abel_Mart\u00ednez_Dur\u00e1n"}], "name": "Abel Atahualpa Mart\u00ednez Dur\u00e1n", "other_names": [{"lang": "en", "name": "Abel Mart\u00ednez Dur\u00e1n", "note": "multilingual"}]}
{"gender": "female", "id": "a726dc3a-7f21-4b9e-82c3-8815127465cf", "identifiers": [{"identifier": "2017", "scheme": "everypolitician_legacy"}], "image": "http://www.camaradediputados.gob.do/serve/renderimage.aspx?x=80&y=90&cz=5&m=0&i=2017&f=lists_images", "images": [{"url": "http://www.camaradediputados.gob.do/serve/renderimage.aspx?x=80&y=90&cz=5&m=0&i=2017&f=lists_images"}], "name": "Mar\u00eda Mercedes Fern\u00e1ndez Cruz"}
{"gender": "male", "id": "a770a2c0-8b76-43c5-8858-678be103367d", "identifiers": [{"identifier": "2134", "scheme": "everypolitician_legacy"}], "image": "http://www.camaradediputados.gob.do/serve/renderimage.aspx?x=80&y=90&cz=5&m=0&i=2134&f=lists_images", "images": [{"url": "http://www.camaradediputados.gob.do/serve/renderimage.aspx?x=80&y=90&cz=5&m=0&i=2134&f=lists_images"}], "name": "Frank Alberto Soto Roa"}
{"gender": "female", "id": "a7a9b97f-9e50-4f04-8d0f-d4add4e622aa", "identifiers": [{"identifier": "537", "scheme": "everypolitician_legacy"}], "image": "http://www.camaradediputados.gob.do/serve/renderimage.aspx?x=80&y=90&cz=5&m=0&i=537&f=lists_images", "images": [{"url": "http://www.camaradediputados.gob.do/serve/renderimage.aspx?x=80&y=90&cz=5&m=0&i=537&f=lists_images"}], "name": "Luc\u00eda Medina S\u00e1nchez"}
{"gender": "male", "id": "aa2e6d86-68e3-4e80-bae1-1235edde546b", "identifiers": [{"identifier": "2059", "scheme": "everypolitician_legacy"}], "image": "http://www.camaradediputados.gob.do/serve/renderimage.aspx?x=80&y=90&cz=5&m=0&i=2059&f=lists_images", "images": [{"url": "http://www.camaradediputados.gob.do/serve/renderimage.aspx?x=80&y=90&cz=5&m=0&i=2059&f=lists_images"}], "name": "Pedro Carreras Santana"}
{"gender": "male", "id": "aadd1e0b-0085-424d-b4bc-90cffe921cb1", "identifiers": [{"identifier": "714", "scheme": "everypolitician_legacy"}], "image": "http://www.camaradediputados.gob.do/serve/renderimage.aspx?x=80&y=90&cz=5&m=0&i=714&f=lists_images", "images": [{"url": "http://www.camaradediputados.gob.do/serve/renderimage.aspx?x=80&y=90&cz=5&m=0&i=714&f=lists_images"}], "name": "Ram\u00f3n No\u00e9 Camacho Santos"}
{"gender": "male", "id": "ac02955a-9221-42df-9dfe-03b3fd0feddb", "identifiers": [{"identifier": "2075", "scheme": "everypolitician_legacy"}], "image": "http://www.camaradediputados.gob.do/serve/renderimage.aspx?x=80&y=90&cz=5&m=0&i=2075&f=lists_images", "images": [{"url": "http://www.camaradediputados.gob.do/serve/renderimage.aspx?x=80&y=90&cz=5&m=0&i=2075&f=lists_images"}], "name": "Carlos Borromeo Terrero Reyes"}
{"gender": "male", "id": "ae686b21-a8f4-49b8-a100-a39e07593ba9", "identifiers": [{"identifier": "708", "scheme": "everypolitician_legacy"}], "image": "http://www.camaradediputados.gob.do/serve/renderimage.aspx?x=80&y=90&cz=5&m=0&i=708&f=lists_images", "images": [{"url": "http://www.camaradediputados.gob.do/serve/renderimage.aspx?x=80&y=90&cz=5&m=0&i=708&f=lists_images"}], "name": "Juan Maldonado Castro"}
{"gender": "male", "id": "af007f33-cac1-4580-942f-503e67584afe", "identifiers": [{"identifier": "2024", "scheme": "everypolitician_legacy"}], "image": "http://www.camaradediputados.gob.do/serve/renderimage.aspx?x=80&y=90&cz=5&m=0&i=2024&f=lists_images", "images": [{"url": "http://www.camaradediputados.gob.do/serve/renderimage.aspx?x=80&y=90&cz=5&m=0&i=2024&f=lists_images"}], "name": "Eduardo Hidalgo Abreu"}
{"gender": "female", "id": "af731b1a-5ce6-4623-8e13-cefa867fbea9", "identifiers": [{"identifier": "2019", "scheme": "everypolitician_legacy"}], "image": "http://www.camaradediputados.gob.do/serve/renderimage.aspx?x=80&y=90&cz=5&m=0&i=2019&f=lists_images", "images": [{"url": "http://www.camaradediputados.gob.do/serve/renderimage.aspx?x=80&y=90&cz=5&m=0&i=2019&f=lists_images"}], "name": "Altagracia Mercedes Gonzalez Gonzalez"}
{"gender": "female", "id": "b1e2edbb-ff47-47b0-adad-1ba629497330", "identifiers": [{"identifier": "745", "scheme": "everypolitician_legacy"}], "image": "http://www.camaradediputados.gob.do/serve/renderimage.aspx?x=80&y=90&cz=5&m=0&i=745&f=lists_images", "images": [{"url": "http://www.camaradediputados.gob.do/serve/renderimage.aspx?x=80&y=90&cz=5&m=0&i=745&f=lists_images"}], "name": "Altagracia Herrera de Brito"}
{"gender": "male", "id": "b2ada5b3-08c0-44fc-8532-1f3d9595957d", "identifiers": [{"identifier": "2027", "scheme": "everypolitician_legacy"}], "image": "http://www.camaradediputados.gob.do/serve/renderimage.aspx?x=80&y=90&cz=5&m=0&i=2027&f=lists_images", "images": [{"url": "http://www.camaradediputados.gob.do/serve/renderimage.aspx?x=80&y=90&cz=5&m=0&i=2027&f=lists_images"}], "name": "Alejandro Jerez Espinal"}
{"gender": "male", "id": "b2c808a3-19e7-4a36-9afd-25f884eedfc0", "identifiers": [{"identifier": "2054", "scheme": "everypolitician_legacy"}], "image": "http://www.camaradediputados.gob.do/serve/renderimage.aspx?x=80&y=90&cz=5&m=0&i=2054&f=lists_images", "images": [{"url": "http://www.camaradediputados.gob.do/serve/renderimage.aspx?x=80&y=90&cz=5&m=0&i=2054&f=lists_images"}], "name": "Wellington Am\u00edn Arnaud Bison\u00f3"}
{"gender": "male", "id": "b3f4186a-c33f-4093-ae3e-9a95d79ec359", "identifiers": [{"identifier": "2037", "scheme": "everypolitician_legacy"}], "image": "http://www.camaradediputados.gob.do/serve/renderimage.aspx?x=80&y=90&cz=5&m=0&i=2037&f=lists_images", "images": [{"url": "http://www.camaradediputados.gob.do/serve/renderimage.aspx?x=80&y=90&cz=5&m=0&i=2037&f=lists_images"}], "name": "Roberto P\u00e9rez Lebr\u00f3n"}
{"gender": "male", "id": "b416295b-a189-425e-92fe-4e14fe770aa4", "identifiers": [{"identifier": "686", "scheme": "everypolitician_legacy"}], "image": "http://www.camaradediputados.gob.do/serve/renderimage.aspx?x=80&y=90&cz=5&m=0&i=686&f=lists_images", "images": [{"url": "http://www.camaradediputados.gob.do/serve/renderimage.aspx?x=80&y=90&cz=5&m=0&i=686&f=lists_images"}], "name": "Rafael Francisco V\u00e1squez Paulino"}
{"gender": "male", "id": "b5eee31e-a064-4d94-bd6a-7f2cb156fd00", "identifiers": [{"identifier": "2094", "scheme": "everypolitician_legacy"}], "image": "http://www.camaradediputados.gob.do/serve/renderimage.aspx?x=80&y=90&cz=5&m=0&i=2094&f=lists_images", "images": [{"url": "http://www.camaradediputados.gob.do/serve/renderimage.aspx?x=80&y=90&cz=5&m=0&i=2094&f=lists_images"}], "name": "Sergio Julio Mu\u00f1oz Morales"}
{"gender": "male", "id": "b6ddb041-9c4a-4bd5-a707-a669f3c74af8", "identifiers": [{"identifier": "685", "scheme": "everypolitician_legacy"}], "image": "http://www.camaradediputados.gob.do/serve/renderimage.aspx?x=80&y=90&cz=5&m=0&i=685&f=lists_images", "images": [{"url": "http://www.camaradediputados.gob.do/serve/renderimage.aspx?x=80&y=90&cz=5&m=0&i=685&f=lists_images"}], "name": "Manuel Elpidio B\u00e1ez Mej\u00eda"}
{"gender": "female", "id": "b7ec0e0d-af0c-48df-9adb-06391357fc0b", "identifiers": [{"identifier": "2070", "scheme": "everypolitician_legacy"}], "image": "http://www.camaradediputados.gob.do/serve/renderimage.aspx?x=80&y=90&cz=5&m=0&i=2070&f=lists_images", "images": [{"url": "http://www.camaradediputados.gob.do/serve/renderimage.aspx?x=80&y=90&cz=5&m=0&i=2070&f=lists_images"}], "name": "Severina Gil Carreras De Rodr\u00edguez"}
{"gender": "male", "id": "b8abd8fc-fa42-4995-8280-2bbcc8390699", "identifiers": [{"identifier": "2060", "scheme": "everypolitician_legacy"}], "image": "http://www.camaradediputados.gob.do/serve/renderimage.aspx?x=80&y=90&cz=5&m=0&i=2060&f=lists_images", "images": [{"url": "http://www.camaradediputados.gob.do/serve/renderimage.aspx?x=80&y=90&cz=5&m=0&i=2060&f=lists_images"}], "name": "Crist\u00f3bal Venerado Antonio Castillo Liriano"}
{"gender": "male", "id": "b9ffe486-7795-40cc-ac5f-d6ccf8ac55e5", "identifiers": [{"identifier": "824", "scheme": "everypolitician_legacy"}], "image": "http://www.camaradediputados.gob.do/serve/renderimage.aspx?x=80&y=90&cz=5&m=0&i=824&f=lists_images", "images": [{"url": "http://www.camaradediputados.gob.do/serve/renderimage.aspx?x=80&y=90&cz=5&m=0&i=824&f=lists_images"}], "name": "Hugo Fernelis Fortuna Tejada"}
{"birth_date": "1974-06-23", "gender": "male", "id": "bac693e3-8106-4132-8a5d-b82c4bb8a824", "identifiers": [{"identifier": "2044", "scheme": "everypolitician_legacy"}, {"identifier": "Q18203162", "scheme": "wikidata"}], "image": "http://www.camaradediputados.gob.do/serve/renderimage.aspx?x=80&y=90&cz=5&m=0&i=2044&f=lists_images", "images": [{"url": "http://www.camaradediputados.gob.do/serve/renderimage.aspx?x=80&y=90&cz=5&m=0&i=2044&f=lists_images"}, {"url": "https://upload.wikimedia.org/wikipedia/commons/5/54/Hamlet_Amado_S\u00e1nchez_Melo..jpeg"}], "links": [{"note": "Wikipedia (es)", "url": "https://es.wikipedia.org/wiki/Hamlet_Amado_Melo"}], "name": "Hamlet Amado S\u00e1nchez Melo"}
{"gender": "male", "id": "bc150608-4c11-4ddb-a397-680cc5739cea", "identifiers": [{"identifier": "2050", "scheme": "everypolitician_legacy"}], "image": "http://www.camaradediputados.gob.do/serve/renderimage.aspx?x=80&y=90&cz=5&m=0&i=2050&f=lists_images", "images": [{"url": "http://www.camaradediputados.gob.do/serve/renderimage.aspx?x=80&y=90&cz=5&m=0&i=2050&f=lists_images"}], "name": "Jos\u00e9 Francisco L\u00f3pez Ch\u00e1vez"}
{"gender": "male", "id": "bcd8526d-6ae2-41a1-8065-102136ddf0af", "identifiers": [{"identifier": "2049", "scheme": "everypolitician_legacy"}], "image": "http://www.camaradediputados.gob.do/serve/renderimage.aspx?x=80&y=90&cz=5&m=0&i=2049&f=lists_images", "images": [{"url": "http://www.camaradediputados.gob.do/serve/renderimage.aspx?x=80&y=90&cz=5&m=0&i=2049&f=lists_images"}], "name": "Jos\u00e9 Alberto V\u00e1squez Fern\u00e1ndez"}
{"gender": "male", "id": "c28ebcbe-24e6-4d9f-b0fe-524362a68dec", "identifiers": [{"identifier": "2012", "scheme": "everypolitician_legacy"}], "image": "http://www.camaradediputados.gob.do/serve/renderimage.aspx?x=80&y=90&cz=5&m=0&i=2012&f=lists_images", "images": [{"url": "http://www.camaradediputados.gob.do/serve/renderimage.aspx?x=80&y=90&cz=5&m=0&i=2012&f=lists_images"}], "name": "Omar Eugenio De Marchena Gonz\u00e1lez"}
{"gender": "female", "id": "c2f934cd-69b0-43cf-be83-a182ac3516ea", "identifiers": [{"identifier": "3213", "scheme": "everypolitician_legacy"}], "image": "http://www.camaradediputados.gob.do/serve/renderimage.aspx?x=80&y=90&cz=5&m=0&i=3213&f=lists_images", "images": [{"url": "http://www.camaradediputados.gob.do/serve/renderimage.aspx?x=80&y=90&cz=5&m=0&i=3213&f=lists_images"}], "name": "Mar\u00eda Aracelis Duarte Duarte"}
{"gender": "male", "id": "c3379ef1-d2ea-496e-ad77-b5d4cab07762", "identifiers": [{"identifier": "2072", "scheme": "everypolitician_legacy"}], "image": "http://www.camaradediputados.gob.do/serve/renderimage.aspx?x=80&y=90&cz=5&m=0&i=2072&f=lists_images", "images": [{"url": "http://www.camaradediputados.gob.do/serve/renderimage.aspx?x=80&y=90&cz=5&m=0&i=2072&f=lists_images"}], "name": "Virgilio Manuel Gonz\u00e1lez V\u00e1squez"}
{"gender": "male", "id": "c40b57c4-559b-4b2b-ba96-04bc35de8877", "identifiers": [{"identifier": "716", "scheme": "everypolitician_legacy"}], "image": "http://www.camaradediputados.gob.do/serve/renderimage.aspx?x=80&y=90&cz=5&m=0&i=716&f=lists_images", "images": [{"url": "http://www.camaradediputados.gob.do/serve/renderimage.aspx?x=80&y=90&cz=5&m=0&i=716&f=lists_images"}], "name": "Victor Luis Lasos\u00e9 Figueroa"}
{"gender": "male", "id": "c4bde5a2-0582-4869-843b-368465f3271d", "identifiers": [{"identifier": "729", "scheme": "everypolitician_legacy"}], "image": "http://www.camaradediputados.gob.do/serve/renderimage.aspx?x=80&y=90&cz=5&m=0&i=729&f=lists_images", "images": [{"url": "http://www.camaradediputados.gob.do/serve/renderimage.aspx?x=80&y=90&cz=5&m=0&i=729&f=lists_images"}], "name": "Hugo Rafael N\u00fa\u00f1ez Almonte"}
{"gender": "male", "id": "c56666fc-99d3-4d45-9927-29a3fc514853", "identifiers": [{"identifier": "817", "scheme": "everypolitician_legacy"}], "image": "http://www.camaradediputados.gob.do/serve/renderimage.aspx?x=80&y=90&cz=5&m=0&i=817&f=lists_images", "images": [{"url": "http://www.camaradediputados.gob.do/serve/renderimage.aspx?x=80&y=90&cz=5&m=0&i=817&f=lists_images"}], "name": "Jos\u00e9 Francisco A. Santana Suriel"}
{"gender": "male", "id": "c74befb9-3671-4377-844b-d186fc1e3c44", "identifiers": [{"identifier": "788", "scheme": "everypolitician_legacy"}], "image": "http://www.camaradediputados.gob.do/serve/renderimage.aspx?x=80&y=90&cz=5&m=0&i=788&f=lists_images", "images": [{"url": "http://www.camaradediputados.gob.do/serve/renderimage.aspx?x=80&y=90&cz=5&m=0&i=788&f=lists_images"}], "name": "V\u00edctor Valdemar Suarez D\u00edaz"}
{"gender": "female", "id": "c7ce40d8-bc9a-4efc-a660-aceb8664c28e", "identifiers": [{"identifier": "802", "scheme": "everypolitician_legacy"}], "image": "http://www.camaradediputados.gob.do/serve/renderimage.aspx?x=80&y=90&cz=5&m=0&i=802&f=lists_images", "images": [{"url": "http://www.camaradediputados.gob.do/serve/renderimage.aspx?x=80&y=90&cz=5&m=0&i=802&f=lists_images"}], "name": "Nancy Altagracia Santos Peralta"}
{"gender": "male", "id": "c981e5a7-3cc8-4e0c-be28-196ab3f43fc9", "identifiers": [{"identifier": "2084", "scheme": "everypolitician_legacy"}], "image": "http://www.camaradediputados.gob.do/serve/renderimage.aspx?x=80&y=90&cz=5&m=0&i=2084&f=lists_images", "images": [{"url": "http://www.camaradediputados.gob.do/serve/renderimage.aspx?x=80&y=90&cz=5&m=0&i=2084&f=lists_images"}], "name": "Jos\u00e9 Gabriel J\u00e1quez V\u00e1squez"}
{"gender": "male", "id": "c986a33d-060c-479f-b0db-665eef6a79b5", "identifiers": [{"identifier": "2010", "scheme": "everypolitician_legacy"}], "image": "http://www.camaradediputados.gob.do/serve/renderimage.aspx?x=80&y=90&cz=5&m=0&i=2010&f=lists_images", "images": [{"url": "http://www.camaradediputados.gob.do/serve/renderimage.aspx?x=80&y=90&cz=5&m=0&i=2010&f=lists_images"}], "name": "Jos\u00e9 Lu\u00eds Cosme Mercedes"}
{"gender": "male", "id": "cb3a78eb-7ecb-46d3-8a1a-ac9797597c86", "identifiers": [{"identifier": "3224", "scheme": "everypolitician_legacy"}], "image": "http://www.camaradediputados.gob.do/serve/renderimage.aspx?x=80&y=90&cz=5&m=0&i=3224&f=lists_images", "images": [{"url": "http://www.camaradediputados.gob.do/serve/renderimage.aspx?x=80&y=90&cz=5&m=0&i=3224&f=lists_images"}], "name": "Marcos Genaro Cross S\u00e1nchez"}
{"gender": "male", "id": "cc6d850c-1e1d-4742-9495-e33e70194557", "identifiers": [{"identifier": "793", "scheme": "everypolitician_legacy"}], "image": "http://www.camaradediputados.gob.do/serve/renderimage.aspx?x=80&y=90&cz=5&m=0&i=793&f=lists_images", "images": [{"url": "http://www.camaradediputados.gob.do/serve/renderimage.aspx?x=80&y=90&cz=5&m=0&i=793&f=lists_images"}], "name": "Wilson Manuel Marte Est\u00e9vez"}
{"gender": "male", "id": "ce13377b-c9a6-45a1-a877-9db2fce85266", "identifiers": [{"identifier": "2057", "scheme": "everypolitician_legacy"}], "image": "http://www.camaradediputados.gob.do/serve/renderimage.aspx?x=80&y=90&cz=5&m=0&i=2057&f=lists_images", "images": [{"url": "http://www.camaradediputados.gob.do/serve/renderimage.aspx?x=80&y=90&cz=5&m=0&i=2057&f=lists_images"}], "name": "Olmedo Caba Romano"}
{"gender": "male", "id": "d345f465-edc0-42c1-bb18-a760499c0b2a", "identifiers": [{"identifier": "703", "scheme": "everypolitician_legacy"}], "image": "http://www.camaradediputados.gob.do/serve/renderimage.aspx?x=80&y=90&cz=5&m=0&i=703&f=lists_images", "images": [{"url": "http://www.camaradediputados.gob.do/serve/renderimage.aspx?x=80&y=90&cz=5&m=0&i=703&f=lists_images"}], "name": "Juan Jos\u00e9 Rosario Rosario"}
{"gender": "male", "id": "d3fd9e71-6da3-42ac-8a4c-0337cb660f93", "identifiers": [{"identifier": "749", "scheme": "everypolitician_legacy"}], "image": "http://www.camaradediputados.gob.do/serve/renderimage.aspx?x=80&y=90&cz=5&m=0&i=749&f=lists_images", "images": [{"url": "http://www.camaradediputados.gob.do/serve/renderimage.aspx?x=80&y=90&cz=5&m=0&i=749&f=lists_images"}], "name": "Santo Ynilcio Ram\u00edrez Bethancourt"}
{"gender": "male", "id": "d4ef3a7a-010a-471f-ab81-1197c3045f06", "identifiers": [{"identifier": "2021", "scheme": "everypolitician_legacy"}], "image": "http://www.camaradediputados.gob.do/serve/renderimage.aspx?x=80&y=90&cz=5&m=0&i=2021&f=lists_images", "images": [{"url": "http://www.camaradediputados.gob.do/serve/renderimage.aspx?x=80&y=90&cz=5&m=0&i=2021&f=lists_images"}], "name": "Carlos Mari\u00e9n Guzm\u00e1n El\u00edas"}
{"gender": "female", "id": "d5828a8a-0217-45fe-b99b-5a8663e36fef", "identifiers": [{"identifier": "2077", "scheme": "everypolitician_legacy"}], "image": "http://www.camaradediputados.gob.do/serve/renderimage.aspx?x=80&y=90&cz=5&m=0&i=2077&f=lists_images", "images": [{"url": "http://www.camaradediputados.gob.do/serve/renderimage.aspx?x=80&y=90&cz=5&m=0&i=2077&f=lists_images"}], "name": "Esther Mirelys Minyeti"}
{"birth_date": "1956-08-31", "gender": "female", "given_name": "Minou", "id": "d7b6168d-ef3e-4559-8ce8-797c15bc6e75", "identifiers": [{"identifier": "676", "scheme": "everypolitician_legacy"}, {"identifier": "no2014057272", "scheme": "lcauth"}, {"identifier": "308245275", "scheme": "viaf"}, {"identifier": "Q6017761", "scheme": "wikidata"}], "image": "http://www.camaradediputados.gob.do/serve/renderimage.aspx?x=80&y=90&cz=5&m=0&i=676&f=lists_images", "images": [{"url": "http://www.camaradediputados.gob.do/serve/renderimage.aspx?x=80&y=90&cz=5&m=0&i=676&f=lists_images"}, {"url": "https://upload.wikimedia.org/wikipedia/commons/e/ee/Minou.jpg"}], "links": [{"note": "Wikipedia (de)", "url": "https://de.wikipedia.org/wiki/Minou_Tav\u00e1rez_Mirabal"}, {"note": "Wikipedia (en)", "url": "https://en.wikipedia.org/wiki/Minou_Tav\u00e1rez_Mirabal"}, {"note": "Wikipedia (es)", "url": "https://es.wikipedia.org/wiki/Minou_Tav\u00e1rez_Mirabal"}], "name": "Minerva Josefina Tav\u00e1rez Mirabal", "other_names": [{"lang": "en", "name": "Minou Tav\u00e1rez Mirabal", "note": "multilingual"}, {"lang": "zh", "name": "\u7c73\u52aa\u00b7\u5854\u74e6\u723e\u00b7\u7c73\u62c9\u74e6\u723e", "note": "multilingual"}]}
{"gender": "female", "id": "d845f069-2941-4875-8920-7bc7a3c111ba", "identifiers": [{"identifier": "796", "scheme": "everypolitician_legacy"}], "image": "http://www.camaradediputados.gob.do/serve/renderimage.aspx?x=80&y=90&cz=5&m=0&i=796&f=lists_images", "images": [{"url": "http://www.camaradediputados.gob.do/serve/renderimage.aspx?x=80&y=90&cz=5&m=0&i=796&f=lists_images"}], "name": "Magda Alina Altagracia Rodr\u00edguez Azcona"}
{"gender": "male", "id": "d86e90c9-e280-4da8-a62c-01690cc5f5b4", "identifiers": [{"identifier": "2069", "scheme": "everypolitician_legacy"}], "image": "http://www.camaradediputados.gob.do/serve/renderimage.aspx?x=80&y=90&cz=5&m=0&i=2069&f=lists_images", "images": [{"url": "http://www.camaradediputados.gob.do/serve/renderimage.aspx?x=80&y=90&cz=5&m=0&i=2069&f=lists_images"}], "name": "Carlos Gabriel Garc\u00eda Candelario"}
{"gender": "male", "id": "d8915928-9154-460d-9879-3c1017a43934", "identifiers": [{"identifier": "750", "scheme": "everypolitician_legacy"}], "image": "http://www.camaradediputados.gob.do/serve/renderimage.aspx?x=80&y=90&cz=5&m=0&i=750&f=lists_images", "images": [{"url": "http://www.camaradediputados.gob.do/serve/renderimage.aspx?x=80&y=90&cz=5&m=0&i=750&f=lists_images"}], "name": "Milc\u00edades Marino Franjul Pimentel"}
{"gender": "male", "id": "d988baf3-bb11-4cc4-9d3a-30d8f0c41edc", "identifiers": [{"identifier": "818", "scheme": "everypolitician_legacy"}], "image": "http://www.camaradediputados.gob.do/serve/renderimage.aspx?x=80&y=90&cz=5&m=0&i=818&f=lists_images", "images": [{"url": "http://www.camaradediputados.gob.do/serve/renderimage.aspx?x=80&y=90&cz=5&m=0&i=818&f=lists_images"}], "name": "Jorge Fr\u00edas"}
{"gender": "male", "id": "db34fc7c-5816-4f49-9bfe-0a4d6df53e3f", "identifiers": [{"identifier": "723", "scheme": "everypolitician_legacy"}], "image": "http://www.camaradediputados.gob.do/serve/renderimage.aspx?x=80&y=90&cz=5&m=0&i=723&f=lists_images", "images": [{"url": "http://www.camaradediputados.gob.do/serve/renderimage.aspx?x=80&y=90&cz=5&m=0&i=723&f=lists_images"}], "name": "Teodoro Ursino Reyes"}
{"gender": "male", "id": "dc992d9f-2bbe-4626-8af7-2221a20890a1", "identifiers": [{"identifier": "2066", "scheme": "everypolitician_legacy"}], "image": "http://www.camaradediputados.gob.do/serve/renderimage.aspx?x=80&y=90&cz=5&m=0&i=2066&f=lists_images", "images": [{"url": "http://www.camaradediputados.gob.do/serve/renderimage.aspx?x=80&y=90&cz=5&m=0&i=2066&f=lists_images"}], "name": "H\u00e9ctor Dar\u00edo F\u00e9liz F\u00e9liz"}
{"gender": "male", "id": "dd6e6418-becf-492a-a274-d826d9eee0f6", "identifiers": [{"identifier": "721", "scheme": "everypolitician_legacy"}], "image": "http://www.camaradediputados.gob.do/serve/renderimage.aspx?x=80&y=90&cz=5&m=0&i=721&f=lists_images", "images": [{"url": "http://www.camaradediputados.gob.do/serve/renderimage.aspx?x=80&y=90&cz=5&m=0&i=721&f=lists_images"}], "name": "Pablo Inocencio Santana D\u00edaz"}
{"gender": "female", "id": "de79f99f-7a66-4168-a858-1a055811526f", "identifiers": [{"identifier": "2047", "scheme": "everypolitician_legacy"}], "image": "http://www.camaradediputados.gob.do/serve/renderimage.aspx?x=80&y=90&cz=5&m=0&i=2047&f=lists_images", "images": [{"url": "http://www.camaradediputados.gob.do/serve/renderimage.aspx?x=80&y=90&cz=5&m=0&i=2047&f=lists_images"}], "name": "Josefina Tamarez"}
{"gender": "male", "id": "e03cacec-59ed-4769-ae04-2e915d0c2300", "identifiers": [{"identifier": "691", "scheme": "everypolitician_legacy"}], "image": "http://www.camaradediputados.gob.do/serve/renderimage.aspx?x=80&y=90&cz=5&m=0&i=691&f=lists_images", "images": [{"url": "http://www.camaradediputados.gob.do/serve/renderimage.aspx?x=80&y=90&cz=5&m=0&i=691&f=lists_images"}], "name": "Ruddy Gonz\u00e1lez"}
{"gender": "female", "id": "e1c5d910-d1d9-45c2-aa01-e97fdb1ad1b7", "identifiers": [{"identifier": "2051", "scheme": "everypolitician_legacy"}], "image": "http://www.camaradediputados.gob.do/serve/renderimage.aspx?x=80&y=90&cz=5&m=0&i=2051&f=lists_images", "images": [{"url": "http://www.camaradediputados.gob.do/serve/renderimage.aspx?x=80&y=90&cz=5&m=0&i=2051&f=lists_images"}], "name": "Sonya De las Mercedes Abreu Villanueva"}
{"gender": "female", "id": "e343f001-e8e2-44d6-8113-69569439caab", "identifiers": [{"identifier": "2002", "scheme": "everypolitician_legacy"}], "image": "http://www.camaradediputados.gob.do/serve/renderimage.aspx?x=80&y=90&cz=5&m=0&i=2002&f=lists_images", "images": [{"url": "http://www.camaradediputados.gob.do/serve/renderimage.aspx?x=80&y=90&cz=5&m=0&i=2002&f=lists_images"}], "name": "Olfalida Almonte Santos"}
{"gender": "female", "id": "e3e2d1c1-4225-4ec4-8c83-0b3b086aa0fd", "identifiers": [{"identifier": "780", "scheme": "everypolitician_legacy"}], "image": "http://www.camaradediputados.gob.do/serve/renderimage.aspx?x=80&y=90&cz=5&m=0&i=780&f=lists_images", "images": [{"url": "http://www.camaradediputados.gob.do/serve/renderimage.aspx?x=80&y=90&cz=5&m=0&i=780&f=lists_images"}], "name": "Juana Mercedes Vicente Moronta"}
{"gender": "male", "id": "e552f5ce-a5f3-4cc5-a228-df8c092d3386", "identifiers": [{"identifier": "2023", "scheme": "everypolitician_legacy"}], "image": "http://www.camaradediputados.gob.do/serve/renderimage.aspx?x=80&y=90&cz=5&m=0&i=2023&f=lists_images", "images": [{"url": "http://www.camaradediputados.gob.do/serve/renderimage.aspx?x=80&y=90&cz=5&m=0&i=2023&f=lists_images"}], "name": "Marino Hern\u00e1ndez Alberto"}
{"gender": "male", "id": "e69638c8-131c-48d5-a68c-a8cc992ed30c", "identifiers": [{"identifier": "2087", "scheme": "everypolitician_legacy"}], "image": "http://www.camaradediputados.gob.do/serve/renderimage.aspx?x=80&y=90&cz=5&m=0&i=2087&f=lists_images", "images": [{"url": "http://www.camaradediputados.gob.do/serve/renderimage.aspx?x=80&y=90&cz=5&m=0&i=2087&f=lists_images"}], "name": "Jos\u00e9 Isidro Rosario V\u00e1squez"}
{"gender": "male", "id": "e773bfca-1304-41ce-b86a-16746fe6fe2e", "identifiers": [{"identifier": "2065", "scheme": "everypolitician_legacy"}], "image": "http://www.camaradediputados.gob.do/serve/renderimage.aspx?x=80&y=90&cz=5&m=0&i=2065&f=lists_images", "images": [{"url": "http://www.camaradediputados.gob.do/serve/renderimage.aspx?x=80&y=90&cz=5&m=0&i=2065&f=lists_images"}], "name": "Cristian Encarnaci\u00f3n"}
{"gender": "male", "id": "e8408226-fffb-438f-b47a-de84c146a76d", "identifiers": [{"identifier": "2043", "scheme": "everypolitician_legacy"}], "image": "http://www.camaradediputados.gob.do/serve/renderimage.aspx?x=80&y=90&cz=5&m=0&i=2043&f=lists_images", "images": [{"url": "http://www.camaradediputados.gob.do/serve/renderimage.aspx?x=80&y=90&cz=5&m=0&i=2043&f=lists_images"}], "name": "V\u00edctor Hip\u00f3lito S\u00e1nchez F\u00e9liz"}
{"gender": "male", "id": "ecf8c311-8db0-4257-8f1a-f050a8f9ef54", "identifiers": [{"identifier": "816", "scheme": "everypolitician_legacy"}], "image": "http://www.camaradediputados.gob.do/serve/renderimage.aspx?x=80&y=90&cz=5&m=0&i=816&f=lists_images", "images": [{"url": "http://www.camaradediputados.gob.do/serve/renderimage.aspx?x=80&y=90&cz=5&m=0&i=816&f=lists_images"}], "name": "Manuel de Jes\u00fas Jim\u00e9nez Ortega"}
{"gender": "male", "id": "ed698b98-fd0d-4ca3-a705-74090aa75266", "identifiers": [{"identifier": "726", "scheme": "everypolitician_legacy"}], "image": "http://www.camaradediputados.gob.do/serve/renderimage.aspx?x=80&y=90&cz=5&m=0&i=726&f=lists_images", "images": [{"url": "http://www.camaradediputados.gob.do/serve/renderimage.aspx?x=80&y=90&cz=5&m=0&i=726&f=lists_images"}], "name": "Eugenio Cede\u00f1o Arech\u00e9"}
{"gender": "male", "id": "f051254f-ed71-4f25-8c1f-1495ef5ec5cc", "identifiers": [{"identifier": "2033", "scheme": "everypolitician_legacy"}], "image": "http://www.camaradediputados.gob.do/serve/renderimage.aspx?x=80&y=90&cz=5&m=0&i=2033&f=lists_images", "images": [{"url": "http://www.camaradediputados.gob.do/serve/renderimage.aspx?x=80&y=90&cz=5&m=0&i=2033&f=lists_images"}], "name": "Henry Modesto Mer\u00e1n Gil"}
{"gender": "male", "id": "f09109b1-145e-44d4-88ae-9cdfdd8c48b0", "identifiers": [{"identifier": "757", "scheme": "everypolitician_legacy"}], "image": "http://www.camaradediputados.gob.do/serve/renderimage.aspx?x=80&y=90&cz=5&m=0&i=757&f=lists_images", "images": [{"url": "http://www.camaradediputados.gob.do/serve/renderimage.aspx?x=80&y=90&cz=5&m=0&i=757&f=lists_images"}], "name": "Pedro Alejandro Aguirre Hern\u00e1ndez"}
{"gender": "male", "id": "f170e059-93d7-4c16-b2c0-d4980ad98a57", "identifiers": [{"identifier": "689", "scheme": "everypolitician_legacy"}], "image": "http://www.camaradediputados.gob.do/serve/renderimage.aspx?x=80&y=90&cz=5&m=0&i=689&f=lists_images", "images": [{"url": "http://www.camaradediputados.gob.do/serve/renderimage.aspx?x=80&y=90&cz=5&m=0&i=689&f=lists_images"}], "name": "Juan Julio Campos Ventura"}
{"gender": "male", "id": "f174a6a5-b7db-451b-89b6-93a56a660ec8", "identifiers": [{"identifier": "2008", "scheme": "everypolitician_legacy"}], "image": "http://www.camaradediputados.gob.do/serve/renderimage.aspx?x=80&y=90&cz=5&m=0&i=2008&f=lists_images", "images": [{"url": "http://www.camaradediputados.gob.do/serve/renderimage.aspx?x=80&y=90&cz=5&m=0&i=2008&f=lists_images"}], "name": "Francisco Javier Clark V\u00e1squez"}
{"gender": "male", "id": "f3138ec2-b127-4cea-806c-8a5d064777f2", "identifiers": [{"identifier": "752", "scheme": "everypolitician_legacy"}], "image": "http://www.camaradediputados.gob.do/serve/renderimage.aspx?x=80&y=90&cz=5&m=0&i=752&f=lists_images", "images": [{"url": "http://www.camaradediputados.gob.do/serve/renderimage.aspx?x=80&y=90&cz=5&m=0&i=752&f=lists_images"}], "name": "F\u00e9lix Antonio Castillo Rodr\u00edguez"}
{"gender": "male", "id": "faf4afa6-2f41-433d-90f8-74ff9c670b7b", "identifiers": [{"identifier": "2074", "scheme": "everypolitician_legacy"}], "image": "http://www.camaradediputados.gob.do/serve/renderimage.aspx?x=80&y=90&cz=5&m=0&i=2074&f=lists_images", "images": [{"url": "http://www.camaradediputados.gob.do/serve/renderimage.aspx?x=80&y=90&cz=5&m=0&i=2074&f=lists_images"}], "name": "Alexis Isaac Jim\u00e9nez Gonz\u00e1lez"}
{"gender": "female", "id": "fafe75ed-9fdd-44cd-ac02-da456a05b4d4", "identifiers": [{"identifier": "2090", "scheme": "everypolitician_legacy"}], "image": "http://www.camaradediputados.gob.do/serve/renderimage.aspx?x=80&y=90&cz=5&m=0&i=2090&f=lists_images", "images": [{"url": "http://www.camaradediputados.gob.do/serve/renderimage.aspx?x=80&y=90&cz=5&m=0&i=2090&f=lists_images"}], "name": "Mar\u00eda Amparo De Dios Mart\u00ednez"}
{"gender": "male", "id": "fb78bfe2-6d83-4427-b8e0-d1666a250716", "identifiers": [{"identifier": "2007", "scheme": "everypolitician_legacy"}], "image": "http://www.camaradediputados.gob.do/serve/renderimage.aspx?x=80&y=90&cz=5&m=0&i=2007&f=lists_images", "images": [{"url": "http://www.camaradediputados.gob.do/serve/renderimage.aspx?x=80&y=90&cz=5&m=0&i=2007&f=lists_images"}], "name": "Radham\u00e9s Camacho Cuevas"}
{"gender": "male", "id": "fcfa9c8b-2a25-4018-879d-53eb0b199ebe", "identifiers": [{"identifier": "819", "scheme": "everypolitician_legacy"}], "image": "http://www.camaradediputados.gob.do/serve/renderimage.aspx?x=80&y=90&cz=5&m=0&i=819&f=lists_images", "images": [{"url": "http://www.camaradediputados.gob.do/serve/renderimage.aspx?x=80&y=90&cz=5&m=0&i=819&f=lists_images"}], "name": "Alfredo Mart\u00ednez"}
{"gender": "female", "id": "fd01df67-1ba9-4d2d-8292-6be65971a198", "identifiers": [{"identifier": "822", "scheme": "everypolitician_legacy"}], "image": "http://www.camaradediputados.gob.do/serve/renderimage.aspx?x=80&y=90&cz=5&m=0&i=822&f=lists_images", "images": [{"url": "http://www.camaradediputados.gob.do/serve/renderimage.aspx?x=80&y=90&cz=5&m=0&i=822&f=lists_images"}], "name": "Josefa Aquilina Castillo Rodr\u00edguez"}
{"gender": "male", "id": "fe1b1960-5452-4770-891e-ce0cb6b7c256", "identifiers": [{"identifier": "770", "scheme": "everypolitician_legacy"}], "image": "http://www.camaradediputados.gob.do/serve/renderimage.aspx?x=80&y=90&cz=5&m=0&i=770&f=lists_images", "images": [{"url": "http://www.camaradediputados.gob.do/serve/renderimage.aspx?x=80&y=90&cz=5&m=0&i=770&f=lists_images"}], "name": "Tulio Jim\u00e9nez D\u00edaz"}
{"gender": "male", "id": "febadb49-7a5b-44fd-adb4-baad4bede9d9", "identifiers": [{"identifier": "2040", "scheme": "everypolitician_legacy"}], "image": "http://www.camaradediputados.gob.do/serve/renderimage.aspx?x=80&y=90&cz=5&m=0&i=2040&f=lists_images", "images": [{"url": "http://www.camaradediputados.gob.do/serve/renderimage.aspx?x=80&y=90&cz=5&m=0&i=2040&f=lists_images"}], "name": "Angel Esteban Ram\u00edrez Taveras"}