,antecedents,consequents,antecedent support,consequent support,support,confidence,lift,leverage,conviction
0,frozenset({'Hunger'}),frozenset({'Potter'}),0.3191304347826087,0.47751552795031055,0.12385093167701863,0.3880887504865706,0.8127248807015852,-0.028538806373210907,0.8538566213076669
1,frozenset({'Potter'}),frozenset({'Hunger'}),0.47751552795031055,0.3191304347826087,0.12385093167701863,0.2593652445369407,0.8127248807015852,-0.028538806373210907,0.9193054473816833
2,frozenset({'Hunger'}),frozenset({'Twilight'}),0.3191304347826087,0.2567701863354037,0.08919254658385094,0.2794861813935383,1.0884681955578053,0.007249365379422099,1.0315274939515655
3,frozenset({'Twilight'}),frozenset({'Hunger'}),0.2567701863354037,0.3191304347826087,0.08919254658385094,0.347363328495404,1.0884681955578055,0.007249365379422099,1.0432597415154545
4,frozenset({'Mockingbird'}),frozenset({'Hunger'}),0.4765217391304348,0.3191304347826087,0.09627329192546584,0.20203336809176226,0.6330745866635602,-0.05579929786659467,0.8532556851270543
5,frozenset({'Hunger'}),frozenset({'Mockingbird'}),0.3191304347826087,0.4765217391304348,0.09627329192546584,0.30167380303620084,0.6330745866635602,-0.05579929786659467,0.7496185352139982
6,frozenset({'Hunger'}),frozenset({'Gatsby'}),0.3191304347826087,0.2951552795031056,0.050559006211180126,0.15842740365901128,0.5367595115551519,-0.04363402646502836,0.8375328801834051
7,frozenset({'Gatsby'}),frozenset({'Hunger'}),0.2951552795031056,0.3191304347826087,0.050559006211180126,0.17129629629629628,0.5367595115551518,-0.04363402646502836,0.8216079669662375
8,frozenset({'Potter'}),frozenset({'Twilight'}),0.47751552795031055,0.2567701863354037,0.14062111801242236,0.29448491155046824,1.146881247209129,0.018009366922572434,1.0534570072738598
9,frozenset({'Twilight'}),frozenset({'Potter'}),0.2567701863354037,0.47751552795031055,0.14062111801242236,0.5476536042573779,1.146881247209129,0.018009366922572434,1.1550539077290998
10,frozenset({'Mockingbird'}),frozenset({'Potter'}),0.4765217391304348,0.47751552795031055,0.21950310559006211,0.46063607924921796,0.9646515187190959,-0.008043424250607611,0.968704898396621
11,frozenset({'Potter'}),frozenset({'Mockingbird'}),0.47751552795031055,0.4765217391304348,0.21950310559006211,0.45967741935483875,0.9646515187190959,-0.008043424250607611,0.968825438027255
12,frozenset({'Potter'}),frozenset({'Gatsby'}),0.47751552795031055,0.2951552795031056,0.12770186335403727,0.26742976066597296,0.9060646352529808,-0.013239365765209676,0.9621530914737437
13,frozenset({'Gatsby'}),frozenset({'Potter'}),0.2951552795031056,0.47751552795031055,0.12770186335403727,0.43265993265993263,0.9060646352529806,-0.013239365765209676,0.9209370219510847
14,frozenset({'Mockingbird'}),frozenset({'Twilight'}),0.4765217391304348,0.2567701863354037,0.09826086956521739,0.2062043795620438,0.8030697897796094,-0.02409570618417499,0.9362987077889627
15,frozenset({'Twilight'}),frozenset({'Mockingbird'}),0.2567701863354037,0.4765217391304348,0.09826086956521739,0.3826802128688921,0.8030697897796093,-0.02409570618417499,0.8479855526782062
16,frozenset({'Gatsby'}),frozenset({'Twilight'}),0.2951552795031056,0.2567701863354037,0.053540372670807454,0.1813973063973064,0.7064578212376954,-0.022246703445083144,0.9079249548931007
17,frozenset({'Twilight'}),frozenset({'Gatsby'}),0.2567701863354037,0.2951552795031056,0.053540372670807454,0.208514755684567,0.7064578212376954,-0.022246703445083144,0.89053425260824
18,frozenset({'Mockingbird'}),frozenset({'Gatsby'}),0.4765217391304348,0.2951552795031056,0.18608695652173912,0.39051094890510946,1.3230695028140282,0.04543904941938967,1.1564518168631681
19,frozenset({'Gatsby'}),frozenset({'Mockingbird'}),0.2951552795031056,0.4765217391304348,0.18608695652173912,0.6304713804713804,1.3230695028140282,0.04543904941938967,1.416610874517183
20,"frozenset({'Hunger', 'Potter'})",frozenset({'Twilight'}),0.12385093167701863,0.2567701863354037,0.0506832298136646,0.4092276830491475,1.5937507733650882,0.018882003009143167,1.2580647270349787
21,"frozenset({'Hunger', 'Twilight'})",frozenset({'Potter'}),0.08919254658385094,0.47751552795031055,0.0506832298136646,0.5682451253481894,1.1900034492853602,0.008092403842444348,1.2101414546183131
22,"frozenset({'Potter', 'Twilight'})",frozenset({'Hunger'}),0.14062111801242236,0.3191304347826087,0.0506832298136646,0.36042402826855124,1.1293940940295202,0.005806751282743723,1.0645640163343741
23,frozenset({'Hunger'}),"frozenset({'Potter', 'Twilight'})",0.3191304347826087,0.14062111801242236,0.0506832298136646,0.158816660179058,1.1293940940295202,0.005806751282743723,1.0216308874715812
24,frozenset({'Potter'}),"frozenset({'Hunger', 'Twilight'})",0.47751552795031055,0.08919254658385094,0.0506832298136646,0.10613943808532779,1.1900034492853602,0.008092403842444348,1.018959211563352
25,frozenset({'Twilight'}),"frozenset({'Hunger', 'Potter'})",0.2567701863354037,0.12385093167701863,0.0506832298136646,0.19738751814223512,1.593750773365088,0.018882003009143167,1.0916215335886692
26,"frozenset({'Mockingbird', 'Hunger'})",frozenset({'Potter'}),0.09627329192546584,0.47751552795031055,0.056770186335403726,0.5896774193548386,1.2348863750797219,0.010798194514100537,1.2733505215047463
27,"frozenset({'Mockingbird', 'Potter'})",frozenset({'Hunger'}),0.21950310559006211,0.3191304347826087,0.056770186335403726,0.2586304470854556,0.8104223818754057,-0.013279935187685672,0.9183942914039164
28,"frozenset({'Hunger', 'Potter'})",frozenset({'Mockingbird'}),0.12385093167701863,0.4765217391304348,0.056770186335403726,0.4583751253761284,0.9619186025228972,-0.002247475020253846,0.9664959742351045
29,frozenset({'Mockingbird'}),"frozenset({'Hunger', 'Potter'})",0.4765217391304348,0.12385093167701863,0.056770186335403726,0.11913451511991659,0.9619186025228972,-0.002247475020253846,0.994645701712624
30,frozenset({'Hunger'}),"frozenset({'Mockingbird', 'Potter'})",0.3191304347826087,0.21950310559006211,0.056770186335403726,0.17789022966134682,0.8104223818754057,-0.013279935187685672,0.9493828227931488
31,frozenset({'Potter'}),"frozenset({'Mockingbird', 'Hunger'})",0.47751552795031055,0.09627329192546584,0.056770186335403726,0.11888657648283038,1.234886375079722,0.010798194514100537,1.0256644422316237
32,"frozenset({'Hunger', 'Potter'})",frozenset({'Gatsby'}),0.12385093167701863,0.2951552795031056,0.031055900621118012,0.25075225677031093,0.849560465909513,-0.005499355734732456,0.9407365278921066
33,"frozenset({'Hunger', 'Gatsby'})",frozenset({'Potter'}),0.050559006211180126,0.47751552795031055,0.031055900621118012,0.6142506142506142,1.2863468898848711,0.006913190077543305,1.3544661154409148
34,"frozenset({'Potter', 'Gatsby'})",frozenset({'Hunger'}),0.12770186335403727,0.3191304347826087,0.031055900621118012,0.24319066147859922,0.7620415822898885,-0.009697650553605188,0.8996579859170671
35,frozenset({'Hunger'}),"frozenset({'Potter', 'Gatsby'})",0.3191304347826087,0.12770186335403727,0.031055900621118012,0.09731413001167769,0.7620415822898885,-0.009697650553605188,0.9663363143783865
36,frozenset({'Potter'}),"frozenset({'Hunger', 'Gatsby'})",0.47751552795031055,0.050559006211180126,0.031055900621118012,0.06503642039542144,1.2863468898848713,0.006913190077543305,1.0154844685932731
37,frozenset({'Gatsby'}),"frozenset({'Hunger', 'Potter'})",0.2951552795031056,0.12385093167701863,0.031055900621118012,0.10521885521885521,0.849560465909513,-0.005499355734732456,0.979176945595204
38,"frozenset({'Mockingbird', 'Hunger'})",frozenset({'Twilight'}),0.09627329192546584,0.2567701863354037,0.034782608695652174,0.36129032258064514,1.4070571343851928,0.010062497588827591,1.1636426375556812
39,"frozenset({'Mockingbird', 'Twilight'})",frozenset({'Hunger'}),0.09826086956521739,0.3191304347826087,0.034782608695652174,0.35398230088495575,1.109208844734875,0.003424574669187143,1.0539487790351398
40,"frozenset({'Hunger', 'Twilight'})",frozenset({'Mockingbird'}),0.08919254658385094,0.4765217391304348,0.034782608695652174,0.38997214484679665,0.8183722017770367,-0.007719578719956793,0.8581218979551319
41,frozenset({'Mockingbird'}),"frozenset({'Hunger', 'Twilight'})",0.4765217391304348,0.08919254658385094,0.034782608695652174,0.07299270072992702,0.8183722017770368,-0.007719578719956793,0.9825245757323814
42,frozenset({'Hunger'}),"frozenset({'Mockingbird', 'Twilight'})",0.3191304347826087,0.09826086956521739,0.034782608695652174,0.10899182561307902,1.109208844734875,0.003424574669187143,1.012043611221912
43,frozenset({'Twilight'}),"frozenset({'Mockingbird', 'Hunger'})",0.2567701863354037,0.09627329192546584,0.034782608695652174,0.1354620222544751,1.407057134385193,0.010062497588827591,1.0453291021768674
44,"frozenset({'Hunger', 'Gatsby'})",frozenset({'Twilight'}),0.050559006211180126,0.2567701863354037,0.018385093167701864,0.36363636363636365,1.4161938690240579,0.00540304772192431,1.16793256433008
45,"frozenset({'Hunger', 'Twilight'})",frozenset({'Gatsby'}),0.08919254658385094,0.2951552795031056,0.018385093167701864,0.20612813370473537,0.6983718334693264,-0.007940557848848426,0.8878570338890704
46,"frozenset({'Gatsby', 'Twilight'})",frozenset({'Hunger'}),0.053540372670807454,0.3191304347826087,0.018385093167701864,0.34338747099767986,1.0760097865049914,0.0012987307588441799,1.0369426947303733
47,frozenset({'Hunger'}),"frozenset({'Gatsby', 'Twilight'})",0.3191304347826087,0.053540372670807454,0.018385093167701864,0.057609964966913195,1.0760097865049911,0.0012987307588441799,1.004318373650845
48,frozenset({'Gatsby'}),"frozenset({'Hunger', 'Twilight'})",0.2951552795031056,0.08919254658385094,0.018385093167701864,0.06228956228956229,0.6983718334693265,-0.007940557848848426,0.9713099233917282
49,frozenset({'Twilight'}),"frozenset({'Hunger', 'Gatsby'})",0.2567701863354037,0.050559006211180126,0.018385093167701864,0.07160135462022255,1.4161938690240576,0.00540304772192431,1.0226652080049456
50,"frozenset({'Mockingbird', 'Hunger'})",frozenset({'Gatsby'}),0.09627329192546584,0.2951552795031056,0.033167701863354035,0.34451612903225803,1.1672368849788204,0.0047521314764090855,1.0753044456399472
51,"frozenset({'Mockingbird', 'Gatsby'})",frozenset({'Hunger'}),0.18608695652173912,0.3191304347826087,0.033167701863354035,0.17823765020026702,0.5585103480389838,-0.026218309478800973,0.8285480168120651
52,"frozenset({'Hunger', 'Gatsby'})",frozenset({'Mockingbird'}),0.050559006211180126,0.4765217391304348,0.033167701863354035,0.656019656019656,1.3766835847127816,0.009075236294896028,1.5218260869565212
53,frozenset({'Mockingbird'}),"frozenset({'Hunger', 'Gatsby'})",0.4765217391304348,0.050559006211180126,0.033167701863354035,0.06960375391032325,1.3766835847127816,0.009075236294896028,1.0204695018699672
54,frozenset({'Hunger'}),"frozenset({'Mockingbird', 'Gatsby'})",0.3191304347826087,0.18608695652173912,0.033167701863354035,0.10393149085247176,0.5585103480389838,-0.026218309478800973,0.9083156423525857
55,frozenset({'Gatsby'}),"frozenset({'Mockingbird', 'Hunger'})",0.2951552795031056,0.09627329192546584,0.033167701863354035,0.11237373737373736,1.1672368849788204,0.0047521314764090855,1.0181387664225192
56,"frozenset({'Mockingbird', 'Potter'})",frozenset({'Twilight'}),0.21950310559006211,0.2567701863354037,0.06298136645962733,0.2869269949066214,1.117446690371699,0.00661951313606729,1.0422913339248743
57,"frozenset({'Mockingbird', 'Twilight'})",frozenset({'Potter'}),0.09826086956521739,0.47751552795031055,0.06298136645962733,0.640960809102402,1.3422826517362998,0.016060275452335952,1.4552296387017762
58,"frozenset({'Potter', 'Twilight'})",frozenset({'Mockingbird'}),0.14062111801242236,0.4765217391304348,0.06298136645962733,0.44787985865724383,0.9398938639704935,-0.004027653254118274,0.9481238260869566
59,frozenset({'Mockingbird'}),"frozenset({'Potter', 'Twilight'})",0.4765217391304348,0.14062111801242236,0.06298136645962733,0.1321689259645464,0.9398938639704935,-0.004027653254118274,0.9902605561142529
60,frozenset({'Potter'}),"frozenset({'Mockingbird', 'Twilight'})",0.47751552795031055,0.09826086956521739,0.06298136645962733,0.13189386056191468,1.3422826517363,0.016060275452335952,1.0387429479746193
61,frozenset({'Twilight'}),"frozenset({'Mockingbird', 'Potter'})",0.2567701863354037,0.21950310559006211,0.06298136645962733,0.24528301886792456,1.1174466903716993,0.00661951313606729,1.0341583850931677
62,"frozenset({'Potter', 'Gatsby'})",frozenset({'Twilight'}),0.12770186335403727,0.2567701863354037,0.034161490683229816,0.26750972762645914,1.0418254994644394,0.0013714594344354028,1.0146616845248406
63,"frozenset({'Potter', 'Twilight'})",frozenset({'Gatsby'}),0.14062111801242236,0.2951552795031056,0.034161490683229816,0.24293286219081273,0.8230679884831829,-0.007343574707765907,0.9310200975524906
64,"frozenset({'Gatsby', 'Twilight'})",frozenset({'Potter'}),0.053540372670807454,0.47751552795031055,0.034161490683229816,0.6380510440835268,1.336189101163473,0.008595131360672817,1.4435308170090784
65,frozenset({'Potter'}),"frozenset({'Gatsby', 'Twilight'})",0.47751552795031055,0.053540372670807454,0.034161490683229816,0.07154006243496358,1.336189101163473,0.008595131360672817,1.0193866089810637
66,frozenset({'Gatsby'}),"frozenset({'Potter', 'Twilight'})",0.2951552795031056,0.14062111801242236,0.034161490683229816,0.11574074074074074,0.8230679884831829,-0.007343574707765907,0.9718630288445903
67,frozenset({'Twilight'}),"frozenset({'Potter', 'Gatsby'})",0.2567701863354037,0.12770186335403727,0.034161490683229816,0.13304305757135948,1.0418254994644396,0.0013714594344354028,1.0061608529281278
68,"frozenset({'Mockingbird', 'Potter'})",frozenset({'Gatsby'}),0.21950310559006211,0.2951552795031056,0.0898136645962733,0.40916808149405776,1.3862807474861805,0.02502616411403881,1.1929699435996286
69,"frozenset({'Mockingbird', 'Gatsby'})",frozenset({'Potter'}),0.18608695652173912,0.47751552795031055,0.0898136645962733,0.48264352469959954,1.0107389109864142,0.0009542533081285526,1.0099119214586256
70,"frozenset({'Potter', 'Gatsby'})",frozenset({'Mockingbird'}),0.12770186335403727,0.4765217391304348,0.0898136645962733,0.703307392996109,1.4759187991706668,0.028960950580610323,1.7643791874554529
71,frozenset({'Mockingbird'}),"frozenset({'Potter', 'Gatsby'})",0.4765217391304348,0.12770186335403727,0.0898136645962733,0.18847758081334726,1.4759187991706666,0.028960950580610323,1.0748909900976271
72,frozenset({'Potter'}),"frozenset({'Mockingbird', 'Gatsby'})",0.47751552795031055,0.18608695652173912,0.0898136645962733,0.1880853277835588,1.0107389109864142,0.0009542533081285526,1.0024613069946924
73,frozenset({'Gatsby'}),"frozenset({'Mockingbird', 'Potter'})",0.2951552795031056,0.21950310559006211,0.0898136645962733,0.3042929292929293,1.3862807474861805,0.02502616411403881,1.1218757538523971
74,"frozenset({'Mockingbird', 'Gatsby'})",frozenset({'Twilight'}),0.18608695652173912,0.2567701863354037,0.036273291925465835,0.19492656875834444,0.7591479818600255,-0.011508290575209287,0.923182637536953
75,"frozenset({'Mockingbird', 'Twilight'})",frozenset({'Gatsby'}),0.09826086956521739,0.2951552795031056,0.036273291925465835,0.3691529709228824,1.25070766663687,0.007271077504725894,1.117298945717522
76,"frozenset({'Gatsby', 'Twilight'})",frozenset({'Mockingbird'}),0.053540372670807454,0.4765217391304348,0.036273291925465835,0.6774941995359628,1.4217487763984622,0.010760140426681067,1.6231592117610254
77,frozenset({'Mockingbird'}),"frozenset({'Gatsby', 'Twilight'})",0.4765217391304348,0.053540372670807454,0.036273291925465835,0.07612095933263816,1.421748776398462,0.010760140426681067,1.024441063892433
78,frozenset({'Gatsby'}),"frozenset({'Mockingbird', 'Twilight'})",0.2951552795031056,0.09826086956521739,0.036273291925465835,0.12289562289562288,1.25070766663687,0.007271077504725894,1.0280864558124008
79,frozenset({'Twilight'}),"frozenset({'Mockingbird', 'Gatsby'})",0.2567701863354037,0.18608695652173912,0.036273291925465835,0.14126753749395257,0.7591479818600255,-0.011508290575209287,0.9478074709124311
80,"frozenset({'Mockingbird', 'Hunger', 'Potter'})",frozenset({'Twilight'}),0.056770186335403726,0.2567701863354037,0.02422360248447205,0.42669584245076586,1.6617810990462822,0.009646711160834844,1.296397041392063
81,"frozenset({'Mockingbird', 'Hunger', 'Twilight'})",frozenset({'Potter'}),0.034782608695652174,0.47751552795031055,0.02422360248447205,0.6964285714285714,1.4584417273673256,0.007614366729678638,1.7211253196930947
82,"frozenset({'Mockingbird', 'Potter', 'Twilight'})",frozenset({'Hunger'}),0.06298136645962733,0.3191304347826087,0.02422360248447205,0.3846153846153846,1.205198071683085,0.004124331623008369,1.1064130434782609
83,"frozenset({'Hunger', 'Potter', 'Twilight'})",frozenset({'Mockingbird'}),0.0506832298136646,0.4765217391304348,0.02422360248447205,0.4779411764705882,1.0029787462430226,7.19416689170943e-05,1.0027189222290263
84,"frozenset({'Mockingbird', 'Hunger'})","frozenset({'Potter', 'Twilight'})",0.09627329192546584,0.14062111801242236,0.02422360248447205,0.25161290322580643,1.789296705801892,0.01068554453917673,1.1483079888627115
85,"frozenset({'Mockingbird', 'Potter'})","frozenset({'Hunger', 'Twilight'})",0.21950310559006211,0.08919254658385094,0.02422360248447205,0.11035653650254669,1.2372842880856556,0.0046455615138304845,1.0237892940116637
86,"frozenset({'Mockingbird', 'Twilight'})","frozenset({'Hunger', 'Potter'})",0.09826086956521739,0.12385093167701863,0.02422360248447205,0.24652338811630847,1.9904847285218488,0.01205390224142587,1.1628085789320104
87,"frozenset({'Hunger', 'Potter'})","frozenset({'Mockingbird', 'Twilight'})",0.12385093167701863,0.09826086956521739,0.02422360248447205,0.19558676028084251,1.9904847285218488,0.01205390224142587,1.1209899165130652
88,"frozenset({'Hunger', 'Twilight'})","frozenset({'Mockingbird', 'Potter'})",0.08919254658385094,0.21950310559006211,0.02422360248447205,0.27158774373259054,1.2372842880856558,0.0046455615138304845,1.07150434070045
89,"frozenset({'Potter', 'Twilight'})","frozenset({'Mockingbird', 'Hunger'})",0.14062111801242236,0.09627329192546584,0.02422360248447205,0.17226148409893993,1.7892967058018923,0.01068554453917673,1.0918021702672067
90,frozenset({'Mockingbird'}),"frozenset({'Hunger', 'Potter', 'Twilight'})",0.4765217391304348,0.0506832298136646,0.02422360248447205,0.05083420229405631,1.0029787462430226,7.19416689170943e-05,1.0001590580705253
91,frozenset({'Hunger'}),"frozenset({'Mockingbird', 'Potter', 'Twilight'})",0.3191304347826087,0.06298136645962733,0.02422360248447205,0.0759050214091086,1.2051980716830852,0.004124331623008369,1.0139852020072524
92,frozenset({'Potter'}),"frozenset({'Mockingbird', 'Hunger', 'Twilight'})",0.47751552795031055,0.034782608695652174,0.02422360248447205,0.050728407908428724,1.4584417273673258,0.007614366729678638,1.0167979315357394
93,frozenset({'Twilight'}),"frozenset({'Mockingbird', 'Hunger', 'Potter'})",0.2567701863354037,0.056770186335403726,0.02422360248447205,0.09433962264150944,1.6617810990462822,0.009646711160834844,1.0414829192546584
94,"frozenset({'Hunger', 'Potter', 'Gatsby'})",frozenset({'Twilight'}),0.031055900621118012,0.2567701863354037,0.012795031055900621,0.412,1.6045476536042573,0.004820801666602368,1.2639962817425106
95,"frozenset({'Hunger', 'Potter', 'Twilight'})",frozenset({'Gatsby'}),0.0506832298136646,0.2951552795031056,0.012795031055900621,0.25245098039215685,0.8553158216148411,-0.0021643918058716887,0.9428742490581407
96,"frozenset({'Hunger', 'Gatsby', 'Twilight'})",frozenset({'Potter'}),0.018385093167701864,0.47751552795031055,0.012795031055900621,0.6959459459459459,1.4574310262395591,0.0040158635855098174,1.718393374741201
97,"frozenset({'Potter', 'Gatsby', 'Twilight'})",frozenset({'Hunger'}),0.034161490683229816,0.3191304347826087,0.012795031055900621,0.3745454545454545,1.1736437948972007,0.0018930596813394526,1.0885995955510617
98,"frozenset({'Hunger', 'Potter'})","frozenset({'Gatsby', 'Twilight'})",0.12385093167701863,0.053540372670807454,0.012795031055900621,0.10330992978936811,1.9295706143953903,0.006164006018286331,1.055503633609849
99,"frozenset({'Hunger', 'Gatsby'})","frozenset({'Potter', 'Twilight'})",0.050559006211180126,0.14062111801242236,0.012795031055900621,0.25307125307125306,1.7996674798794938,0.005685367076887465,1.150550016345211
100,"frozenset({'Hunger', 'Twilight'})","frozenset({'Potter', 'Gatsby'})",0.08919254658385094,0.12770186335403727,0.012795031055900621,0.14345403899721448,1.1233511808634014,0.0014049766598510857,1.018390344897238
101,"frozenset({'Potter', 'Gatsby'})","frozenset({'Hunger', 'Twilight'})",0.12770186335403727,0.08919254658385094,0.012795031055900621,0.10019455252918287,1.1233511808634011,0.0014049766598510857,1.0122270941749203
102,"frozenset({'Potter', 'Twilight'})","frozenset({'Hunger', 'Gatsby'})",0.14062111801242236,0.050559006211180126,0.012795031055900621,0.09098939929328621,1.7996674798794938,0.005685367076887465,1.0444773614858542
103,"frozenset({'Gatsby', 'Twilight'})","frozenset({'Hunger', 'Potter'})",0.053540372670807454,0.12385093167701863,0.012795031055900621,0.23897911832946636,1.9295706143953903,0.006164006018286331,1.1512812452658687
104,frozenset({'Hunger'}),"frozenset({'Potter', 'Gatsby', 'Twilight'})",0.3191304347826087,0.034161490683229816,0.012795031055900621,0.04009342156481121,1.1736437948972007,0.0018930596813394526,1.0061796960400577
105,frozenset({'Potter'}),"frozenset({'Hunger', 'Gatsby', 'Twilight'})",0.47751552795031055,0.018385093167701864,0.012795031055900621,0.02679500520291363,1.457431026239559,0.0040158635855098174,1.0086414600008966
106,frozenset({'Gatsby'}),"frozenset({'Hunger', 'Potter', 'Twilight'})",0.2951552795031056,0.0506832298136646,0.012795031055900621,0.04335016835016835,0.8553158216148411,-0.0021643918058716887,0.9923346440663146
107,frozenset({'Twilight'}),"frozenset({'Hunger', 'Potter', 'Gatsby'})",0.2567701863354037,0.031055900621118012,0.012795031055900621,0.04983067247218191,1.6045476536042576,0.004820801666602368,1.0197593958330697
108,"frozenset({'Mockingbird', 'Hunger', 'Potter'})",frozenset({'Gatsby'}),0.056770186335403726,0.2951552795031056,0.022608695652173914,0.3982494529540482,1.3492879193098013,0.005852675436904441,1.1713237718802936
109,"frozenset({'Mockingbird', 'Hunger', 'Gatsby'})",frozenset({'Potter'}),0.033167701863354035,0.47751552795031055,0.022608695652173914,0.6816479400749065,1.4274885321547859,0.006770602985995914,1.6412159298502018
110,"frozenset({'Mockingbird', 'Potter', 'Gatsby'})",frozenset({'Hunger'}),0.0898136645962733,0.3191304347826087,0.022608695652173914,0.2517289073305671,0.7887963036243927,-0.006053578179854174,0.9099236518524472
111,"frozenset({'Hunger', 'Potter', 'Gatsby'})",frozenset({'Mockingbird'}),0.031055900621118012,0.4765217391304348,0.022608695652173914,0.728,1.5277372262773723,0.007809883877936808,1.924552429667519
112,"frozenset({'Mockingbird', 'Hunger'})","frozenset({'Potter', 'Gatsby'})",0.09627329192546584,0.12770186335403727,0.022608695652173914,0.23483870967741935,1.8389607129408811,0.010314416882064735,1.1400186440145383
113,"frozenset({'Mockingbird', 'Potter'})","frozenset({'Hunger', 'Gatsby'})",0.21950310559006211,0.050559006211180126,0.022608695652173914,0.10299943406904358,2.0372123937488964,0.011510836773272637,1.0584619785645708
114,"frozenset({'Mockingbird', 'Gatsby'})","frozenset({'Hunger', 'Potter'})",0.18608695652173912,0.12385093167701863,0.022608695652173914,0.12149532710280375,0.9809803241500202,-0.00043834728598433556,0.9973186203250958
115,"frozenset({'Hunger', 'Potter'})","frozenset({'Mockingbird', 'Gatsby'})",0.12385093167701863,0.18608695652173912,0.022608695652173914,0.18254764292878636,0.9809803241500202,-0.00043834728598433556,0.9956703120832222
116,"frozenset({'Hunger', 'Gatsby'})","frozenset({'Mockingbird', 'Potter'})",0.050559006211180126,0.21950310559006211,0.022608695652173914,0.44717444717444715,2.0372123937488964,0.011510836773272637,1.4118321601104211
117,"frozenset({'Potter', 'Gatsby'})","frozenset({'Mockingbird', 'Hunger'})",0.12770186335403727,0.09627329192546584,0.022608695652173914,0.17704280155642024,1.8389607129408811,0.010314416882064735,1.0981454561473063
118,frozenset({'Mockingbird'}),"frozenset({'Hunger', 'Potter', 'Gatsby'})",0.4765217391304348,0.031055900621118012,0.022608695652173914,0.04744525547445256,1.5277372262773725,0.007809883877936808,1.0172056828728493
119,frozenset({'Hunger'}),"frozenset({'Mockingbird', 'Potter', 'Gatsby'})",0.3191304347826087,0.0898136645962733,0.022608695652173914,0.07084468664850135,0.7887963036243927,-0.006053578179854174,0.9795847070180871
120,frozenset({'Potter'}),"frozenset({'Mockingbird', 'Hunger', 'Gatsby'})",0.47751552795031055,0.033167701863354035,0.022608695652173914,0.04734651404786681,1.4274885321547859,0.006770602985995914,1.0148834937294557
121,frozenset({'Gatsby'}),"frozenset({'Mockingbird', 'Hunger', 'Potter'})",0.2951552795031056,0.056770186335403726,0.022608695652173914,0.0765993265993266,1.349287919309801,0.005852675436904441,1.021474037040602
122,"frozenset({'Mockingbird', 'Hunger', 'Gatsby'})",frozenset({'Twilight'}),0.033167701863354035,0.2567701863354037,0.01267080745341615,0.3820224719101124,1.4877991770084205,0.004154330465645617,1.2026809712027104
123,"frozenset({'Mockingbird', 'Hunger', 'Twilight'})",frozenset({'Gatsby'}),0.034782608695652174,0.2951552795031056,0.01267080745341615,0.36428571428571427,1.2342171717171715,0.0024045368620037796,1.1087445041524182
124,"frozenset({'Mockingbird', 'Gatsby', 'Twilight'})",frozenset({'Hunger'}),0.036273291925465835,0.3191304347826087,0.01267080745341615,0.34931506849315075,1.0945840020902544,0.0010948960302457466,1.0463890160183067
125,"frozenset({'Hunger', 'Gatsby', 'Twilight'})",frozenset({'Mockingbird'}),0.018385093167701864,0.4765217391304348,0.01267080745341615,0.6891891891891891,1.4462911816926414,0.003909910883067783,1.6842344045368616
126,"frozenset({'Mockingbird', 'Hunger'})","frozenset({'Gatsby', 'Twilight'})",0.09627329192546584,0.053540372670807454,0.01267080745341615,0.13161290322580646,2.4581992365840883,0.00751629952548127,1.0899052172067225
127,"frozenset({'Mockingbird', 'Gatsby'})","frozenset({'Hunger', 'Twilight'})",0.18608695652173912,0.08919254658385094,0.01267080745341615,0.06809078771695594,0.7634134277458151,-0.00392676208479611,0.9773564220754953
128,"frozenset({'Mockingbird', 'Twilight'})","frozenset({'Hunger', 'Gatsby'})",0.09826086956521739,0.050559006211180126,0.01267080745341615,0.12895069532237674,2.5504990106760017,0.007702835538752363,1.089996844828674
129,"frozenset({'Hunger', 'Gatsby'})","frozenset({'Mockingbird', 'Twilight'})",0.050559006211180126,0.09826086956521739,0.01267080745341615,0.25061425061425063,2.550499010676002,0.007702835538752363,1.203304347826087
130,"frozenset({'Hunger', 'Twilight'})","frozenset({'Mockingbird', 'Gatsby'})",0.08919254658385094,0.18608695652173912,0.01267080745341615,0.14206128133704735,0.7634134277458152,-0.00392676208479611,0.9486843591191417
131,"frozenset({'Gatsby', 'Twilight'})","frozenset({'Mockingbird', 'Hunger'})",0.053540372670807454,0.09627329192546584,0.01267080745341615,0.23665893271461716,2.458199236584088,0.00751629952548127,1.1839094564745416
132,frozenset({'Mockingbird'}),"frozenset({'Hunger', 'Gatsby', 'Twilight'})",0.4765217391304348,0.018385093167701864,0.01267080745341615,0.02659019812304484,1.4462911816926416,0.003909910883067783,1.0084292401201649
133,frozenset({'Hunger'}),"frozenset({'Mockingbird', 'Gatsby', 'Twilight'})",0.3191304347826087,0.036273291925465835,0.01267080745341615,0.0397041650447645,1.0945840020902542,0.0010948960302457466,1.003572725189898
134,frozenset({'Gatsby'}),"frozenset({'Mockingbird', 'Hunger', 'Twilight'})",0.2951552795031056,0.034782608695652174,0.01267080745341615,0.04292929292929293,1.2342171717171717,0.0024045368620037796,1.0085121027876562
135,frozenset({'Twilight'}),"frozenset({'Mockingbird', 'Hunger', 'Gatsby'})",0.2567701863354037,0.033167701863354035,0.01267080745341615,0.04934687953555878,1.4877991770084202,0.004154330465645617,1.0170190128490826
136,"frozenset({'Mockingbird', 'Potter', 'Gatsby'})",frozenset({'Twilight'}),0.0898136645962733,0.2567701863354037,0.02434782608695652,0.2710926694329184,1.0557793850677277,0.0012863546931059754,1.0196492510047497
137,"frozenset({'Mockingbird', 'Potter', 'Twilight'})",frozenset({'Gatsby'}),0.06298136645962733,0.2951552795031056,0.02434782608695652,0.3865877712031558,1.3097775918288737,0.005758543266077696,1.149055541131593
138,"frozenset({'Mockingbird', 'Gatsby', 'Twilight'})",frozenset({'Potter'}),0.036273291925465835,0.47751552795031055,0.02434782608695652,0.6712328767123288,1.4056775904095336,0.007026765942671966,1.5892236024844724
139,"frozenset({'Potter', 'Gatsby', 'Twilight'})",frozenset({'Mockingbird'}),0.034161490683229816,0.4765217391304348,0.02434782608695652,0.7127272727272727,1.4956867949568677,0.008069133135295704,1.8222344523940555
140,"frozenset({'Mockingbird', 'Potter'})","frozenset({'Gatsby', 'Twilight'})",0.21950310559006211,0.053540372670807454,0.02434782608695652,0.11092246745897,2.0717537425631285,0.012595548011264997,1.0645411594466474
141,"frozenset({'Mockingbird', 'Gatsby'})","frozenset({'Potter', 'Twilight'})",0.18608695652173912,0.14062111801242236,0.02434782608695652,0.13084112149532712,0.9304514381955683,-0.0018199297866594646,0.9887477459426969
142,"frozenset({'Mockingbird', 'Twilight'})","frozenset({'Potter', 'Gatsby'})",0.09826086956521739,0.12770186335403727,0.02434782608695652,0.24778761061946902,1.940360180434558,0.011799729948690251,1.1596434051881621
143,"frozenset({'Potter', 'Gatsby'})","frozenset({'Mockingbird', 'Twilight'})",0.12770186335403727,0.09826086956521739,0.02434782608695652,0.19066147859922178,1.940360180434558,0.011799729948690251,1.114168060200669
144,"frozenset({'Potter', 'Twilight'})","frozenset({'Mockingbird', 'Gatsby'})",0.14062111801242236,0.18608695652173912,0.02434782608695652,0.17314487632508835,0.9304514381955683,-0.0018199297866594646,0.9843478260869566
145,"frozenset({'Gatsby', 'Twilight'})","frozenset({'Mockingbird', 'Potter'})",0.053540372670807454,0.21950310559006211,0.02434782608695652,0.4547563805104408,2.071753742563129,0.012595548011264997,1.431464516981631
146,frozenset({'Mockingbird'}),"frozenset({'Potter', 'Gatsby', 'Twilight'})",0.4765217391304348,0.034161490683229816,0.02434782608695652,0.051094890510948905,1.495686794956868,0.008069133135295704,1.017845198279981
147,frozenset({'Potter'}),"frozenset({'Mockingbird', 'Gatsby', 'Twilight'})",0.47751552795031055,0.036273291925465835,0.02434782608695652,0.05098855359001041,1.4056775904095336,0.007026765942671966,1.0155058842759073
148,frozenset({'Gatsby'}),"frozenset({'Mockingbird', 'Potter', 'Twilight'})",0.2951552795031056,0.06298136645962733,0.02434782608695652,0.08249158249158249,1.3097775918288739,0.005758543266077696,1.0212643455467547
149,frozenset({'Twilight'}),"frozenset({'Mockingbird', 'Potter', 'Gatsby'})",0.2567701863354037,0.0898136645962733,0.02434782608695652,0.09482341557813256,1.0557793850677277,0.0012863546931059754,1.0055345565363458