,train-auc-mean,train-auc-std,test-auc-mean,test-auc-std
0,0.8975683,0.0009093306384368,0.8928996,0.0082582394758205
1,0.9069851,0.0026114510698077,0.9011617,0.007518845670048
2,0.9136785,0.0014034790522127,0.9079096,0.0077526112529908
3,0.9191233,0.0009208806708797,0.91213,0.0071454083718147
4,0.9228642,0.001096840170672,0.9149616,0.0067060110676914
5,0.9264109,0.0012994761598428,0.9177445,0.0064941814765218
6,0.9304612,0.0011490998912192,0.9208305,0.0065564452296957
7,0.9332919,0.0012145817757565,0.922861,0.0069975315361918
8,0.9363104,0.0010966128031351,0.9247704,0.006658755517362
9,0.9392983,0.001157247860227,0.9267467,0.0058966599706952
10,0.9414314,0.0012022088171361,0.9281461,0.0057301236016337
11,0.9434991,0.001276918905021,0.9291893,0.0061366548713448
12,0.9454071,0.0014203021826357,0.9297804,0.0062410859183318
13,0.9470468,0.0014323539227439,0.9305494,0.0062235649944384
14,0.9489481,0.0010420424607471,0.9312658,0.0058956528527381
15,0.9506241,0.0011867739843794,0.9319117,0.0057502263616313
16,0.9521352,0.0017914209890475,0.9326587,0.0053795311515038
17,0.9530996,0.0019451645277456,0.933071,0.0052461220344174
18,0.9548689,0.0018529827549116,0.9339882,0.004913621878004
19,0.9569325999999998,0.0020473483435898,0.9354803,0.005744013353919
20,0.9587923,0.0018039644148374,0.9355132000000002,0.0062692663175207
21,0.9603467,0.0016188755387613,0.9364621,0.0064946103262628
22,0.9616977,0.0014307403013824,0.9372701999999998,0.0059190078695673
23,0.963249,0.0013816184712141,0.938065,0.0059995038794886
24,0.9646418,0.0017625947804302,0.9382684,0.0058703187852109
25,0.9659797,0.0018142783716949,0.9385416999999998,0.00570970339072
26,0.9670807,0.0016479988501209,0.9389243,0.0057535177422164
27,0.9683345,0.0009669473874001,0.9392997,0.0056656929858579
28,0.9693729999999998,0.0013543620638514,0.9396169,0.0056669048068588
29,0.9702674,0.0013022874644255,0.9399035,0.0056685707413774
30,0.9709713999999998,0.0011476377651506,0.9401704,0.0058843509446667
31,0.9716671,0.0012022016844107,0.9405621,0.0056239901929146
32,0.9724932,0.0011507052446217,0.940976,0.0056630052445675
33,0.973096,0.001321250695364,0.9410445,0.0058302945937576
34,0.9738823,0.0013445495937301,0.9415891,0.0056027629335891
35,0.9746992,0.0012076279890761,0.9418416,0.0051698746832007
36,0.9753076,0.0011526397702664,0.9417009,0.0052732262126709
37,0.9761762,0.0011107059736942,0.9420452,0.0053127853109268
38,0.9769892,0.0009926385847829,0.9420402,0.0052057477618494
39,0.9775422,0.0008307066630285,0.9421982,0.0050457206185043
40,0.9784067,0.0009391001064849,0.9424449,0.0048092850705692
41,0.9789648,0.0009979249270361,0.9426958,0.004913237869267
42,0.979542,0.0009950643195291,0.9429551,0.0050617761398544
43,0.9801715,0.0010272741844318,0.942876,0.0050608985565806
44,0.9808394,0.0010341185812081,0.942974,0.0049237447537418
45,0.9814103,0.0010504302023456,0.9432068,0.004868394269161
46,0.9818214,0.0011778045848102,0.9433808,0.0049704319691551
47,0.9822867,0.0011464083085881,0.9434909,0.005012631294041
48,0.9827685,0.0009594706092424,0.9435453,0.00507701032203
49,0.983138,0.0009260971871245,0.943593,0.0052178704468394
50,0.9835999,0.0009133303290704,0.9436695,0.0052942504521414
51,0.9839641,0.0008545254179952,0.943669,0.0052599052272831
52,0.9844336,0.0009210178282747,0.943674,0.0050734602196134
53,0.9848641,0.000822482151782,0.9435354,0.0049509871581332
54,0.9851049,0.0008306642462511,0.9436575,0.0052547377527332
55,0.985404,0.0007031780713304,0.9438263,0.0053938143840885
56,0.9856254,0.0007292966748861,0.9439535,0.0052292644654865
57,0.9859826000000002,0.0008215719323345,0.9440029,0.0052221418871953
58,0.9864904,0.000872891081407,0.9441294,0.0055608372247351
59,0.9868408,0.0007944860980533,0.9445323,0.0055934681021705
60,0.987233,0.0008271297358939,0.9445304,0.0052515838601321
61,0.9874881,0.0008484930700954,0.9446068,0.005086964100522
62,0.9878031,0.0008387909691931,0.9446663999999998,0.0051589298153783
63,0.988239,0.0008229355989383,0.9450479,0.0050722835380132
64,0.9885727,0.0008158626171114,0.9451445,0.0050111325915405
65,0.9888213,0.000854890291207,0.945084,0.004962061829522
66,0.9890521,0.0008243351806152,0.9451474,0.0048593815902849
67,0.9893262,0.000672462013797,0.9451477,0.0049744227413841
68,0.9896273,0.0006131777964016,0.9452571,0.004901983974882
69,0.9898205,0.0006752260732524,0.945192,0.0048534792056833
70,0.9901096,0.0006777198831375,0.9454781,0.0046839898473416
71,0.9903131,0.0006992107622169,0.9453588,0.0046885891651967
72,0.9905787,0.0007151427899378,0.9451503000000002,0.0046401880791623
73,0.9909046,0.0006604689546072,0.9450852,0.004828182738878
74,0.9911856,0.0006719573200732,0.9451672,0.0049456984703881
75,0.9914094,0.0006247998399487,0.9451874,0.0050932177687587
76,0.991607,0.0006351454951426,0.9451072,0.0052864850855743
77,0.9918774,0.0006854482037324,0.9448841,0.0053277610391232
78,0.9920687,0.0007407098014742,0.9449727,0.0052606796528585
79,0.9922281,0.0007105215619528,0.9450921999999998,0.0051654946094251
80,0.9925347,0.0007559693181604,0.9449715,0.0051824938253701
81,0.9927381,0.000754040244284,0.944901,0.0052547250736836
82,0.9928963,0.0007723262328834,0.9448607,0.0052919315008794
83,0.9930575,0.0007852755248955,0.9448126000000002,0.0052844074823957
84,0.9932891,0.0006773993578384,0.9450058999999996,0.0053980870398688
85,0.9934934,0.000647870542624,0.9450345,0.0055665970080471
86,0.9936652,0.0006212527344004,0.9451318999999998,0.0056760406526028
87,0.9938538999999998,0.0005708219424654,0.9450629,0.005765045541017
88,0.9939934,0.000520104835586,0.9450754,0.0057152372514183
89,0.9941423,0.0004835336699755,0.9452093,0.0055580301375577
90,0.9942837,0.0004965799130049,0.9452172,0.005470391591102
91,0.9944186000000002,0.0005063262189537,0.9452477,0.0055043941183385
92,0.9945555,0.000463152512678,0.9453116,0.0054597865562675
93,0.9946987,0.0004129576370525,0.9451712,0.0054659885803027
94,0.9948249,0.0004304714740839,0.9452868,0.0055552550400499
95,0.9949906,0.000408882428089,0.9453395,0.0055346195217015
96,0.9951498,0.0003605597869979,0.9452884,0.0055248557483431
97,0.9952582,0.0003769811135852,0.945383,0.005421865453882
98,0.9953218,0.0003842454423932,0.9453854,0.0053334607188953
99,0.9954503,0.0004028004592847,0.9454881,0.0052865270915791
100,0.9955415,0.0003977105102961,0.9455107,0.0052954456856812
101,0.9956275,0.0004259331520321,0.9454943,0.0052760568050391
102,0.9957215,0.0004615138676139,0.9454841,0.0052668824830254
103,0.9958198,0.0004468713013832,0.9454614,0.0052013816087651
104,0.995912,0.000466259369879,0.9454873,0.0052414877859248
105,0.9959983,0.0004871334622051,0.9452831000000002,0.005322816931851
106,0.9961038,0.0004738208100115,0.9452807000000002,0.0052282957462255
107,0.9961799,0.0005060404035252,0.9454448,0.0051545907849217
108,0.996304,0.0004893193231418,0.9453844,0.0052270755341777
109,0.9964232999999998,0.0004322610438149,0.945365,0.0051406007820098
110,0.9965157,0.0004027138065673,0.9453167,0.0051938555630668
111,0.9966357,0.0003796382620337,0.9452598,0.0051169198703907
112,0.9967274000000002,0.0003610474207081,0.9452205,0.0051116899015883
113,0.9968042,0.0003602209877283,0.9452333,0.0050575402331568
114,0.9969168,0.0003202785662513,0.945332,0.0050477723799711
115,0.9970146,0.000310111012381,0.9453508,0.0050228422392107
116,0.9971016,0.0003156276920677,0.9453713,0.004899898530582
117,0.9971789,0.0003034018622223,0.9454694,0.0049791625842103
118,0.9972475,0.0003005492472124,0.9454319,0.0050140413929284
119,0.9973103,0.0002876626670251,0.9454285,0.0049883882216603
120,0.9974067,0.0002699918702479,0.9455175,0.0049565832838761
121,0.9974712,0.0002522981569492,0.9455558,0.0049108232670296
122,0.9975189,0.0002335146462215,0.9455637,0.0049721720816962
123,0.997576,0.0002382704345906,0.9455522,0.0049351109977385
124,0.9976301,0.0002317910481446,0.94557,0.0048105930403641
125,0.9976781,0.0002118383581884,0.9453967,0.0047110668441447
126,0.9977208,0.0002125035529114,0.9453607,0.004724573272794
127,0.9977795,0.0002166274451679,0.9453349,0.0046357597532659
128,0.9978222,0.0002122436335912,0.9453167,0.0046565727321711
129,0.9978701,0.0001925556802589,0.9452988,0.0045385516808779
130,0.9979167,0.0001911889379645,0.9452748,0.0044935047301632
131,0.997989,0.000212,0.9452819,0.0045441693289312
132,0.9980462,0.0002043701543768,0.945314,0.0045562574115166
133,0.9980802,0.0002022601295361,0.945338,0.0045058661986348
134,0.9981247,0.0002093838819011,0.9453546,0.0046095159876065
135,0.9981732,0.0002032194872545,0.9454275,0.004533084297694
136,0.9982131,0.000201354140757,0.9453345,0.0046162541795269
137,0.9982551999999998,0.0002284766071176,0.9453226,0.0046511026262597
138,0.9983293,0.0002349812971281,0.9453102,0.0047003266226933
139,0.9983882000000002,0.0002075325516636,0.9452386,0.0046270206223875
140,0.9984534,0.0001900885057019,0.9451809,0.0046673277461519
141,0.9984905000000002,0.0001754207798409,0.9450765,0.004792955940753
142,0.9985143,0.0001783412739665,0.9450763,0.004847653495249
143,0.9985355,0.0001758216425813,0.9450471,0.0049204576098163
144,0.9985819,0.0001502940118567,0.9450630000000002,0.0049672235101714
145,0.9986205,0.0001380972483433,0.9450968,0.0049217775000501
146,0.9986414,0.0001410760078822,0.9450999,0.0048926916406002
147,0.9986716,0.0001492328382093,0.9450197,0.0048999061633871
148,0.9987026,0.0001438681340672,0.9450066,0.0048814808654751
149,0.9987364,0.000137425761777,0.9449571,0.004880004025613
150,0.9987562999999998,0.0001425230156852,0.9449253,0.0048199400421582
151,0.9987832,0.0001399534208227,0.9448532,0.0048355593637137
152,0.9988353,0.0001358462734122,0.9448987,0.0049141354692356
153,0.9988526,0.0001353737049799,0.9448183,0.0049061246427297
154,0.9988902,0.0001532317199538,0.9448045,0.004888785253005
155,0.9989089,0.0001544068975143,0.944828,0.0049248380480986
156,0.9989481999999998,0.0001479532358551,0.9447971999999998,0.0049705165486094
157,0.9989597,0.0001492240262156,0.9448557,0.0049227412495478
158,0.9989805,0.0001530302257725,0.9448072,0.0049699525108395
159,0.9990041000000002,0.0001382869842031,0.9448001,0.0048386430215505
160,0.9990283,0.0001331458223152,0.9446997,0.0048241525483757
161,0.9990444,0.0001276434095439,0.9447583,0.0048693473700281
162,0.9990705,0.0001133739388042,0.9447562000000002,0.0048454988556391
163,0.9991029,0.0001047630182841,0.9446452,0.0047826402289948
164,0.999129,9.980280557178538e-05,0.9446848,0.0047910963213026
165,0.999148,9.388929651456528e-05,0.9445583,0.0049180876781529
166,0.9991705,9.445025145545848e-05,0.9445548,0.0049827074327116
167,0.9992094,8.918654607057825e-05,0.9445461,0.0049647958155396
168,0.9992253000000002,8.510470022272522e-05,0.9444624,0.0048841670569299
169,0.9992477,7.82304927761519e-05,0.9445055,0.0049755744442224
170,0.9992631,7.699149303655458e-05,0.9445377,0.0049790663592685
171,0.9992733,7.470080320853222e-05,0.9445485999999998,0.0049675917545627
172,0.9992895,6.727295147382132e-05,0.9445492,0.0049322673041918
173,0.9993178,6.88168583996758e-05,0.9445586,0.0049345365375078
174,0.9993438,5.870400327064469e-05,0.9446017,0.0048971928704105
175,0.999365,6.362860991723652e-05,0.9445687,0.004874836080321
176,0.9993844,5.788989549135818e-05,0.9445067,0.0049230411139863
177,0.9993935,5.845553865972515e-05,0.9445029,0.0049869797964298
178,0.9994044,6.02149483101976e-05,0.9445147,0.0050526042008057
179,0.9994168,6.466343634543869e-05,0.9445373,0.0050068392834202
180,0.9994416,5.937036297680565e-05,0.944426,0.004944190550535
181,0.9994513,5.8930552347667394e-05,0.9443396,0.0050022321657436
182,0.9994723,6.255405662305326e-05,0.9442988,0.00500974575802
183,0.9994944,5.8527258606567927e-05,0.9442788,0.0049713248696901
184,0.999508,5.183820984562708e-05,0.9442966,0.0049694939017972
185,0.9995184,4.989829656411646e-05,0.9442974,0.004926988617807
186,0.9995307,5.001209853624558e-05,0.9443019,0.0047493249509798
187,0.9995468,4.6168820647704735e-05,0.944285,0.0047619543046946
188,0.999565,5.1882559690126014e-05,0.9442572,0.0048366194351013
189,0.9995716,5.245035748211043e-05,0.9442215,0.0047898636567234
190,0.9995819,5.196816333100795e-05,0.9442378,0.0047952660781233
191,0.9995887,5.082528898099024e-05,0.9442081,0.0048327063732446
192,0.9995936,5.242365878113429e-05,0.9442317,0.0048911374556436
193,0.9996064999999998,5.215218116244252e-05,0.9442467,0.0048624135375346
194,0.9996135,5.336899849162625e-05,0.9441871,0.0047523972361325
195,0.9996249,5.885142309238632e-05,0.9442663,0.0047663876478943
196,0.9996396,5.938552012064623e-05,0.9442828,0.0047412678430984
197,0.9996511,5.9683247230685486e-05,0.9442463,0.0047722980219177
198,0.9996612,5.46805266982661e-05,0.944212,0.0048455367298164
199,0.9996708,5.041388697571534e-05,0.9442398999999998,0.0047860522865927
200,0.9996771,5.169999999999579e-05,0.9441811,0.0048283417122237
201,0.9996888,5.0938786793552747e-05,0.9442501,0.0047681141020323
202,0.9996941,5.124929267805786e-05,0.9442082,0.0047691700913261
203,0.9997014,5.173045524640693e-05,0.9442147,0.0047352888412429
204,0.9997098,5.053276165023223e-05,0.9442627,0.004741105779246
205,0.9997194,5.337639927910074e-05,0.9441947,0.0047119606333245
206,0.9997265,5.32151294276581e-05,0.9442128,0.0046560833497694
207,0.9997302,5.393106711351069e-05,0.9442177,0.0046485361792719
208,0.9997379,5.6434829671056265e-05,0.9441835,0.0046448387108703
209,0.9997443,5.6256644052061145e-05,0.9441228,0.004585992887042
210,0.9997565,5.879158102993376e-05,0.9440997,0.0046908575772453
211,0.9997648,5.879761899940317e-05,0.9441352000000002,0.0047323568504498
212,0.9997718,6.117810065699983e-05,0.9441147,0.0048040441515456
213,0.9997744,6.12408360491601e-05,0.9441551,0.0048713347339307
214,0.9997829,6.389749603856655e-05,0.9441585,0.0048585731084342
215,0.9997899,6.15019511885536e-05,0.9441881999999998,0.0048613122467087
216,0.9997979,6.176155762283354e-05,0.9442284999999998,0.0048614733414881
217,0.9998041,5.599723207443441e-05,0.9442231,0.004853825593282
218,0.9998087,5.619617424700612e-05,0.944218,0.0048862481721664
219,0.9998176999999998,4.923017367426592e-05,0.9442692,0.0048341367336888
220,0.9998212,5.038213969255886e-05,0.9442072,0.0048553904848117
221,0.9998279,4.759296166452587e-05,0.9441497,0.0048042670419118
222,0.9998324,4.615452307195229e-05,0.9440576,0.0048616802486383
223,0.9998379,4.332770476266797e-05,0.9440344,0.0049399542548489
224,0.999843,4.07234576135176e-05,0.9439630999999998,0.0049788400747563
225,0.9998468,3.879639158477978e-05,0.943949,0.0049745232535389
226,0.9998543000000002,3.550225344959684e-05,0.9439606,0.0049572550711053
227,0.9998585,3.660122948753705e-05,0.9439578999999998,0.0048682990756526
228,0.9998625,3.473110997362444e-05,0.9440229,0.004949433067534
229,0.9998665,3.2888447819854645e-05,0.9439509,0.0050043725370919
230,0.9998702,3.04065782356459e-05,0.9440148,0.0049948382916767
231,0.999875,3.0219199195224748e-05,0.9439773,0.0049496370584114
232,0.9998793,2.9769279467276973e-05,0.9438692,0.0049699341001667
233,0.999881,2.9883105594982707e-05,0.9437861,0.0049751625591532
234,0.9998851,2.719724250726255e-05,0.9437814999999998,0.004983949944572
235,0.9998894,2.6982216365582027e-05,0.9436978,0.0049642681192699
236,0.999892,2.6593232221739645e-05,0.9436497,0.0049141571210127
237,0.9998943,2.672470766911444e-05,0.9436247,0.0049320027787907
238,0.9998979,2.7027578507888943e-05,0.9436,0.0049336497038196
239,0.9999028,2.8294169010595216e-05,0.9436523999999998,0.0049109763021216
240,0.9999045,2.854557759095093e-05,0.9436464,0.0048996149277264
241,0.9999078,2.8134676113299918e-05,0.9436409,0.0048370823530306
242,0.9999093,2.7982315844121006e-05,0.9436407,0.0048441027662509
243,0.9999118,2.797069895444841e-05,0.9436294,0.0047994560775154
244,0.9999149,2.6549764594068583e-05,0.9436426,0.0047885247247978
245,0.9999155,2.752907553841953e-05,0.9436243,0.0048911985657914
246,0.9999183,2.8089321814527864e-05,0.9436302,0.004895885819747
247,0.9999205,2.6934179029642263e-05,0.9435688,0.0048010937253921
248,0.9999230999999998,2.7127292529844027e-05,0.9436017,0.0047837563493555
249,0.9999251,2.5641567814778348e-05,0.9435852999999998,0.0047879100670334
250,0.9999267,2.566729436462301e-05,0.9435641,0.0048132256637311
251,0.9999304999999998,2.479616905894337e-05,0.9436001,0.0047986973951271
252,0.9999326,2.457315608546221e-05,0.9435974,0.0047644275668751
253,0.9999344,2.3954957733209723e-05,0.9435604,0.0047230726270088
254,0.9999372,2.383191137950013e-05,0.9434503,0.0046832113778901
255,0.99994,2.4223955085835928e-05,0.9435091,0.0045505426148977
256,0.9999418,2.331866205424306e-05,0.9435269000000002,0.0044851140331099
257,0.9999438000000002,2.3059921942608245e-05,0.9435149,0.0045247810212208
258,0.9999454,2.3290341345715808e-05,0.9435536999999998,0.0045349315772126
259,0.9999461,2.3244139046212295e-05,0.9435807,0.0045334210713323
260,0.9999476,2.3593219364893684e-05,0.943623,0.0045606168880974
261,0.9999491,2.398937264705931e-05,0.9435407,0.0045040107471008
262,0.9999504,2.417519389786829e-05,0.9434723000000002,0.004507906788078
263,0.9999522,2.446139816117224e-05,0.9436248,0.0045226403748253
264,0.9999534,2.4808063205339614e-05,0.9436342,0.0046231614680865
265,0.9999538999999998,2.499779990319482e-05,0.943697,0.0046611367497639
266,0.9999555,2.5652485259718297e-05,0.9437287,0.0046685464986438
267,0.9999574,2.3988330496309165e-05,0.9437164,0.0046399558877213
268,0.9999582,2.3714130808443755e-05,0.9437205,0.0046261304186112
269,0.9999593,2.3362576912646677e-05,0.9436509,0.0046447724476017
270,0.9999612,2.122168702058945e-05,0.9436278,0.0046392516163709
271,0.9999618,2.096568625157684e-05,0.9436029,0.0046269113120957
272,0.999963,2.075090359478476e-05,0.9436365,0.0045821453981732
273,0.9999637,2.0876062847188823e-05,0.9436078,0.0045464946013384
274,0.9999641,2.0632256299287605e-05,0.943598,0.0045476587822746
275,0.9999649,2.046191584383129e-05,0.9436281,0.0045340669260609
276,0.9999656,2.029876843555009e-05,0.9436591,0.0045115940076651
277,0.9999668,1.847051704746339e-05,0.9436118,0.0044463323492514
278,0.9999671,1.835456346526695e-05,0.9436041000000002,0.0044487179377883
279,0.9999678,1.8502972734137932e-05,0.9435939,0.0044207345871472
280,0.9999682,1.86804710861426e-05,0.9436379999999998,0.0044730221103858
281,0.9999683,1.8455622449540114e-05,0.9436142,0.0045171568668798
282,0.9999698,1.7330897264716274e-05,0.9435041,0.0045187356517061
283,0.9999709,1.660391520095489e-05,0.9434546,0.0046178205725212
284,0.9999713,1.641980511457347e-05,0.9434224,0.004675597548977
285,0.9999721,1.6077624202605516e-05,0.9434472,0.0047453399414583
286,0.9999727,1.539512909981298e-05,0.9435122,0.0047677363349916
287,0.9999741,1.4439182802376772e-05,0.9435293,0.0047484778834906
288,0.9999747,1.4926821496877216e-05,0.9435644,0.0047687305690298
289,0.999975,1.4324803663582562e-05,0.9435531,0.0047751737235413
290,0.9999764,1.3987136947922246e-05,0.943503,0.0048101583341923
291,0.9999769,1.3523682930338409e-05,0.9435285,0.0047173991192181
292,0.9999777,1.381339929199713e-05,0.9435158,0.0047391782156825
293,0.9999785,1.3139634698132184e-05,0.9435092,0.0047701942685806
294,0.9999803,1.195867885681338e-05,0.9435294999999998,0.0047983049559193
295,0.999981,1.1789826122545963e-05,0.9434382999999998,0.0047906528793057
296,0.9999826,1.0790736768150527e-05,0.9434032,0.0047697052906862
297,0.9999828,1.0787029248106983e-05,0.9434304,0.0047584694219885
298,0.9999837,1.019852930574294e-05,0.9433398,0.0047437761920225
299,0.9999841,1.0153324578679866e-05,0.9433244,0.0047618357426521
300,0.9999842,9.997999799956774e-06,0.943299,0.0047605805528317
301,0.9999847,9.685556256610007e-06,0.9433694,0.004781730590487
302,0.9999851,9.52312973763726e-06,0.9433733,0.004793195782565
303,0.9999856,9.43610088965944e-06,0.9433386,0.0047744710743704
304,0.9999859,9.6171721415395e-06,0.9433228,0.0047672320228828
305,0.9999863,9.252567211310653e-06,0.9432877000000002,0.004752416691537
306,0.9999869,9.438749917225094e-06,0.9432932,0.0046621795289328
307,0.999987,9.539392014163286e-06,0.9433129,0.0046819914021706
308,0.9999873,9.230926280723096e-06,0.9432888,0.004603795125763
309,0.9999882,8.61162005664656e-06,0.9433016,0.0045507766633839
310,0.9999885,8.546929273151195e-06,0.9432915,0.0045348167824069
311,0.999989,8.449852069725406e-06,0.9432696,0.0045621648194689
312,0.9999894,7.95235814084321e-06,0.9432865,0.0045341915541803
313,0.9999907,7.294518489953046e-06,0.9432544,0.0045474027576188
314,0.9999908,7.249827584161237e-06,0.9432379,0.0045942650217417
315,0.999991,7.224956747286445e-06,0.9431996,0.004599136075395
316,0.9999914,6.9885620838661125e-06,0.9432704,0.0045316730067382
317,0.9999918,6.161168720301042e-06,0.9433210999999998,0.0045073112705913
318,0.9999926,5.660388679250018e-06,0.9433146,0.0045431005755981
319,0.9999927,5.728001396666056e-06,0.9432425,0.0045941953648054
320,0.9999928,5.564171097310968e-06,0.9432275,0.0046014821362252
321,0.9999935,4.944694126043531e-06,0.9432135,0.0045853784194982
322,0.9999935,4.944694126043531e-06,0.9432404,0.0045790068399162
323,0.9999938,4.8744230427928286e-06,0.9432241,0.0045600409526669
324,0.9999941,4.928488612161622e-06,0.9432607,0.0045987790347004
325,0.9999945,4.904079934116726e-06,0.9432353,0.0046113316525706
326,0.9999948,4.955804677367081e-06,0.9433077999999998,0.0046035352024286
327,0.9999951,4.846648326449553e-06,0.9432163999999998,0.0046368556846207
328,0.9999952,4.600000000021736e-06,0.9431977,0.0046580381718058
329,0.9999958,4.069397989873774e-06,0.9431524,0.004657891565934
330,0.9999958,4.069397989873774e-06,0.9431266,0.0046096977601573
331,0.9999958,4.069397989873774e-06,0.9431414,0.0045928311573581
332,0.9999959,4.085339643161818e-06,0.9431697,0.0046672942921997
333,0.9999959,4.085339643161818e-06,0.9431528,0.0046866328381899
334,0.9999963,4.099999999990629e-06,0.9431708,0.0046944301422004
335,0.9999964,3.555277766934788e-06,0.9431907,0.0046809467215511
336,0.9999964,3.852272056862702e-06,0.9431711000000002,0.0046771846114943
337,0.9999965,3.748332962806824e-06,0.9431643,0.0046715007235362
338,0.9999966,3.4985711369081406e-06,0.9431829,0.0046490963734902
339,0.9999967,3.5510561809100044e-06,0.9431919,0.0046644617363635
340,0.9999969,3.505709628583805e-06,0.943246,0.0046001923872812
341,0.999997,3.4351128074621203e-06,0.9432587,0.0045647857572946
342,0.9999972,3.399999999999155e-06,0.9432462,0.00458727792487
343,0.9999972,3.1240998703522823e-06,0.943245,0.0046731696737867
344,0.9999974,2.799999999979803e-06,0.9432032,0.0046433916009744
345,0.9999974,2.799999999979803e-06,0.9431595000000002,0.0045939890563648
346,0.9999974,2.799999999979803e-06,0.9431177,0.0045944497178661
347,0.9999975,2.8017851452058834e-06,0.9431682,0.0046311589219114
348,0.9999975,2.8017851452058834e-06,0.9431633,0.0045892534697922
349,0.9999975,2.8017851452058834e-06,0.9431227000000002,0.0045922757114528
350,0.9999975,2.8017851452058834e-06,0.9431959,0.004534519675776
351,0.9999975,2.8017851452058834e-06,0.9431486,0.0045603677307866
352,0.9999976,2.8705400188649977e-06,0.9431468,0.0045860915123882
353,0.9999979,2.7000000000052702e-06,0.9431533,0.004551563820271
354,0.9999979,2.7000000000052702e-06,0.9431185,0.0045209591957902
355,0.9999979,2.7000000000052702e-06,0.9431469,0.0045286852054432
356,0.9999981,2.7000000000060927e-06,0.9430793,0.0045386249470516
357,0.9999981,2.7000000000060927e-06,0.9430786,0.0045015704415237
358,0.999998,2.9664793948225197e-06,0.9431073,0.0044805442537709
359,0.9999982,2.6381811916597472e-06,0.9431049,0.0045014814550323
360,0.9999983,2.6095976701460977e-06,0.9431032,0.0044517045903788
361,0.9999984,2.6532998322911577e-06,0.9431161,0.004460079112527
362,0.9999984,2.6532998322911577e-06,0.9431102,0.004477741814799
363,0.9999984,2.6532998322911577e-06,0.9430546,0.004508526548663
364,0.9999985,2.376972864799233e-06,0.9430738000000002,0.0045256480154779
365,0.9999986,2.416609194717656e-06,0.9430283,0.0045653739178735
366,0.9999986,2.416609194717656e-06,0.9430466,0.0045645109749019
367,0.9999986,2.416609194717656e-06,0.9429863,0.004554431052283
368,0.9999988,2.3999999999987e-06,0.9430051,0.0046114870801076
369,0.9999988,2.357965224510323e-06,0.9430217,0.0046357633039231
370,0.9999988,2.357965224510323e-06,0.9429983,0.0045927318460802
371,0.9999988,2.357965224510323e-06,0.9430449,0.0046283123371267
372,0.9999989,2.385372088375487e-06,0.9430311,0.0045990070547891
373,0.9999989,2.385372088375487e-06,0.9430496,0.0046038884478232
374,0.9999992,1.777638883449282e-06,0.9430386,0.0045595704008163
375,0.9999992,1.777638883449282e-06,0.9430731,0.004526365549754
376,0.9999994,1.2000000000030503e-06,0.9431216999999998,0.0045855307882512
377,0.9999997,6.403124237322215e-07,0.9430747,0.004578074530848
378,0.9999997,6.403124237322215e-07,0.9430405,0.0046097206477182
379,0.9999997,6.403124237322215e-07,0.9430406,0.0046318889710354
380,0.9999997,6.403124237322215e-07,0.9429454,0.0046056420442757
381,0.9999997,6.403124237322215e-07,0.9429019000000002,0.0046794874174422
382,0.9999997,6.403124237322215e-07,0.9428986,0.004677935318065
383,0.9999998,5.999999999839467e-07,0.9428933,0.0046556121412763
384,0.9999998,5.999999999839467e-07,0.9428995,0.0046781011158374
385,0.9999998,5.999999999839467e-07,0.9429115,0.0046721382310458
386,0.9999999,3.000000000086267e-07,0.9428664999999998,0.0046504183306451
387,0.9999999,3.000000000086267e-07,0.9428303,0.004660895043873
388,0.9999999,3.000000000086267e-07,0.942845,0.0047232008849931
389,0.9999999,3.000000000086267e-07,0.9428593,0.0046950075622942
390,0.9999999,3.000000000086267e-07,0.9428407,0.0047100942676341
391,0.9999999,3.000000000086267e-07,0.9428717,0.0047438167976851
392,0.9999999,3.000000000086267e-07,0.9428546999999998,0.0047196639509609
393,0.9999999,3.000000000086267e-07,0.9428584,0.004720662373015
394,0.9999999,3.000000000086267e-07,0.9428275000000002,0.0047411107612035
395,0.9999999,3.000000000086267e-07,0.9427822,0.004741394031295
396,0.9999999,3.000000000086267e-07,0.9427815,0.0047411191769454
397,0.9999999,3.000000000086267e-07,0.9427797,0.0047808208719842
398,0.9999999,3.000000000086267e-07,0.9428097999999998,0.0047516056191565
399,0.9999999,3.000000000086267e-07,0.942789,0.0047370336498699
400,0.9999999,3.000000000086267e-07,0.9428182,0.0047649382325482
401,0.9999999,3.000000000086267e-07,0.9427851,0.004781782166724
402,0.9999999,3.000000000086267e-07,0.9428384,0.0047769102608276
403,0.9999999,3.000000000086267e-07,0.9428386,0.0047706364816447
404,1.0,0.0,0.9428735,0.0047881247947395
405,1.0,0.0,0.9428432999999998,0.0047646104992958
406,1.0,0.0,0.9428413,0.0047893973535299
407,1.0,0.0,0.942832,0.0047980824503128
408,1.0,0.0,0.9427727,0.0047919729558919
409,1.0,0.0,0.9427995,0.0047592587710693
410,1.0,0.0,0.9428163,0.0047702064326399
411,1.0,0.0,0.9428482,0.0047459676526499
412,1.0,0.0,0.9428364,0.0047695485991863
413,1.0,0.0,0.9428435,0.00475986994045
414,1.0,0.0,0.9428931,0.0047811402708977
415,1.0,0.0,0.9428844,0.004796395213074
416,1.0,0.0,0.9429317,0.0047494422419901
417,1.0,0.0,0.9429085,0.0047676311990337
418,1.0,0.0,0.9428685,0.004766237871739
419,1.0,0.0,0.9428928,0.0047961786622268
420,1.0,0.0,0.9429011,0.0047915724861468
421,1.0,0.0,0.9428964,0.0047660459754391
422,1.0,0.0,0.9428822,0.0047779152106331
423,1.0,0.0,0.9428773,0.004800517473148
424,1.0,0.0,0.9428831,0.0048120180267741
425,1.0,0.0,0.9428603,0.0048256757464628
426,1.0,0.0,0.9428555,0.0048468957952487
427,1.0,0.0,0.9429029,0.0048252157765223
428,1.0,0.0,0.9429021,0.0048060081034055
429,1.0,0.0,0.9428658,0.004765776658636
430,1.0,0.0,0.942859,0.0048022801875775
431,1.0,0.0,0.9428206,0.0048535844115457
432,1.0,0.0,0.9428582,0.0048221916967288
433,1.0,0.0,0.9428448,0.0047982236463091
434,1.0,0.0,0.9428567,0.0047691687126793
435,1.0,0.0,0.9428510999999998,0.0047551331937181
436,1.0,0.0,0.9428592000000002,0.0048189584310305
437,1.0,0.0,0.9428978,0.0047723902564647
438,1.0,0.0,0.9429581,0.0047230286776601
439,1.0,0.0,0.9429676,0.0046832275451871
440,1.0,0.0,0.9430269,0.0047201011525178
441,1.0,0.0,0.9430103,0.004696718834463
442,1.0,0.0,0.9430356,0.0047200634995728
443,1.0,0.0,0.9430138999999998,0.0046969483805977
444,1.0,0.0,0.9429549,0.0046990946457801
445,1.0,0.0,0.94297,0.0046758493132264
446,1.0,0.0,0.942917,0.0046790081213864
447,1.0,0.0,0.9429009,0.00470670590647
448,1.0,0.0,0.942933,0.0046975952358627
449,1.0,0.0,0.9429586,0.0046812880748785
450,1.0,0.0,0.942979,0.0046997162893093
451,1.0,0.0,0.942955,0.0046763162638983
452,1.0,0.0,0.9429574,0.004630058988825
453,1.0,0.0,0.9429516999999998,0.0045855702164507
454,1.0,0.0,0.9429253,0.0045960332255108
455,1.0,0.0,0.9428985,0.0046146048422373
456,1.0,0.0,0.9428656,0.0046476726476807
457,1.0,0.0,0.9428636,0.004648073153469
458,1.0,0.0,0.9428543,0.0046846990735798
459,1.0,0.0,0.9428283,0.0046724212363612
460,1.0,0.0,0.9428753,0.0046984574287738
461,1.0,0.0,0.9428788,0.004671019327727
462,1.0,0.0,0.9429129,0.0046948154479169
463,1.0,0.0,0.9428940999999998,0.0047223168985149
464,1.0,0.0,0.9428948,0.0046895588662474
465,1.0,0.0,0.9429003,0.0047269058812292
466,1.0,0.0,0.9429222000000002,0.0047416091530196
467,1.0,0.0,0.9428973,0.0047434548601204
468,1.0,0.0,0.9428521,0.004755898725793
469,1.0,0.0,0.9428535,0.0047677623944571
470,1.0,0.0,0.9428356,0.0047450823849539
471,1.0,0.0,0.9428082,0.0047512142405915
472,1.0,0.0,0.9428139,0.0047445647102763
473,1.0,0.0,0.9428209,0.0047557160018234
474,1.0,0.0,0.9428057,0.0047172759522843
475,1.0,0.0,0.9427709,0.0047123931170903
476,1.0,0.0,0.9427755,0.0047125129442793
477,1.0,0.0,0.9427533,0.0046850667028335
478,1.0,0.0,0.942732,0.0046885833894685
479,1.0,0.0,0.9427479,0.0046679587498177
480,1.0,0.0,0.9427627,0.0046657907379135
481,1.0,0.0,0.9427664,0.0046366184272592
482,1.0,0.0,0.9427486,0.0046613493368337
483,1.0,0.0,0.9427674,0.0046427104841891
484,1.0,0.0,0.9427858,0.00464983558419
485,1.0,0.0,0.9428017,0.0046600328550343
486,1.0,0.0,0.9428282,0.0046633748680542
487,1.0,0.0,0.9428367,0.0046698209826501
488,1.0,0.0,0.9427892,0.0046583141757507
489,1.0,0.0,0.942797,0.0046689962947083
490,1.0,0.0,0.9428101000000002,0.004615946109954
491,1.0,0.0,0.942794,0.0046569535106118
492,1.0,0.0,0.9427726,0.0046661639962607
493,1.0,0.0,0.9427891,0.0046943430307126
494,1.0,0.0,0.9428038,0.0046854395695601
495,1.0,0.0,0.9427956,0.004638229256947
496,1.0,0.0,0.9427742,0.0046476927996587
497,1.0,0.0,0.942808,0.0046878889491966
498,1.0,0.0,0.9428049,0.0046889930144968
499,1.0,0.0,0.9427936,0.0046945709963744
500,1.0,0.0,0.9427787000000002,0.0046970469669783
501,1.0,0.0,0.9428186,0.0047046361644658
502,1.0,0.0,0.9428124,0.0047385458360134
503,1.0,0.0,0.9427898,0.004739531196226
504,1.0,0.0,0.942809,0.0047462483921514
505,1.0,0.0,0.9428347,0.0047353687089813
506,1.0,0.0,0.9428115,0.0047532825552453
507,1.0,0.0,0.9428173,0.0047552707819849
508,1.0,0.0,0.9428076,0.0047761831874416
509,1.0,0.0,0.9428180000000002,0.0047779754080572
510,1.0,0.0,0.9428143,0.0047437214726414
511,1.0,0.0,0.9428187,0.0047206679199028
512,1.0,0.0,0.9428043,0.0047287076892106
513,1.0,0.0,0.9427858,0.004732481184326
514,1.0,0.0,0.9427742,0.0047559930782119
515,1.0,0.0,0.9428065,0.0047899200671827
516,1.0,0.0,0.9427856,0.0048186897430732
517,1.0,0.0,0.9428086,0.0048407574448633
518,1.0,0.0,0.9428107,0.0048529895950846
519,1.0,0.0,0.9428251,0.00484656027405
520,1.0,0.0,0.9428258000000002,0.0048300761443273
521,1.0,0.0,0.9428216,0.0048280816521678
522,1.0,0.0,0.9428396999999998,0.0048094994552448
523,1.0,0.0,0.9428531,0.0048326637882228
524,1.0,0.0,0.942818,0.0048309854688251
525,1.0,0.0,0.9428117,0.0048457071320912
526,1.0,0.0,0.9428275000000002,0.0048105796584195
527,1.0,0.0,0.9428299,0.0048115561193859
528,1.0,0.0,0.9428137,0.0048041859674662
529,1.0,0.0,0.9428130999999998,0.0048543776006816
530,1.0,0.0,0.9428262,0.0048702782014993
531,1.0,0.0,0.9428192,0.0048722758706788
532,1.0,0.0,0.9428241,0.0048940381373667
533,1.0,0.0,0.9427977,0.0049207711397706
534,1.0,0.0,0.9427772,0.0049762075881136
535,1.0,0.0,0.9427963,0.0049904500608662
536,1.0,0.0,0.9428113,0.0049844104174917
537,1.0,0.0,0.9427947,0.0050080422332484
538,1.0,0.0,0.9428107999999998,0.0050161256722694
539,1.0,0.0,0.9428086999999998,0.0049762073318944
540,1.0,0.0,0.9427997,0.00497514661191
541,1.0,0.0,0.9428046,0.0049637959708271
542,1.0,0.0,0.9427808,0.004983898068781
543,1.0,0.0,0.9427436,0.0049838891079156
544,1.0,0.0,0.9427364,0.0049839926203797
545,1.0,0.0,0.9427234,0.0050039488246783
546,1.0,0.0,0.9427172,0.0050000469357797
547,1.0,0.0,0.9427035,0.0050053240904061
548,1.0,0.0,0.9427356,0.0049900002244489
549,1.0,0.0,0.9427149,0.0049974494984942
550,1.0,0.0,0.9426787,0.0050033047688502
551,1.0,0.0,0.9426592,0.0050154943684546
552,1.0,0.0,0.9426601,0.004999694599673
553,1.0,0.0,0.9426582,0.0050363184927087
554,1.0,0.0,0.9426552,0.0050498344883768
555,1.0,0.0,0.9426826,0.0050677983819406
556,1.0,0.0,0.942729,0.0050757770833637
557,1.0,0.0,0.9426936,0.0050805119466447
558,1.0,0.0,0.9426847,0.0051127892984162
559,1.0,0.0,0.942638,0.0051315542479837
560,1.0,0.0,0.9426371,0.0051519471746127
561,1.0,0.0,0.942607,0.005144529269039
562,1.0,0.0,0.9426052,0.0051240018891487
563,1.0,0.0,0.9426057,0.0051304692387733
564,1.0,0.0,0.942591,0.0051360127725697
565,1.0,0.0,0.9425924,0.0051359502178272
566,1.0,0.0,0.9425653,0.0051330544133098
567,1.0,0.0,0.9425784,0.0051318695657625
568,1.0,0.0,0.9425693,0.0051169703936997
569,1.0,0.0,0.9425554,0.0051318523790148
570,1.0,0.0,0.942545,0.005133162650842
571,1.0,0.0,0.9425293,0.005121999278602
572,1.0,0.0,0.9425174,0.0051296889028478
573,1.0,0.0,0.9425099,0.0051236157242712
574,1.0,0.0,0.9424946,0.0051372957711231
575,1.0,0.0,0.9424962,0.0051375961265946
576,1.0,0.0,0.9424922,0.0051261152308546
577,1.0,0.0,0.9424784,0.0051256958591005
578,1.0,0.0,0.9424669,0.00512681642835
579,1.0,0.0,0.9424228,0.0051233544050748
580,1.0,0.0,0.9424131,0.0051391531101923
581,1.0,0.0,0.9423879000000002,0.0051683530345749
582,1.0,0.0,0.9424079,0.0051344785996243
583,1.0,0.0,0.9424424,0.0051264484236164
584,1.0,0.0,0.9424437999999998,0.0051289994306882
585,1.0,0.0,0.9424368,0.0051396528832208
586,1.0,0.0,0.9424435,0.0051798671266741
587,1.0,0.0,0.9424157,0.0051880861991682
588,1.0,0.0,0.9424242,0.0051716741157965
589,1.0,0.0,0.9424081,0.0051474504456089
590,1.0,0.0,0.9424065,0.0051932521073023
591,1.0,0.0,0.9424023,0.0052009346861886
592,1.0,0.0,0.9423829,0.0052058197903884
593,1.0,0.0,0.9424156,0.0052135885568387
594,1.0,0.0,0.9424054,0.0052109294218977
595,1.0,0.0,0.9424074999999998,0.005216729765859
596,1.0,0.0,0.9424115,0.0052035805605371
597,1.0,0.0,0.9424232,0.0052190403677304
598,1.0,0.0,0.9423985,0.0052262065066355
599,1.0,0.0,0.9423813999999998,0.0052516098522262