id,country_id,season,stage,date,hometeam_id,awayteam_id,home_goal,away_goal
8727,7809,2011/2012,1,2011-08-05,9789,9790,3,1.0
8728,7809,2011/2012,1,2011-08-06,8697,8350,2,0.0
8729,7809,2011/2012,1,2011-08-06,9904,8226,2,1.0
8730,7809,2011/2012,1,2011-08-07,9905,8178,2,0.0
8731,7809,2011/2012,1,2011-08-06,10269,10189,3,0.0
8732,7809,2011/2012,1,2011-08-06,8722,8721,0,3.0
8733,7809,2011/2012,1,2011-08-06,8406,8358,2,2.0
8734,7809,2011/2012,1,2011-08-06,8177,8165,0,1.0
8735,7809,2011/2012,1,2011-08-07,9823,9788,0,1.0
8736,7809,2011/2012,10,2011-10-22,9789,8722,5,0.0
8737,7809,2011/2012,10,2011-10-23,8178,10189,0,1.0
8738,7809,2011/2012,10,2011-10-22,9790,8721,1,1.0
8739,7809,2011/2012,10,2011-10-23,9904,9823,2,1.0
8740,7809,2011/2012,10,2011-10-22,8165,10269,2,2.0
8741,7809,2011/2012,10,2011-10-22,8350,8358,1,0.0
8742,7809,2011/2012,10,2011-10-22,8226,9788,1,0.0
8743,7809,2011/2012,10,2011-10-21,8406,8697,1,1.0
8744,7809,2011/2012,10,2011-10-22,8177,9905,0,0.0
8745,7809,2011/2012,11,2011-10-29,9823,8165,4,0.0
8746,7809,2011/2012,11,2011-10-29,10189,8226,3,1.0
8747,7809,2011/2012,11,2011-10-30,9790,8350,1,1.0
8748,7809,2011/2012,11,2011-10-29,9905,8697,1,3.0
8749,7809,2011/2012,11,2011-10-28,8358,8178,0,1.0
8750,7809,2011/2012,11,2011-10-29,10269,9789,1,1.0
8751,7809,2011/2012,11,2011-10-30,8722,8406,3,0.0
8752,7809,2011/2012,11,2011-10-29,8721,8177,2,3.0
8753,7809,2011/2012,11,2011-10-29,9788,9904,2,1.0
8754,7809,2011/2012,12,2011-11-05,9789,8721,5,1.0
8755,7809,2011/2012,12,2011-11-05,8697,8722,3,2.0
8756,7809,2011/2012,12,2011-11-05,8178,9790,2,2.0
8757,7809,2011/2012,12,2011-11-06,9904,10189,2,2.0
8758,7809,2011/2012,12,2011-11-04,9905,10269,3,1.0
8759,7809,2011/2012,12,2011-11-05,8165,8358,1,2.0
8760,7809,2011/2012,12,2011-11-05,8226,8350,1,1.0
8761,7809,2011/2012,12,2011-11-06,8406,9823,1,2.0
8762,7809,2011/2012,12,2011-11-05,8177,9788,1,2.0
8763,7809,2011/2012,13,2011-11-19,9823,9789,0,1.0
8764,7809,2011/2012,13,2011-11-19,10189,8165,4,0.0
8765,7809,2011/2012,13,2011-11-20,9790,8226,2,0.0
8766,7809,2011/2012,13,2011-11-19,8358,8177,2,2.0
8767,7809,2011/2012,13,2011-11-18,8350,8178,0,2.0
8768,7809,2011/2012,13,2011-11-20,10269,8406,2,1.0
8769,7809,2011/2012,13,2011-12-13,8722,9905,1,1.0
8770,7809,2011/2012,13,2011-11-19,8721,9904,4,1.0
8771,7809,2011/2012,13,2011-11-19,9788,8697,5,0.0
8772,7809,2011/2012,14,2011-11-26,9789,10189,2,0.0
8773,7809,2011/2012,14,2011-11-27,8697,10269,2,0.0
8774,7809,2011/2012,14,2011-11-26,9904,9790,1,1.0
8775,7809,2011/2012,14,2011-11-27,9905,9823,3,2.0
8776,7809,2011/2012,14,2011-11-26,8165,8350,1,0.0
8777,7809,2011/2012,14,2011-11-26,8226,8358,1,1.0
8778,7809,2011/2012,14,2011-11-25,8722,9788,0,3.0
8779,7809,2011/2012,14,2011-11-26,8406,8721,2,0.0
8780,7809,2011/2012,14,2011-11-26,8177,8178,3,3.0
8781,7809,2011/2012,15,2011-12-02,8178,8226,2,0.0
8782,7809,2011/2012,15,2011-12-03,9823,8697,4,1.0
8783,7809,2011/2012,15,2011-12-04,10189,8406,3,1.0
8784,7809,2011/2012,15,2011-12-04,9790,8165,2,0.0
8785,7809,2011/2012,15,2011-12-03,8358,9904,1,1.0
8786,7809,2011/2012,15,2011-12-03,8350,8177,1,1.0
8787,7809,2011/2012,15,2011-12-03,10269,8722,2,2.0
8788,7809,2011/2012,15,2011-12-03,8721,9905,2,2.0
8789,7809,2011/2012,15,2011-12-03,9788,9789,1,1.0
8790,7809,2011/2012,16,2011-12-11,9789,8350,1,1.0
8791,7809,2011/2012,16,2011-12-10,8697,8721,4,1.0
8792,7809,2011/2012,16,2011-12-10,9904,8178,0,0.0
8793,7809,2011/2012,16,2011-12-10,9905,9790,0,0.0
8794,7809,2011/2012,16,2011-12-10,8165,8226,0,2.0
8795,7809,2011/2012,16,2011-12-11,10269,9823,1,2.0
8796,7809,2011/2012,16,2011-12-10,8722,8358,4,0.0
8797,7809,2011/2012,16,2011-12-10,8406,9788,1,0.0
8798,7809,2011/2012,16,2011-12-09,8177,10189,1,2.0
8799,7809,2011/2012,17,2011-12-17,8178,8165,0,3.0
8800,7809,2011/2012,17,2011-12-16,9823,8722,3,0.0
8801,7809,2011/2012,17,2011-12-17,10189,8697,5,0.0
8802,7809,2011/2012,17,2011-12-17,9790,8406,1,1.0
8803,7809,2011/2012,17,2011-12-17,8358,9789,1,4.0
8804,7809,2011/2012,17,2011-12-18,8350,9904,1,1.0
8805,7809,2011/2012,17,2011-12-17,8226,8177,1,1.0
8806,7809,2011/2012,17,2011-12-17,8721,10269,1,0.0
8807,7809,2011/2012,17,2011-12-18,9788,9905,1,0.0
8808,7809,2011/2012,18,2012-01-22,8178,9905,3,2.0
8809,7809,2011/2012,18,2012-01-21,10189,10269,3,1.0
8810,7809,2011/2012,18,2012-01-22,9790,9789,1,5.0
8811,7809,2011/2012,18,2012-01-21,8165,8177,2,0.0
8812,7809,2011/2012,18,2012-01-21,8358,8406,1,0.0
8813,7809,2011/2012,18,2012-01-21,8350,8697,0,0.0
8814,7809,2011/2012,18,2012-01-21,8226,9904,0,0.0
8815,7809,2011/2012,18,2012-01-21,8721,8722,1,0.0
8816,7809,2011/2012,18,2012-01-20,9788,9823,3,1.0
8817,7809,2011/2012,19,2012-01-28,9789,8226,3,1.0
8818,7809,2011/2012,19,2012-01-28,9823,8721,2,0.0
8819,7809,2011/2012,19,2012-01-28,8697,8178,1,1.0
8820,7809,2011/2012,19,2012-01-27,9904,8165,1,0.0
8821,7809,2011/2012,19,2012-01-29,9905,8358,3,1.0
8822,7809,2011/2012,19,2012-01-29,10269,9788,0,3.0
8823,7809,2011/2012,19,2012-01-28,8722,10189,1,4.0
8824,7809,2011/2012,19,2012-01-28,8406,8350,2,2.0
8825,7809,2011/2012,19,2012-01-28,8177,9790,1,2.0
8826,7809,2011/2012,2,2011-08-14,8178,8697,1,0.0
8827,7809,2011/2012,2,2011-08-13,10189,8722,5,1.0
8828,7809,2011/2012,2,2011-08-13,9790,8177,2,2.0
8829,7809,2011/2012,2,2011-08-13,8165,9904,1,2.0
8830,7809,2011/2012,2,2011-08-13,8358,9905,1,2.0
8831,7809,2011/2012,2,2011-08-14,8350,8406,1,1.0
8832,7809,2011/2012,2,2011-08-13,8226,9789,1,0.0
8833,7809,2011/2012,2,2011-08-13,8721,9823,0,1.0
8834,7809,2011/2012,2,2011-08-13,9788,10269,1,1.0
8835,7809,2011/2012,20,2012-02-04,8178,10269,2,2.0
8836,7809,2011/2012,20,2012-02-04,10189,9905,1,1.0
8837,7809,2011/2012,20,2012-02-04,9790,9823,1,1.0
8838,7809,2011/2012,20,2012-02-03,8165,9789,0,2.0
8839,7809,2011/2012,20,2012-02-05,8358,8697,2,2.0
8840,7809,2011/2012,20,2012-02-05,8350,8722,0,1.0
8841,7809,2011/2012,20,2012-02-04,8226,8406,2,2.0
8842,7809,2011/2012,20,2012-02-04,8721,9788,0,0.0
8843,7809,2011/2012,20,2012-02-04,8177,9904,0,1.0
8844,7809,2011/2012,21,2012-02-11,9789,8178,1,0.0
8845,7809,2011/2012,21,2012-02-11,9823,8350,2,0.0
8846,7809,2011/2012,21,2012-02-11,8697,8226,1,1.0
8847,7809,2011/2012,21,2012-02-11,9905,9904,1,1.0
8848,7809,2011/2012,21,2012-02-11,10269,8177,5,0.0
8849,7809,2011/2012,21,2012-02-12,8722,9790,0,1.0
8850,7809,2011/2012,21,2012-02-10,8721,8358,3,2.0
8851,7809,2011/2012,21,2012-02-11,9788,10189,3,0.0
8852,7809,2011/2012,21,2012-02-12,8406,8165,0,0.0
8853,7809,2011/2012,22,2012-02-18,8178,8406,4,1.0
8854,7809,2011/2012,22,2012-02-19,10189,8721,4,0.0
8855,7809,2011/2012,22,2012-02-18,9790,8697,1,3.0
8856,7809,2011/2012,22,2012-02-19,9904,10269,4,2.0
8857,7809,2011/2012,22,2012-02-18,8165,8722,2,1.0
8858,7809,2011/2012,22,2012-02-18,8358,9823,0,0.0
8859,7809,2011/2012,22,2012-02-18,8350,9788,1,2.0
8860,7809,2011/2012,22,2012-02-17,8226,9905,1,1.0
8861,7809,2011/2012,22,2012-02-18,8177,9789,0,1.0
8862,7809,2011/2012,23,2012-02-26,9789,9904,3,1.0
8863,7809,2011/2012,23,2012-02-26,9823,10189,2,0.0
8864,7809,2011/2012,23,2012-02-25,8697,8165,0,1.0
8865,7809,2011/2012,23,2012-02-25,9905,8350,4,0.0
8866,7809,2011/2012,23,2012-02-25,10269,8358,4,1.0
8867,7809,2011/2012,23,2012-02-25,8722,8178,0,2.0
8868,7809,2011/2012,23,2012-02-25,8721,8226,1,2.0
8869,7809,2011/2012,23,2012-02-24,9788,9790,1,1.0
8870,7809,2011/2012,23,2012-02-25,8406,8177,3,0.0
8871,7809,2011/2012,24,2012-03-03,9789,9905,2,1.0
8872,7809,2011/2012,24,2012-03-03,8178,9823,2,0.0
8873,7809,2011/2012,24,2012-03-03,9790,10269,0,4.0
8874,7809,2011/2012,24,2012-03-03,9904,8406,2,2.0
8875,7809,2011/2012,24,2012-03-04,8165,9788,1,0.0
8876,7809,2011/2012,24,2012-03-03,8358,10189,2,1.0
8877,7809,2011/2012,24,2012-03-03,8350,8721,0,0.0
8878,7809,2011/2012,24,2012-03-04,8226,8722,1,1.0
8879,7809,2011/2012,24,2012-03-03,8177,8697,1,0.0
8880,7809,2011/2012,25,2012-03-10,9823,8226,7,1.0
8881,7809,2011/2012,25,2012-03-11,10189,9790,3,1.0
8882,7809,2011/2012,25,2012-03-11,8697,9904,3,0.0
8883,7809,2011/2012,25,2012-03-10,9905,8165,2,1.0
8884,7809,2011/2012,25,2012-03-09,10269,8350,0,0.0
8885,7809,2011/2012,25,2012-03-10,8722,8177,1,0.0
8886,7809,2011/2012,25,2012-03-10,8721,8178,3,2.0
8887,7809,2011/2012,25,2012-03-10,9788,8358,0,0.0
8888,7809,2011/2012,25,2012-03-10,8406,9789,0,0.0
8889,7809,2011/2012,26,2012-03-17,9789,8697,1,0.0
8890,7809,2011/2012,26,2012-03-17,8178,9788,1,2.0
8891,7809,2011/2012,26,2012-03-17,9790,8358,1,3.0
8892,7809,2011/2012,26,2012-03-18,9904,8722,4,1.0
8893,7809,2011/2012,26,2012-03-17,8165,8721,1,3.0
8894,7809,2011/2012,26,2012-03-18,8350,10189,1,4.0
8895,7809,2011/2012,26,2012-03-16,8226,10269,1,2.0
8896,7809,2011/2012,26,2012-03-17,8406,9905,2,1.0
8897,7809,2011/2012,26,2012-03-17,8177,9823,0,6.0
8898,7809,2011/2012,27,2012-03-24,9823,9904,2,1.0
8899,7809,2011/2012,27,2012-03-24,10189,8178,2,0.0
8900,7809,2011/2012,27,2012-03-24,8697,8406,1,1.0
8901,7809,2011/2012,27,2012-03-24,9905,8177,1,3.0
8902,7809,2011/2012,27,2012-03-24,8358,8350,2,0.0
8903,7809,2011/2012,27,2012-03-25,10269,8165,1,0.0
8904,7809,2011/2012,27,2012-03-25,8722,9789,1,6.0
8905,7809,2011/2012,27,2012-03-23,8721,9790,2,1.0
8906,7809,2011/2012,27,2012-03-24,9788,8226,1,2.0
8907,7809,2011/2012,28,2012-03-30,9789,10269,4,4.0
8908,7809,2011/2012,28,2012-03-31,8178,8358,0,2.0
8909,7809,2011/2012,28,2012-03-31,8697,9905,0,3.0
8910,7809,2011/2012,28,2012-04-01,9904,9788,2,1.0
8911,7809,2011/2012,28,2012-03-31,8165,9823,0,1.0
8912,7809,2011/2012,28,2012-04-01,8226,10189,1,1.0
8913,7809,2011/2012,28,2012-03-31,8406,8722,2,1.0
8914,7809,2011/2012,28,2012-03-31,8177,8721,1,4.0
8915,7809,2011/2012,28,2012-03-31,8350,9790,0,1.0
8916,7809,2011/2012,29,2012-04-07,9823,8406,2,1.0
8917,7809,2011/2012,29,2012-04-08,10189,9904,3,0.0
8918,7809,2011/2012,29,2012-04-08,9790,8178,1,1.0
8919,7809,2011/2012,29,2012-04-07,8358,8165,2,2.0
8920,7809,2011/2012,29,2012-04-07,8350,8226,1,2.0
8921,7809,2011/2012,29,2012-04-07,10269,9905,4,1.0
8922,7809,2011/2012,29,2012-04-07,8722,8697,1,1.0
8923,7809,2011/2012,29,2012-04-07,8721,9789,1,3.0
8924,7809,2011/2012,29,2012-04-07,9788,8177,0,0.0
8925,7809,2011/2012,3,2011-08-20,9789,8165,2,0.0
8926,7809,2011/2012,3,2011-08-20,9823,9790,5,0.0
9027,7809,2011/2012,9,2011-10-15,9905,8406,0,1.0
9028,7809,2011/2012,9,2011-10-16,8358,9790,1,2.0
9029,7809,2011/2012,9,2011-10-15,10269,8226,2,0.0
9030,7809,2011/2012,9,2011-10-16,8722,9904,2,0.0
9031,7809,2011/2012,9,2011-10-15,8721,8165,2,1.0
9032,7809,2011/2012,9,2011-10-15,9788,8178,2,2.0
9033,7809,2012/2013,1,2012-08-24,9789,8697,2,1.0
9034,7809,2012/2013,1,2012-08-26,9904,10189,2,2.0
9035,7809,2012/2013,1,2012-08-25,10269,8721,0,1.0
9036,7809,2012/2013,1,2012-08-25,8358,9905,1,1.0
9037,7809,2012/2013,1,2012-08-25,8406,8194,0,2.0
9038,7809,2012/2013,1,2012-08-25,9790,8165,0,1.0
9039,7809,2012/2013,1,2012-08-25,9810,8178,2,1.0
9040,7809,2012/2013,1,2012-08-25,8357,9823,0,3.0
9041,7809,2012/2013,1,2012-08-25,9788,8226,2,1.0
9042,7809,2012/2013,10,2012-11-03,9789,10269,0,0.0
9043,7809,2012/2013,10,2012-11-03,9788,8358,1,1.0
9044,7809,2012/2013,10,2012-11-04,8178,8194,3,2.0
9045,7809,2012/2013,10,2012-11-03,9904,8406,2,0.0
9046,7809,2012/2013,10,2012-11-04,8697,9905,2,1.0
9047,7809,2012/2013,10,2012-11-03,8165,8721,1,0.0
9048,7809,2012/2013,10,2012-11-03,8226,10189,3,2.0
9049,7809,2012/2013,10,2012-11-03,9790,9823,0,3.0
9050,7809,2012/2013,10,2012-11-02,9810,8357,1,1.0
9051,7809,2012/2013,11,2012-11-10,9823,9810,2,0.0
9052,7809,2012/2013,11,2012-11-10,10189,8697,2,1.0
9053,7809,2012/2013,11,2012-11-11,10269,9904,2,4.0
9054,7809,2012/2013,11,2012-11-11,8721,8178,3,1.0
9055,7809,2012/2013,11,2012-11-10,8358,9790,0,0.0
9056,7809,2012/2013,11,2012-11-09,9905,8165,2,1.0
9057,7809,2012/2013,11,2012-11-10,8406,9789,1,3.0
9058,7809,2012/2013,11,2012-11-11,8357,9788,2,4.0
9059,7809,2012/2013,11,2012-11-10,8194,8226,1,1.0
9060,7809,2012/2013,12,2012-11-17,9789,8357,3,1.0
9061,7809,2012/2013,12,2012-11-17,9788,10269,1,2.0
9062,7809,2012/2013,12,2012-11-17,8178,10189,2,0.0
9063,7809,2012/2013,12,2012-11-17,9904,8358,1,2.0
9064,7809,2012/2013,12,2012-11-18,8697,8194,2,1.0
9065,7809,2012/2013,12,2012-11-17,8165,9823,1,1.0
9066,7809,2012/2013,12,2012-11-18,8226,8721,1,3.0
9067,7809,2012/2013,12,2012-11-17,9790,9905,1,0.0
9068,7809,2012/2013,12,2012-11-17,9810,8406,4,2.0
9069,7809,2012/2013,13,2012-11-24,9823,9904,5,0.0
9070,7809,2012/2013,13,2012-11-24,10189,9810,1,1.0
9071,7809,2012/2013,13,2012-11-24,8721,8697,1,1.0
9072,7809,2012/2013,13,2012-11-25,8226,8178,1,2.0
9073,7809,2012/2013,13,2012-11-25,8358,10269,3,0.0
9074,7809,2012/2013,13,2012-11-24,9905,9789,1,2.0
9075,7809,2012/2013,13,2012-11-25,8406,9788,1,1.0
9076,7809,2012/2013,13,2012-11-24,8357,8165,0,0.0
9077,7809,2012/2013,13,2012-11-23,8194,9790,2,0.0
9078,7809,2012/2013,14,2012-11-27,9789,8194,1,1.0
9079,7809,2012/2013,14,2012-11-28,9788,8721,2,0.0
9080,7809,2012/2013,14,2012-11-28,10269,8406,2,1.0
9081,7809,2012/2013,14,2012-11-27,9904,8357,2,0.0
9082,7809,2012/2013,14,2012-11-28,8697,8178,1,4.0
9083,7809,2012/2013,14,2012-11-28,8165,8226,4,2.0
9084,7809,2012/2013,14,2012-11-28,8358,9823,0,2.0
9085,7809,2012/2013,14,2012-11-27,9790,10189,3,1.0
9086,7809,2012/2013,14,2012-11-27,9810,9905,1,3.0
9087,7809,2012/2013,15,2012-12-01,9823,9789,1,1.0
9088,7809,2012/2013,15,2012-12-01,10189,9788,1,1.0
9089,7809,2012/2013,15,2012-12-01,8178,8165,1,0.0
9090,7809,2012/2013,15,2012-12-02,8721,9790,1,1.0
9091,7809,2012/2013,15,2012-12-02,8226,8697,1,4.0
9092,7809,2012/2013,15,2012-12-01,9905,9904,2,1.0
9093,7809,2012/2013,15,2012-12-01,8406,8358,1,1.0
9094,7809,2012/2013,15,2012-12-01,8357,10269,0,1.0
9095,7809,2012/2013,15,2012-11-30,8194,9810,4,0.0
9096,7809,2012/2013,16,2012-12-08,9789,8721,2,3.0
9097,7809,2012/2013,16,2012-12-09,9788,9905,2,0.0
9098,7809,2012/2013,16,2012-12-08,10269,10189,3,1.0
9099,7809,2012/2013,16,2012-12-09,9904,8178,3,2.0
9100,7809,2012/2013,16,2012-12-08,8165,8194,2,0.0
9101,7809,2012/2013,16,2012-12-08,8358,8357,1,0.0
9102,7809,2012/2013,16,2012-12-08,8406,9823,0,2.0
9103,7809,2012/2013,16,2012-12-07,9790,8226,2,0.0
9104,7809,2012/2013,16,2012-12-08,9810,8697,4,1.0
9105,7809,2012/2013,17,2012-12-14,9823,9788,1,1.0
9106,7809,2012/2013,17,2012-12-15,10189,8358,1,3.0
9107,7809,2012/2013,17,2012-12-15,8178,9790,3,0.0
9108,7809,2012/2013,17,2012-12-15,8721,9810,0,2.0
9109,7809,2012/2013,17,2012-12-16,8697,8165,1,1.0
9110,7809,2012/2013,17,2012-12-16,8226,9789,1,3.0
9111,7809,2012/2013,17,2012-12-15,9905,10269,3,1.0
9112,7809,2012/2013,17,2012-12-15,8357,8406,1,1.0
9113,7809,2012/2013,17,2012-12-15,8194,9904,2,1.0
9114,7809,2012/2013,18,2013-01-19,8697,9789,0,5.0
9115,7809,2012/2013,18,2013-01-18,10189,9904,5,4.0
9116,7809,2012/2013,18,2013-01-19,8226,9788,0,0.0
9117,7809,2012/2013,18,2013-01-19,8721,10269,2,0.0
9118,7809,2012/2013,18,2013-01-19,9905,8358,0,0.0
9119,7809,2012/2013,18,2013-01-20,8194,8406,2,3.0
9120,7809,2012/2013,18,2013-01-20,8165,9790,1,1.0
9121,7809,2012/2013,18,2013-01-19,8178,9810,3,1.0
9122,7809,2012/2013,18,2013-01-19,9823,8357,2,0.0
9123,7809,2012/2013,19,2013-01-27,10269,9823,0,2.0
9124,7809,2012/2013,19,2013-01-26,8406,10189,0,0.0
9125,7809,2012/2013,19,2013-01-26,8358,8178,0,0.0
9126,7809,2012/2013,19,2013-01-26,9904,8721,2,1.0
9227,7809,2012/2013,29,2013-04-13,9823,8165,4,0.0
9228,7809,2012/2013,29,2013-04-13,8721,8226,2,2.0
9229,7809,2012/2013,29,2013-04-13,9905,9790,1,2.0
9230,7809,2012/2013,29,2013-04-14,8406,9810,2,0.0
9231,7809,2012/2013,3,2012-09-15,9789,8178,3,0.0
9232,7809,2012/2013,3,2012-09-15,9823,9905,3,1.0
9233,7809,2012/2013,3,2012-09-15,9788,8165,2,3.0
9234,7809,2012/2013,3,2012-09-15,10269,8194,0,0.0
9235,7809,2012/2013,3,2012-09-15,9904,8697,3,2.0
9236,7809,2012/2013,3,2012-09-16,8358,8226,5,3.0
9237,7809,2012/2013,3,2012-09-14,8406,8721,0,0.0
9238,7809,2012/2013,3,2012-09-15,8357,10189,0,2.0
9239,7809,2012/2013,3,2012-09-16,9810,9790,3,2.0
9240,7809,2012/2013,30,2013-04-20,9904,9823,1,6.0
9241,7809,2012/2013,30,2013-04-20,9810,10189,1,0.0
9242,7809,2012/2013,30,2013-04-20,8697,8721,0,3.0
9243,7809,2012/2013,30,2013-04-20,8178,8226,5,0.0
9244,7809,2012/2013,30,2013-04-21,10269,8358,2,1.0
9245,7809,2012/2013,30,2013-04-20,9789,9905,2,0.0
9246,7809,2012/2013,30,2013-04-19,9788,8406,1,0.0
9247,7809,2012/2013,30,2013-04-21,8165,8357,0,1.0
9248,7809,2012/2013,30,2013-04-20,9790,8194,2,1.0
9249,7809,2012/2013,31,2013-04-27,8194,9789,1,2.0
9250,7809,2012/2013,31,2013-04-27,8721,9788,3,1.0
9251,7809,2012/2013,31,2013-04-27,8406,10269,3,0.0
9252,7809,2012/2013,31,2013-04-26,8357,9904,2,3.0
9253,7809,2012/2013,31,2013-04-27,8178,8697,1,0.0
9254,7809,2012/2013,31,2013-04-27,8226,8165,2,1.0
9255,7809,2012/2013,31,2013-04-27,9823,8358,1,0.0
9256,7809,2012/2013,31,2013-04-28,10189,9790,4,1.0
9257,7809,2012/2013,31,2013-04-28,9905,9810,0,0.0
9258,7809,2012/2013,32,2013-05-04,9789,9823,1,1.0
9259,7809,2012/2013,32,2013-05-03,9788,10189,0,1.0
9260,7809,2012/2013,32,2013-05-04,8165,8178,0,2.0
9261,7809,2012/2013,32,2013-05-05,9790,8721,1,1.0
9262,7809,2012/2013,32,2013-05-04,8697,8226,2,2.0
9263,7809,2012/2013,32,2013-05-04,9904,9905,2,2.0
9264,7809,2012/2013,32,2013-05-05,8358,8406,2,0.0
9265,7809,2012/2013,32,2013-05-04,10269,8357,0,2.0
9266,7809,2012/2013,32,2013-05-04,9810,8194,3,1.0
9267,7809,2012/2013,33,2013-05-11,8721,9789,3,3.0
9268,7809,2012/2013,33,2013-05-11,9905,9788,2,4.0
9269,7809,2012/2013,33,2013-05-11,10189,10269,1,2.0
9270,7809,2012/2013,33,2013-05-11,8178,9904,3,1.0
9271,7809,2012/2013,33,2013-05-11,8194,8165,1,2.0
9272,7809,2012/2013,33,2013-05-11,8357,8358,1,2.0
9273,7809,2012/2013,33,2013-05-11,9823,8406,3,0.0
9274,7809,2012/2013,33,2013-05-11,8226,9790,1,4.0
9275,7809,2012/2013,33,2013-05-11,8697,9810,1,1.0
9276,7809,2012/2013,34,2013-05-18,9788,9823,3,4.0
9277,7809,2012/2013,34,2013-05-18,8358,10189,1,2.0
9278,7809,2012/2013,34,2013-05-18,9790,8178,0,1.0
9279,7809,2012/2013,34,2013-05-18,9810,8721,2,2.0
9280,7809,2012/2013,34,2013-05-18,8165,8697,3,2.0
9281,7809,2012/2013,34,2013-05-18,9789,8226,1,2.0
9282,7809,2012/2013,34,2013-05-18,10269,9905,2,2.0
9283,7809,2012/2013,34,2013-05-18,8406,8357,3,1.0
9284,7809,2012/2013,34,2013-05-18,9904,8194,3,0.0
9285,7809,2012/2013,4,2012-09-22,10189,9823,0,2.0
9286,7809,2012/2013,4,2012-09-23,8178,9788,1,1.0
9287,7809,2012/2013,4,2012-09-22,8721,8357,1,1.0
9288,7809,2012/2013,4,2012-09-23,8697,10269,2,2.0
9289,7809,2012/2013,4,2012-09-21,8165,9810,1,2.0
9290,7809,2012/2013,4,2012-09-23,8226,9904,3,1.0
9291,7809,2012/2013,4,2012-09-22,9905,8406,2,0.0
9292,7809,2012/2013,4,2012-09-22,9790,9789,3,2.0
9293,7809,2012/2013,4,2012-09-22,8194,8358,0,0.0
9294,7809,2012/2013,5,2012-09-25,9823,8721,3,0.0
9295,7809,2012/2013,5,2012-09-25,10189,9905,3,0.0
9296,7809,2012/2013,5,2012-09-26,9788,9790,2,2.0
9297,7809,2012/2013,5,2012-09-26,10269,8226,0,3.0
9298,7809,2012/2013,5,2012-09-26,9904,8165,4,1.0
9299,7809,2012/2013,5,2012-09-26,8358,8697,1,2.0
9300,7809,2012/2013,5,2012-09-26,8406,8178,1,3.0
9301,7809,2012/2013,5,2012-09-25,8357,8194,0,2.0
9302,7809,2012/2013,5,2012-09-25,9810,9789,3,3.0
9303,7809,2012/2013,6,2012-09-29,9789,9788,5,0.0
9304,7809,2012/2013,6,2012-09-29,8178,8357,2,0.0
9305,7809,2012/2013,6,2012-09-30,8721,9905,0,2.0
9306,7809,2012/2013,6,2012-09-29,8697,9823,0,2.0
9307,7809,2012/2013,6,2012-09-29,8165,10269,0,2.0
9308,7809,2012/2013,6,2012-09-29,8226,8406,0,0.0
9309,7809,2012/2013,6,2012-09-29,9790,9904,1,0.0
9310,7809,2012/2013,6,2012-09-30,9810,8358,2,1.0
9311,7809,2012/2013,6,2012-09-28,8194,10189,2,2.0
9312,7809,2012/2013,7,2012-10-06,9823,8226,2,0.0
9313,7809,2012/2013,7,2012-10-06,10189,8721,3,0.0
9314,7809,2012/2013,7,2012-10-07,9788,9810,2,0.0
9315,7809,2012/2013,7,2012-10-07,10269,8178,2,2.0
9316,7809,2012/2013,7,2012-10-07,9904,9789,1,1.0
9317,7809,2012/2013,7,2012-10-06,8358,8165,3,0.0
9318,7809,2012/2013,7,2012-10-06,9905,8194,1,0.0
9319,7809,2012/2013,7,2012-10-05,8406,8697,3,1.0
9320,7809,2012/2013,7,2012-10-06,8357,9790,0,1.0
9321,7809,2012/2013,8,2012-10-20,9789,10189,1,2.0
9322,7809,2012/2013,8,2012-10-20,8178,9905,2,2.0
9323,7809,2012/2013,8,2012-10-20,8721,8358,0,2.0
9324,7809,2012/2013,8,2012-10-20,8697,9788,4,0.0
9325,7809,2012/2013,8,2012-10-21,8165,8406,0,0.0
9326,7809,2012/2013,8,2012-10-19,8226,8357,3,3.0
9327,7809,2012/2013,8,2012-10-21,9790,10269,0,1.0
9328,7809,2012/2013,8,2012-10-20,9810,9904,3,1.0
9329,7809,2012/2013,8,2012-10-20,8194,9823,0,5.0
9330,7809,2012/2013,9,2012-10-28,9823,8178,1,2.0
9331,7809,2012/2013,9,2012-10-27,10189,8165,1,0.0
9332,7809,2012/2013,9,2012-10-28,10269,9810,2,1.0
9333,7809,2012/2013,9,2012-10-28,9904,9788,2,3.0
9334,7809,2012/2013,9,2012-10-27,8358,9789,0,2.0
9335,7809,2012/2013,9,2012-10-27,9905,8226,3,0.0
9336,7809,2012/2013,9,2012-10-26,8406,9790,0,2.0
9337,7809,2012/2013,9,2012-10-27,8357,8697,1,1.0
9338,7809,2012/2013,9,2012-10-27,8194,8721,1,4.0
9339,7809,2013/2014,1,2013-08-09,9823,9788,3,1.0
9340,7809,2013/2014,1,2013-08-11,9905,10269,3,2.0
9341,7809,2013/2014,1,2013-08-10,8226,8165,2,2.0
9342,7809,2013/2014,1,2013-08-11,10189,9790,3,3.0
9343,7809,2013/2014,1,2013-08-10,8178,8358,3,1.0
9344,7809,2013/2014,1,2013-08-10,9904,8721,2,0.0
9345,7809,2013/2014,1,2013-08-10,8406,9789,0,4.0
9346,7809,2013/2014,1,2013-08-10,9776,8697,0,1.0
9347,7809,2013/2014,1,2013-08-10,8177,9810,6,1.0
9348,7809,2013/2014,10,2013-10-26,9823,8177,3,2.0
9349,7809,2013/2014,10,2013-10-26,10189,9789,1,3.0
9350,7809,2013/2014,10,2013-10-27,9788,9810,4,1.0
9351,7809,2013/2014,10,2013-10-26,8178,8406,2,1.0
9352,7809,2013/2014,10,2013-10-25,10269,8165,1,1.0
9353,7809,2013/2014,10,2013-10-26,9904,8226,1,4.0
9354,7809,2013/2014,10,2013-10-26,8721,8697,3,0.0
9355,7809,2013/2014,10,2013-10-27,8358,9790,0,3.0
9356,7809,2013/2014,10,2013-10-26,9905,9776,2,0.0
9357,7809,2013/2014,11,2013-11-01,9789,10269,6,1.0
9358,7809,2013/2014,11,2013-11-03,8697,9904,3,2.0
9359,7809,2013/2014,11,2013-11-02,8165,8358,0,3.0
9360,7809,2013/2014,11,2013-11-02,8226,9823,1,2.0
9361,7809,2013/2014,11,2013-11-03,8406,9905,2,1.0
9362,7809,2013/2014,11,2013-11-02,9790,9788,0,2.0
9363,7809,2013/2014,11,2013-11-02,9776,8178,1,0.0
9364,7809,2013/2014,11,2013-11-02,9810,8721,1,2.0
9365,7809,2013/2014,11,2013-11-02,8177,10189,0,2.0
9366,7809,2013/2014,12,2013-11-09,9823,8406,3,0.0
9367,7809,2013/2014,12,2013-11-09,10189,8697,3,1.0
9368,7809,2013/2014,12,2013-11-09,9788,8165,3,1.0
9369,7809,2013/2014,12,2013-11-09,8178,9790,5,3.0
9370,7809,2013/2014,12,2013-11-08,9904,9776,0,0.0
9371,7809,2013/2014,12,2013-11-09,8721,9789,2,1.0
9372,7809,2013/2014,12,2013-11-09,8226,8177,2,3.0
9373,7809,2013/2014,12,2013-11-10,8358,10269,1,3.0
9374,7809,2013/2014,12,2013-11-10,9905,9810,1,0.0
9375,7809,2013/2014,13,2013-11-23,9789,9823,0,3.0
9376,7809,2013/2014,13,2013-11-22,10269,9788,0,2.0
9377,7809,2013/2014,13,2013-11-24,8697,9905,2,3.0
9378,7809,2013/2014,13,2013-11-23,8165,8721,1,1.0
9379,7809,2013/2014,13,2013-11-23,8406,8226,2,0.0
9380,7809,2013/2014,13,2013-11-24,9790,9904,3,1.0
9381,7809,2013/2014,13,2013-11-23,9776,8358,0,1.0
9382,7809,2013/2014,13,2013-11-23,9810,10189,3,3.0
9383,7809,2013/2014,13,2013-11-23,8177,8178,0,1.0
9384,7809,2013/2014,14,2013-11-30,9823,9776,2,0.0
9385,7809,2013/2014,14,2013-11-30,10189,10269,3,0.0
9386,7809,2013/2014,14,2013-12-01,9788,8358,1,0.0
9387,7809,2013/2014,14,2013-11-30,8178,8165,3,0.0
9388,7809,2013/2014,14,2013-12-01,9904,9810,2,0.0
9389,7809,2013/2014,14,2013-11-29,8721,9790,1,1.0
9390,7809,2013/2014,14,2013-11-30,8226,8697,4,4.0
9391,7809,2013/2014,14,2013-11-30,9905,9789,1,3.0
9392,7809,2013/2014,14,2013-11-30,8177,8406,0,0.0
9393,7809,2013/2014,15,2013-12-07,9789,8178,0,1.0
9394,7809,2013/2014,15,2013-12-07,9788,10189,2,1.0
9395,7809,2013/2014,15,2013-12-07,10269,9904,4,2.0
9396,7809,2013/2014,15,2013-12-07,8697,9823,0,7.0
9397,7809,2013/2014,15,2013-12-06,8165,9905,1,1.0
9398,7809,2013/2014,15,2013-12-08,8358,8721,0,3.0
9399,7809,2013/2014,15,2013-12-07,9790,8406,0,1.0
9400,7809,2013/2014,15,2013-12-08,9776,8177,0,2.0
9401,7809,2013/2014,15,2013-12-07,9810,8226,1,2.0
9402,7809,2013/2014,16,2013-12-14,9823,9790,3,1.0
9403,7809,2013/2014,16,2013-12-15,10189,8358,2,0.0
9404,7809,2013/2014,16,2013-12-15,8178,9810,0,1.0
9405,7809,2013/2014,16,2013-12-14,9904,8165,3,3.0
9406,7809,2013/2014,16,2013-12-14,8721,10269,3,1.0
9407,7809,2013/2014,16,2013-12-14,8226,9789,2,2.0
9408,7809,2013/2014,16,2013-12-14,9905,9788,0,0.0
9409,7809,2013/2014,16,2013-12-14,8406,9776,4,1.0
9410,7809,2013/2014,16,2013-12-13,8177,8697,3,2.0
9411,7809,2013/2014,17,2013-12-21,9789,8177,1,2.0
9412,7809,2013/2014,17,2013-12-22,9788,8721,2,2.0
9413,7809,2013/2014,17,2013-12-21,8697,8178,1,0.0
9414,7809,2013/2014,17,2013-12-21,8165,10189,0,0.0
9415,7809,2013/2014,17,2013-12-21,8358,9904,2,1.0
9416,7809,2013/2014,17,2013-12-21,9790,9905,2,3.0
9417,7809,2013/2014,17,2013-12-21,9776,8226,1,0.0
9418,7809,2013/2014,17,2013-12-20,9810,8406,1,1.0
9419,7809,2013/2014,17,2014-01-29,10269,9823,1,2.0
9420,7809,2013/2014,18,2014-01-25,9789,8406,2,2.0
9421,7809,2013/2014,18,2014-01-24,9788,9823,0,2.0
9422,7809,2013/2014,18,2014-01-25,10269,9905,1,2.0
9423,7809,2013/2014,18,2014-01-25,8721,9904,1,3.0
9424,7809,2013/2014,18,2014-01-26,8697,9776,0,0.0
9425,7809,2013/2014,18,2014-01-25,8165,8226,4,0.0
9426,7809,2013/2014,18,2014-01-25,8358,8178,3,2.0
9427,7809,2013/2014,18,2014-01-26,9790,10189,0,3.0
9428,7809,2013/2014,18,2014-01-25,9810,8177,1,0.0
9429,7809,2013/2014,19,2014-02-02,9823,9810,5,0.0
9430,7809,2013/2014,19,2014-02-01,10189,8721,2,1.0
9431,7809,2013/2014,19,2014-02-01,8178,10269,2,1.0
9432,7809,2013/2014,19,2014-02-01,9904,9788,3,1.0
9433,7809,2013/2014,19,2014-02-01,8226,9790,3,0.0
9434,7809,2013/2014,19,2014-02-01,9905,8358,2,0.0
9435,7809,2013/2014,19,2014-02-01,8406,8697,3,1.0
9436,7809,2013/2014,19,2014-01-31,9776,9789,1,2.0
9437,7809,2013/2014,19,2014-02-02,8177,8165,1,3.0
9438,7809,2013/2014,2,2013-08-18,9789,9776,2,1.0
9439,7809,2013/2014,2,2013-08-17,9788,9904,3,0.0
9440,7809,2013/2014,2,2013-08-17,10269,8178,0,1.0
9441,7809,2013/2014,2,2013-08-17,8721,10189,4,0.0
9442,7809,2013/2014,2,2013-08-17,8697,8406,1,0.0
9443,7809,2013/2014,2,2013-08-18,8165,8177,2,2.0
9444,7809,2013/2014,2,2013-08-17,8358,9905,1,2.0
9445,7809,2013/2014,2,2013-08-17,9790,8226,1,5.0
9446,7809,2013/2014,2,2013-08-17,9810,9823,0,1.0
9447,7809,2013/2014,20,2014-02-09,10189,9904,2,0.0
9448,7809,2013/2014,20,2014-02-07,9788,8178,0,1.0
9449,7809,2013/2014,20,2014-02-09,10269,8406,1,4.0
9450,7809,2013/2014,20,2014-02-08,8721,9905,3,0.0
9451,7809,2013/2014,20,2014-02-08,8697,9789,1,5.0
9452,7809,2013/2014,20,2014-02-08,8165,9823,0,2.0
9453,7809,2013/2014,20,2014-02-08,8358,8226,1,1.0
9454,7809,2013/2014,20,2014-02-08,9790,8177,0,3.0
9455,7809,2013/2014,20,2014-02-08,9810,9776,3,0.0
9456,7809,2013/2014,21,2014-02-15,9789,9810,4,0.0
9457,7809,2013/2014,21,2014-02-15,9823,8358,4,0.0
9458,7809,2013/2014,21,2014-02-15,8178,10189,1,2.0
9459,7809,2013/2014,21,2014-02-15,8697,9788,1,1.0
9460,7809,2013/2014,21,2014-02-15,8226,10269,4,1.0
9461,7809,2013/2014,21,2014-02-14,9905,9904,2,0.0
9462,7809,2013/2014,21,2014-02-16,8406,8165,0,1.0
9463,7809,2013/2014,21,2014-02-15,9776,9790,4,2.0
9464,7809,2013/2014,21,2014-02-16,8177,8721,1,2.0
9465,7809,2013/2014,22,2014-02-21,10189,9905,0,0.0
9466,7809,2013/2014,22,2014-02-22,9788,8226,2,2.0
9467,7809,2013/2014,22,2014-02-22,10269,8177,1,2.0
9468,7809,2013/2014,22,2014-02-23,9904,9823,0,4.0
9469,7809,2013/2014,22,2014-02-22,8721,8178,3,1.0
9470,7809,2013/2014,22,2014-02-22,8165,9776,2,1.0
9471,7809,2013/2014,22,2014-02-22,8358,8406,2,4.0
9472,7809,2013/2014,22,2014-02-22,9790,9789,3,0.0
9473,7809,2013/2014,22,2014-02-23,9810,8697,0,0.0
9474,7809,2013/2014,23,2014-03-01,9789,8165,3,0.0
9475,7809,2013/2014,23,2014-03-01,9823,10189,5,1.0
9476,7809,2013/2014,23,2014-03-01,8178,9905,0,1.0
9477,7809,2013/2014,23,2014-03-01,8697,9790,1,0.0
9478,7809,2013/2014,23,2014-03-02,8226,8721,6,2.0
9479,7809,2013/2014,23,2014-03-01,8406,9904,1,1.0
9480,7809,2013/2014,23,2014-03-01,9776,9788,1,1.0
9481,7809,2013/2014,23,2014-03-02,9810,10269,2,1.0
9482,7809,2013/2014,23,2014-02-28,8177,8358,0,0.0
9483,7809,2013/2014,24,2014-03-08,10189,8226,4,0.0
9484,7809,2013/2014,24,2014-03-08,9788,8406,1,2.0
9485,7809,2013/2014,24,2014-03-08,10269,9776,2,2.0
9486,7809,2013/2014,24,2014-03-08,9904,8178,1,1.0
9487,7809,2013/2014,24,2014-03-08,8721,9823,1,6.0
9488,7809,2013/2014,24,2014-03-08,8165,8697,0,2.0
9489,7809,2013/2014,24,2014-03-09,8358,9789,0,1.0
9490,7809,2013/2014,24,2014-03-09,9905,8177,1,1.0
9491,7809,2013/2014,24,2014-03-08,9790,9810,1,1.0
9492,7809,2013/2014,25,2014-03-15,9789,9788,1,2.0
9493,7809,2013/2014,25,2014-03-15,9823,8178,2,1.0
9494,7809,2013/2014,25,2014-03-15,8697,10269,1,1.0
9495,7809,2013/2014,25,2014-03-15,8226,9905,2,4.0
9496,7809,2013/2014,25,2014-03-14,8406,10189,1,2.0
9497,7809,2013/2014,25,2014-03-16,9790,8165,2,1.0
9498,7809,2013/2014,25,2014-03-15,9776,8721,1,1.0
9499,7809,2013/2014,25,2014-03-16,9810,8358,1,4.0
9500,7809,2013/2014,25,2014-03-15,8177,9904,0,3.0
9501,7809,2013/2014,26,2014-03-22,10189,9776,3,1.0
9502,7809,2013/2014,26,2014-03-22,9788,8177,3,0.0
9503,7809,2013/2014,26,2014-03-23,8178,8226,2,3.0
9504,7809,2013/2014,26,2014-03-22,10269,9790,1,0.0
9505,7809,2013/2014,26,2014-03-22,9904,9789,0,3.0
9506,7809,2013/2014,26,2014-03-22,8721,8406,1,1.0
9507,7809,2013/2014,26,2014-03-23,8165,9810,2,5.0
9508,7809,2013/2014,26,2014-03-21,8358,8697,3,1.0
9509,7809,2013/2014,26,2014-03-22,9905,9823,0,2.0
9510,7809,2013/2014,27,2014-03-25,9789,10189,0,0.0
9511,7809,2013/2014,27,2014-03-25,8697,8721,1,3.0
9512,7809,2013/2014,27,2014-03-26,8165,10269,2,0.0
9513,7809,2013/2014,27,2014-03-26,8226,9904,3,1.0
9514,7809,2013/2014,27,2014-03-26,8406,8178,1,3.0
9515,7809,2013/2014,27,2014-03-26,9790,8358,1,1.0
9516,7809,2013/2014,27,2014-03-25,9776,9905,3,1.0
9517,7809,2013/2014,27,2014-03-26,9810,9788,1,0.0
9518,7809,2013/2014,27,2014-03-25,8177,9823,1,3.0
9519,7809,2013/2014,28,2014-03-29,9823,8226,3,3.0
9520,7809,2013/2014,28,2014-03-28,10189,8177,2,0.0
9521,7809,2013/2014,28,2014-03-30,9788,9790,3,1.0
9522,7809,2013/2014,28,2014-03-29,8178,9776,1,1.0
9523,7809,2013/2014,28,2014-03-29,10269,9789,2,3.0
9524,7809,2013/2014,28,2014-03-30,9904,8697,1,2.0
9525,7809,2013/2014,28,2014-03-29,8721,9810,2,1.0
9526,7809,2013/2014,28,2014-03-29,8358,8165,3,2.0
9627,7809,2013/2014,8,2013-10-05,10189,8406,4,1.0
9628,7809,2013/2014,8,2013-10-05,9788,9789,2,0.0
9629,7809,2013/2014,8,2013-10-05,8178,9823,1,1.0
9630,7809,2013/2014,8,2013-10-05,10269,8697,1,1.0
9631,7809,2013/2014,8,2013-10-04,9904,8177,1,1.0
9632,7809,2013/2014,8,2013-10-05,8721,9776,0,2.0
9633,7809,2013/2014,8,2013-10-06,8165,9790,0,5.0
9634,7809,2013/2014,8,2013-10-06,8358,9810,1,1.0
9635,7809,2013/2014,8,2013-10-05,9905,8226,2,2.0
9636,7809,2013/2014,9,2013-10-19,9789,9904,1,0.0
9637,7809,2013/2014,9,2013-10-19,9823,9905,4,1.0
9638,7809,2013/2014,9,2013-10-19,8697,8358,0,0.0
9639,7809,2013/2014,9,2013-10-18,8226,8178,1,2.0
9640,7809,2013/2014,9,2013-10-20,8406,8721,1,2.0
9641,7809,2013/2014,9,2013-10-20,9790,10269,3,3.0
9642,7809,2013/2014,9,2013-10-19,9776,10189,2,3.0
9643,7809,2013/2014,9,2013-10-19,9810,8165,1,1.0
9644,7809,2013/2014,9,2013-10-19,8177,9788,1,0.0
9645,7809,2014/2015,1,2014-08-22,9823,8721,2,1.0
9646,7809,2014/2015,1,2014-08-23,9789,8178,0,2.0
9647,7809,2014/2015,1,2014-08-24,9788,10269,1,1.0
9648,7809,2014/2015,1,2014-08-23,8226,8406,2,0.0
9649,7809,2014/2015,1,2014-08-23,9904,10189,2,1.0
9650,7809,2014/2015,1,2014-08-23,8177,8697,2,2.0
9651,7809,2014/2015,1,2014-08-23,9810,8358,1,0.0
9652,7809,2014/2015,1,2014-08-23,8722,9790,0,0.0
9653,7809,2014/2015,1,2014-08-24,8460,9905,2,2.0
9654,7809,2014/2015,10,2014-11-01,9823,9789,2,1.0
9655,7809,2014/2015,10,2014-10-31,10189,8406,1,0.0
9656,7809,2014/2015,10,2014-11-02,9788,8226,3,1.0
9657,7809,2014/2015,10,2014-11-01,9905,8697,1,2.0
9658,7809,2014/2015,10,2014-11-01,9904,9810,1,0.0
9659,7809,2014/2015,10,2014-11-01,10269,8721,0,4.0
9660,7809,2014/2015,10,2014-11-01,9790,8178,1,0.0
9661,7809,2014/2015,10,2014-11-02,8722,8358,0,1.0
9662,7809,2014/2015,10,2014-11-02,8460,8177,3,1.0
9663,7809,2014/2015,11,2014-11-09,9789,9788,1,0.0
9664,7809,2014/2015,11,2014-11-08,8178,9905,0,0.0
9665,7809,2014/2015,11,2014-11-09,8721,9790,2,0.0
9666,7809,2014/2015,11,2014-11-08,8406,8460,3,0.0
9667,7809,2014/2015,11,2014-11-08,8226,8722,3,4.0
9668,7809,2014/2015,11,2014-11-07,8177,9904,0,2.0
9669,7809,2014/2015,11,2014-11-08,8697,10269,2,0.0
9670,7809,2014/2015,11,2014-11-08,9810,9823,0,4.0
9671,7809,2014/2015,11,2014-11-08,8358,10189,2,0.0
9672,7809,2014/2015,12,2014-11-22,9823,8226,4,0.0
9673,7809,2014/2015,12,2014-11-22,10189,8721,3,2.0
9674,7809,2014/2015,12,2014-11-22,9788,9810,1,3.0
9675,7809,2014/2015,12,2014-11-22,9905,8358,2,2.0
9676,7809,2014/2015,12,2014-11-22,9904,8178,1,3.0
9677,7809,2014/2015,12,2014-11-23,10269,8406,0,1.0
9678,7809,2014/2015,12,2014-11-23,9790,8697,2,0.0
9679,7809,2014/2015,12,2014-11-22,8722,8177,1,2.0
9680,7809,2014/2015,12,2014-11-22,8460,9789,2,2.0
9681,7809,2014/2015,13,2014-11-29,10189,9905,4,1.0
9682,7809,2014/2015,13,2014-11-29,8178,8722,5,1.0
9683,7809,2014/2015,13,2014-11-30,8721,9788,1,0.0
9684,7809,2014/2015,13,2014-11-29,8406,9790,3,1.0
9685,7809,2014/2015,13,2014-11-29,8226,9904,4,3.0
9686,7809,2014/2015,13,2014-11-29,8177,9823,0,1.0
9687,7809,2014/2015,13,2014-11-29,8697,8460,4,0.0
9688,7809,2014/2015,13,2014-11-30,9810,9789,2,0.0
9689,7809,2014/2015,13,2014-11-28,8358,10269,1,4.0
9690,7809,2014/2015,14,2014-12-06,9823,8178,1,0.0
9691,7809,2014/2015,14,2014-12-05,9789,8226,1,0.0
9692,7809,2014/2015,14,2014-12-06,9788,8177,3,2.0
9693,7809,2014/2015,14,2014-12-06,9904,8721,1,3.0
9694,7809,2014/2015,14,2014-12-07,9810,8697,5,2.0
9695,7809,2014/2015,14,2014-12-06,10269,10189,0,4.0
9696,7809,2014/2015,14,2014-12-07,9790,9905,2,1.0
9697,7809,2014/2015,14,2014-12-06,8722,8406,1,2.0
9698,7809,2014/2015,14,2014-12-06,8460,8358,1,1.0
9699,7809,2014/2015,15,2014-12-13,10189,8722,1,2.0
9700,7809,2014/2015,15,2014-12-14,8178,9788,1,1.0
9701,7809,2014/2015,15,2014-12-14,8721,8460,1,1.0
9702,7809,2014/2015,15,2014-12-13,9905,10269,1,1.0
9703,7809,2014/2015,15,2014-12-13,8406,9823,0,4.0
9704,7809,2014/2015,15,2014-12-12,8226,9810,3,2.0
9705,7809,2014/2015,15,2014-12-13,8177,9789,1,0.0
9706,7809,2014/2015,15,2014-12-13,8697,9904,3,3.0
9707,7809,2014/2015,15,2014-12-13,8358,9790,0,0.0
9708,7809,2014/2015,16,2014-12-16,9823,8358,2,0.0
9709,7809,2014/2015,16,2014-12-17,9789,8721,2,2.0
9710,7809,2014/2015,16,2014-12-17,9788,8697,4,1.0
9711,7809,2014/2015,16,2014-12-17,8226,8178,0,1.0
9712,7809,2014/2015,16,2014-12-16,9904,8406,2,0.0
9713,7809,2014/2015,16,2014-12-17,9810,8177,4,4.0
9714,7809,2014/2015,16,2014-12-16,9790,10269,0,1.0
9715,7809,2014/2015,16,2014-12-16,8722,9905,0,0.0
9716,7809,2014/2015,16,2014-12-17,8460,10189,1,2.0
9717,7809,2014/2015,17,2014-12-20,10189,9790,0,0.0
9718,7809,2014/2015,17,2014-12-20,8178,9810,1,1.0
9719,7809,2014/2015,17,2014-12-20,8721,8722,2,1.0
9720,7809,2014/2015,17,2014-12-19,9905,9823,1,2.0
9721,7809,2014/2015,17,2014-12-20,8406,9788,2,1.0
9722,7809,2014/2015,17,2014-12-21,8177,8226,0,5.0
9723,7809,2014/2015,17,2014-12-20,8697,9789,2,1.0
9724,7809,2014/2015,17,2014-12-21,8358,9904,2,2.0
9725,7809,2014/2015,17,2014-12-20,10269,8460,0,0.0
9726,7809,2014/2015,18,2015-01-31,10189,9904,1,0.0
9727,7809,2014/2015,18,2015-01-31,8178,9789,0,0.0
9728,7809,2014/2015,18,2015-01-30,8721,9823,4,1.0
9729,7809,2014/2015,18,2015-01-31,9905,8460,5,0.0
9730,7809,2014/2015,18,2015-02-01,8406,8226,3,1.0
9731,7809,2014/2015,18,2015-02-01,8697,8177,2,0.0
9732,7809,2014/2015,18,2015-01-31,8358,9810,4,1.0
9733,7809,2014/2015,18,2015-01-31,10269,9788,0,1.0
9734,7809,2014/2015,18,2015-01-31,9790,8722,0,2.0
9735,7809,2014/2015,19,2015-02-03,9823,10189,1,1.0
9736,7809,2014/2015,19,2015-02-04,9789,8406,0,1.0
9737,7809,2014/2015,19,2015-02-03,9788,8358,1,0.0
9738,7809,2014/2015,19,2015-02-04,8226,8697,1,2.0
9739,7809,2014/2015,19,2015-02-03,9904,9905,1,1.0
9740,7809,2014/2015,19,2015-02-04,8177,8178,0,1.0
9741,7809,2014/2015,19,2015-02-03,9810,8721,1,1.0
9742,7809,2014/2015,19,2015-02-04,8722,10269,0,0.0
9743,7809,2014/2015,19,2015-02-04,8460,9790,0,3.0
9744,7809,2014/2015,2,2014-08-30,10189,9823,1,1.0
9745,7809,2014/2015,2,2014-08-30,8178,8177,4,2.0
9746,7809,2014/2015,2,2014-08-30,8721,9810,2,2.0
9747,7809,2014/2015,2,2014-08-31,9905,9904,0,0.0
9748,7809,2014/2015,2,2014-08-29,8406,9789,2,3.0
9749,7809,2014/2015,2,2014-08-30,8697,8226,1,1.0
9750,7809,2014/2015,2,2014-08-31,8358,9788,0,0.0
9751,7809,2014/2015,2,2014-08-30,10269,8722,0,2.0
9752,7809,2014/2015,2,2014-08-30,9790,8460,0,3.0
9753,7809,2014/2015,20,2015-02-06,10189,9788,1,0.0
9754,7809,2014/2015,20,2015-02-07,8721,8226,3,0.0
9755,7809,2014/2015,20,2015-02-07,9905,8177,0,2.0
9756,7809,2014/2015,20,2015-02-08,8406,9810,2,2.0
9757,7809,2014/2015,20,2015-02-08,8697,8178,2,1.0
9758,7809,2014/2015,20,2015-02-07,8358,9789,0,3.0
9759,7809,2014/2015,20,2015-02-07,10269,9823,0,2.0
9760,7809,2014/2015,20,2015-02-07,9790,9904,2,1.0
9761,7809,2014/2015,20,2015-02-07,8722,8460,0,0.0
9762,7809,2014/2015,21,2015-02-14,9823,9790,8,0.0
9763,7809,2014/2015,21,2015-02-13,9789,9905,4,2.0
9764,7809,2014/2015,21,2015-02-14,8178,8721,4,5.0
9765,7809,2014/2015,21,2015-02-14,9788,8722,1,0.0
9766,7809,2014/2015,21,2015-02-14,8226,10269,2,1.0
9767,7809,2014/2015,21,2015-02-15,9904,8460,1,2.0
9768,7809,2014/2015,21,2015-02-15,8177,8358,0,2.0
9769,7809,2014/2015,21,2015-02-14,8697,8406,3,2.0
9770,7809,2014/2015,21,2015-02-14,9810,10189,1,0.0
9771,7809,2014/2015,22,2015-02-21,10189,8697,1,1.0
9772,7809,2014/2015,22,2015-02-22,8721,8177,2,1.0
9773,7809,2014/2015,22,2015-02-21,9905,9810,3,1.0
9774,7809,2014/2015,22,2015-02-21,8406,8178,2,2.0
9775,7809,2014/2015,22,2015-02-21,8358,8226,1,1.0
9776,7809,2014/2015,22,2015-02-20,10269,9789,2,3.0
9777,7809,2014/2015,22,2015-02-22,9790,9788,1,1.0
9778,7809,2014/2015,22,2015-02-21,8722,9904,1,1.0
9779,7809,2014/2015,22,2015-02-21,8460,9823,0,6.0
9780,7809,2014/2015,23,2015-02-27,9823,8722,4,1.0
9781,7809,2014/2015,23,2015-02-28,9789,10189,3,0.0
9782,7809,2014/2015,23,2015-02-28,8178,8358,1,0.0
9783,7809,2014/2015,23,2015-03-01,9788,8460,2,0.0
9784,7809,2014/2015,23,2015-02-28,8226,9905,2,0.0
9785,7809,2014/2015,23,2015-02-28,9904,10269,1,1.0
9786,7809,2014/2015,23,2015-02-28,8177,8406,1,0.0
9787,7809,2014/2015,23,2015-03-01,8697,8721,3,5.0
9788,7809,2014/2015,23,2015-02-28,9810,9790,2,1.0
9789,7809,2014/2015,24,2015-03-07,10189,8226,3,1.0
9790,7809,2014/2015,24,2015-03-07,9905,9788,2,2.0
9791,7809,2014/2015,24,2015-03-07,8406,8721,1,0.0
9792,7809,2014/2015,24,2015-03-07,9904,9823,1,3.0
9793,7809,2014/2015,24,2015-03-07,8358,8697,0,1.0
9794,7809,2014/2015,24,2015-03-06,10269,8177,0,0.0
9795,7809,2014/2015,24,2015-03-07,9790,9789,0,0.0
9796,7809,2014/2015,24,2015-03-08,8722,9810,4,2.0
9797,7809,2014/2015,24,2015-03-08,8460,8178,0,3.0
9798,7809,2014/2015,25,2015-03-14,9789,8722,0,0.0
9799,7809,2014/2015,25,2015-03-13,8178,10269,4,0.0
9800,7809,2014/2015,25,2015-03-15,8721,8358,3,0.0
9801,7809,2014/2015,25,2015-03-15,9788,9904,2,0.0
9802,7809,2014/2015,25,2015-03-14,8406,9905,0,2.0
9803,7809,2014/2015,25,2015-03-14,8226,9790,3,0.0
9804,7809,2014/2015,25,2015-03-14,8177,10189,2,2.0
9805,7809,2014/2015,25,2015-03-14,8697,9823,0,4.0
9806,7809,2014/2015,25,2015-03-14,9810,8460,4,0.0
9807,7809,2014/2015,26,2015-03-22,9823,9788,0,2.0
9808,7809,2014/2015,26,2015-03-21,10189,8178,0,1.0
9809,7809,2014/2015,26,2015-03-22,9905,8721,1,1.0
9810,7809,2014/2015,26,2015-03-21,9904,9789,2,3.0
9811,7809,2014/2015,26,2015-03-21,8358,8406,2,0.0
9812,7809,2014/2015,26,2015-03-21,10269,9810,3,1.0
9813,7809,2014/2015,26,2015-03-20,9790,8177,0,1.0
9814,7809,2014/2015,26,2015-03-21,8722,8697,1,1.0
9815,7809,2014/2015,26,2015-03-21,8460,8226,0,0.0
9816,7809,2014/2015,27,2015-04-04,9789,9823,0,1.0
9817,7809,2014/2015,27,2015-04-04,8178,9790,4,0.0
9818,7809,2014/2015,27,2015-04-04,8721,10269,3,1.0
9819,7809,2014/2015,27,2015-04-05,8406,10189,0,0.0
9820,7809,2014/2015,27,2015-04-04,8226,9788,1,4.0
9821,7809,2014/2015,27,2015-04-05,8177,8460,2,0.0
9822,7809,2014/2015,27,2015-04-04,8697,9905,0,0.0
9823,7809,2014/2015,27,2015-04-04,9810,9904,2,2.0
9824,7809,2014/2015,27,2015-04-04,8358,8722,1,0.0
9825,7809,2014/2015,28,2015-04-11,9823,9810,3,0.0
9826,7809,2014/2015,28,2015-04-11,10189,8358,0,0.0
9927,7809,2014/2015,7,2014-10-05,8721,8406,1,0.0
9928,7809,2014/2015,7,2014-10-05,9788,9905,1,1.0
9929,7809,2014/2015,7,2014-10-04,8226,10189,2,1.0
9930,7809,2014/2015,7,2014-10-03,8177,10269,3,2.0
9931,7809,2014/2015,7,2014-10-04,8697,8358,1,1.0
9932,7809,2014/2015,7,2014-10-04,9810,8722,3,2.0
9933,7809,2014/2015,8,2014-10-18,9823,8697,6,0.0
9934,7809,2014/2015,8,2014-10-18,10189,8177,2,0.0
9935,7809,2014/2015,8,2014-10-18,9905,8406,2,1.0
9936,7809,2014/2015,8,2014-10-18,9904,9788,0,3.0
9937,7809,2014/2015,8,2014-10-18,8358,8721,1,2.0
9938,7809,2014/2015,8,2014-10-18,10269,8178,3,3.0
9939,7809,2014/2015,8,2014-10-19,9790,8226,1,1.0
9940,7809,2014/2015,8,2014-10-18,8722,9789,2,1.0
9941,7809,2014/2015,8,2014-10-19,8460,9810,3,1.0
9942,7809,2014/2015,9,2014-10-25,9789,9904,0,1.0
9943,7809,2014/2015,9,2014-10-25,8178,10189,1,0.0
9944,7809,2014/2015,9,2014-10-26,8721,9905,3,0.0
9945,7809,2014/2015,9,2014-10-26,9788,9823,0,0.0
9946,7809,2014/2015,9,2014-10-25,8406,8358,2,0.0
9947,7809,2014/2015,9,2014-10-25,8226,8460,1,0.0
9948,7809,2014/2015,9,2014-10-25,8177,9790,3,0.0
9949,7809,2014/2015,9,2014-10-24,8697,8722,0,1.0
9950,7809,2014/2015,9,2014-10-25,9810,10269,4,5.0
11397,10257,2011/2012,1,2011-12-21,8524,9880,4,1.0
11398,10257,2011/2012,1,2011-12-21,9857,8686,0,2.0
11399,10257,2011/2012,1,2011-12-20,8529,8564,0,2.0
11400,10257,2011/2012,1,2011-12-21,8636,9888,4,1.0
11401,10257,2011/2012,1,2011-12-21,8543,8533,0,0.0
11402,10257,2011/2012,1,2011-12-21,9875,10233,6,1.0
11403,10257,2011/2012,1,2011-12-21,6269,8540,2,2.0
11404,10257,2011/2012,1,2011-12-21,10167,8530,3,3.0
11405,10257,2011/2012,1,2011-12-20,8551,8535,0,0.0
11406,10257,2011/2012,1,2011-12-21,8600,9885,0,0.0
11407,10257,2011/2012,10,2011-10-30,9857,8524,3,1.0
11408,10257,2011/2012,10,2011-10-30,8529,8543,0,3.0
11409,10257,2011/2012,10,2011-10-29,8530,9875,2,1.0
11410,10257,2011/2012,10,2011-10-30,8535,10233,1,0.0
11411,10257,2011/2012,10,2011-10-29,8636,9885,1,2.0
11412,10257,2011/2012,10,2011-10-30,9888,6269,1,1.0
11413,10257,2011/2012,10,2011-10-30,10167,9880,2,0.0
11414,10257,2011/2012,10,2011-10-29,8686,8564,2,3.0
11415,10257,2011/2012,10,2011-10-30,8551,8533,4,1.0
11416,10257,2011/2012,10,2011-10-30,8600,8540,1,0.0
11417,10257,2011/2012,11,2011-11-06,8524,8529,1,0.0
11418,10257,2011/2012,11,2011-11-06,9880,9888,0,1.0
11419,10257,2011/2012,11,2011-11-06,8533,8535,1,0.0
11420,10257,2011/2012,11,2011-12-13,10233,8636,0,1.0
11421,10257,2011/2012,11,2011-11-06,8543,10167,1,0.0
11422,10257,2011/2012,11,2011-11-06,8564,8530,4,0.0
11423,10257,2011/2012,11,2011-11-29,9875,9885,3,3.0
11424,10257,2011/2012,11,2011-11-05,6269,8686,0,2.0
11425,10257,2011/2012,11,2011-11-05,8540,9857,3,1.0
11426,10257,2011/2012,11,2011-11-06,8600,8551,2,1.0
11427,10257,2011/2012,12,2011-11-20,9857,9880,0,1.0
11428,10257,2011/2012,12,2011-11-19,8535,8564,0,0.0
11429,10257,2011/2012,12,2011-11-20,8530,8533,1,2.0
11430,10257,2011/2012,12,2011-11-20,10233,6269,1,0.0
11431,10257,2011/2012,12,2011-11-19,8636,8529,2,1.0
11432,10257,2011/2012,12,2011-11-20,9885,8540,3,0.0
11433,10257,2011/2012,12,2011-11-19,9875,8543,0,0.0
11434,10257,2011/2012,12,2011-11-20,10167,8600,2,0.0
11435,10257,2011/2012,12,2011-11-20,8686,9888,2,1.0
11436,10257,2011/2012,12,2011-11-20,8551,8524,2,2.0
11437,10257,2011/2012,13,2011-11-26,8524,9875,1,1.0
11438,10257,2011/2012,13,2011-11-27,8529,9857,1,1.0
11439,10257,2011/2012,13,2011-11-27,9880,10233,2,0.0
11440,10257,2011/2012,13,2011-11-26,8543,9885,0,1.0
11441,10257,2011/2012,13,2011-11-26,9888,8530,0,1.0
11442,10257,2011/2012,13,2011-11-27,8564,8533,4,0.0
11443,10257,2011/2012,13,2011-11-26,6269,10167,2,1.0
11444,10257,2011/2012,13,2011-11-27,8540,8535,2,0.0
11445,10257,2011/2012,13,2011-11-27,8551,8636,0,1.0
11446,10257,2011/2012,13,2011-11-25,8600,8686,2,0.0
11447,10257,2011/2012,14,2011-12-04,9857,8551,1,0.0
11448,10257,2011/2012,14,2011-12-04,8530,8529,0,1.0
11449,10257,2011/2012,14,2011-12-04,8533,8524,0,0.0
11450,10257,2011/2012,14,2011-12-04,8535,8686,3,0.0
11451,10257,2011/2012,14,2011-12-02,10233,8564,0,2.0
11452,10257,2011/2012,14,2011-12-04,9885,9880,2,0.0
11453,10257,2011/2012,14,2011-12-05,8543,6269,3,0.0
11454,10257,2011/2012,14,2011-12-03,9875,9888,4,2.0
11455,10257,2011/2012,14,2011-12-04,10167,8540,0,0.0
11456,10257,2011/2012,14,2011-12-03,8636,8600,0,1.0
11457,10257,2011/2012,15,2011-12-11,8524,8530,1,1.0
11458,10257,2011/2012,15,2011-12-11,9857,8564,2,2.0
11459,10257,2011/2012,15,2011-12-11,8529,10167,0,0.0
11460,10257,2011/2012,15,2011-12-10,8636,8535,2,0.0
11461,10257,2011/2012,15,2011-12-10,9888,8543,2,3.0
11462,10257,2011/2012,15,2011-12-11,6269,9875,1,1.0
11463,10257,2011/2012,15,2011-12-10,8540,9880,0,1.0
11464,10257,2011/2012,15,2011-12-12,8686,9885,1,1.0
11465,10257,2011/2012,15,2011-12-10,8551,10233,0,2.0
11466,10257,2011/2012,15,2011-12-11,8600,8533,2,1.0
11467,10257,2011/2012,16,2011-12-18,8530,8540,2,0.0
11468,10257,2011/2012,16,2011-12-18,9880,8636,0,1.0
11469,10257,2011/2012,16,2011-12-17,8533,8529,2,0.0
11470,10257,2011/2012,16,2011-12-17,8535,8524,2,2.0
11471,10257,2011/2012,16,2011-12-18,10233,9857,2,1.0
11472,10257,2011/2012,16,2011-12-18,9885,6269,2,0.0
11473,10257,2011/2012,16,2011-12-18,8543,8600,2,2.0
11474,10257,2011/2012,16,2011-12-17,8564,8551,2,0.0
11475,10257,2011/2012,16,2011-12-18,9875,8686,1,3.0
11476,10257,2011/2012,16,2011-12-18,10167,9888,3,3.0
11477,10257,2011/2012,17,2012-01-08,8524,8564,0,2.0
11478,10257,2011/2012,17,2012-01-08,9857,8530,2,0.0
11479,10257,2011/2012,17,2012-01-08,8529,10233,3,0.0
11480,10257,2011/2012,17,2012-01-07,8636,10167,5,0.0
11481,10257,2011/2012,17,2012-01-08,9888,9885,0,1.0
11482,10257,2011/2012,17,2012-01-08,6269,8535,0,3.0
11483,10257,2011/2012,17,2012-01-08,8540,9875,1,3.0
11484,10257,2011/2012,17,2012-01-08,8686,8533,2,0.0
11485,10257,2011/2012,17,2012-01-07,8551,8543,4,0.0
11486,10257,2011/2012,17,2012-01-08,8600,9880,4,1.0
11487,10257,2011/2012,18,2012-02-08,8530,8686,1,1.0
11488,10257,2011/2012,18,2012-01-15,9880,6269,3,1.0
11489,10257,2011/2012,18,2012-01-15,8533,8540,1,0.0
11490,10257,2011/2012,18,2012-01-15,8535,9888,0,1.0
11491,10257,2011/2012,18,2012-01-15,10233,8600,3,2.0
11492,10257,2011/2012,18,2012-01-15,9885,8529,1,1.0
11493,10257,2011/2012,18,2012-01-15,8543,8524,2,0.0
11494,10257,2011/2012,18,2012-01-15,8564,8636,0,1.0
11495,10257,2011/2012,18,2012-01-16,9875,9857,1,1.0
11496,10257,2011/2012,18,2012-01-15,10167,8551,3,1.0
11697,10257,2011/2012,4,2011-09-21,8535,10167,3,0.0
11698,10257,2011/2012,4,2011-09-21,10233,8530,3,0.0
11699,10257,2011/2012,4,2011-09-21,9885,9857,1,1.0
11700,10257,2011/2012,4,2011-09-21,9888,8524,1,2.0
11701,10257,2011/2012,4,2011-09-21,8564,8600,1,1.0
11702,10257,2011/2012,4,2011-09-20,6269,8636,3,1.0
11703,10257,2011/2012,4,2011-09-21,8540,8529,3,2.0
11704,10257,2011/2012,4,2011-09-22,8686,8551,1,1.0
11705,10257,2011/2012,5,2011-09-25,8524,6269,2,1.0
11706,10257,2011/2012,5,2011-09-24,9857,8636,1,3.0
11707,10257,2011/2012,5,2011-09-25,8529,8600,0,0.0
11708,10257,2011/2012,5,2011-09-25,8530,9885,1,1.0
11709,10257,2011/2012,5,2011-09-25,8533,10233,2,1.0
11710,10257,2011/2012,5,2011-09-25,8543,8540,0,0.0
11711,10257,2011/2012,5,2011-09-24,8564,9880,1,0.0
11712,10257,2011/2012,5,2011-09-24,9875,8535,0,0.0
11713,10257,2011/2012,5,2011-09-25,10167,8686,0,1.0
11714,10257,2011/2012,5,2011-09-25,8551,9888,3,0.0
11715,10257,2011/2012,6,2011-10-02,9880,8533,0,0.0
11716,10257,2011/2012,6,2011-10-02,8535,8543,1,2.0
11717,10257,2011/2012,6,2011-10-01,8636,9875,0,3.0
11718,10257,2011/2012,6,2011-10-02,9885,8564,2,0.0
11719,10257,2011/2012,6,2011-10-02,9888,8529,0,2.0
11720,10257,2011/2012,6,2011-10-02,6269,8530,3,3.0
11721,10257,2011/2012,6,2011-10-02,8540,8551,2,0.0
11722,10257,2011/2012,6,2011-10-02,10167,10233,3,1.0
11723,10257,2011/2012,6,2011-10-01,8686,8524,3,1.0
11724,10257,2011/2012,6,2011-10-02,8600,9857,2,0.0
11725,10257,2011/2012,7,2011-10-16,8524,8600,0,0.0
11726,10257,2011/2012,7,2011-10-16,8529,8551,0,0.0
11727,10257,2011/2012,7,2011-10-15,8530,8636,2,1.0
11728,10257,2011/2012,7,2011-10-16,9880,8535,0,0.0
11729,10257,2011/2012,7,2011-10-16,8533,9885,0,0.0
11730,10257,2011/2012,7,2011-10-16,10233,9888,0,0.0
11731,10257,2011/2012,7,2011-10-16,8543,8686,2,1.0
11732,10257,2011/2012,7,2011-10-15,8564,8540,3,0.0
11733,10257,2011/2012,7,2011-10-15,9875,10167,1,2.0
11734,10257,2011/2012,7,2011-10-16,6269,9857,0,2.0
11735,10257,2011/2012,8,2011-10-23,9857,8543,0,2.0
11736,10257,2011/2012,8,2011-10-23,8529,9875,0,0.0
11737,10257,2011/2012,8,2011-10-22,8535,8530,2,2.0
11738,10257,2011/2012,8,2011-10-23,8636,8533,1,0.0
11739,10257,2011/2012,8,2011-10-22,9885,10233,2,2.0
11740,10257,2011/2012,8,2011-10-23,9888,8564,3,4.0
11741,10257,2011/2012,8,2011-10-23,10167,8524,1,2.0
11742,10257,2011/2012,8,2011-10-23,8686,8540,1,0.0
11743,10257,2011/2012,8,2011-10-23,8551,9880,2,0.0
11744,10257,2011/2012,8,2011-10-23,8600,6269,3,0.0
11745,10257,2011/2012,9,2011-10-26,8524,8636,1,1.0
11746,10257,2011/2012,9,2011-10-26,9880,8529,1,1.0
11747,10257,2011/2012,9,2011-10-26,8533,9857,0,1.0
11748,10257,2011/2012,9,2011-10-26,10233,8686,2,1.0
11749,10257,2011/2012,9,2011-10-25,9885,8535,2,1.0
11750,10257,2011/2012,9,2011-10-26,8543,8530,1,1.0
11751,10257,2011/2012,9,2011-10-26,8564,10167,4,1.0
11752,10257,2011/2012,9,2011-10-26,9875,8600,2,0.0
11753,10257,2011/2012,9,2011-10-26,6269,8551,1,1.0
11754,10257,2011/2012,9,2011-10-27,8540,9888,2,0.0
11755,10257,2012/2013,1,2012-08-26,8524,8543,0,1.0
11756,10257,2012/2013,1,2012-08-26,8533,9857,2,0.0
11757,10257,2012/2013,1,2012-08-25,8535,8600,2,1.0
11758,10257,2012/2013,1,2012-08-26,10233,8529,2,0.0
11759,10257,2012/2013,1,2012-08-25,9885,10167,2,0.0
11760,10257,2012/2013,1,2012-08-26,8564,9882,0,1.0
11761,10257,2012/2013,1,2012-08-26,8540,9875,0,3.0
11762,10257,2012/2013,1,2012-08-26,9878,8636,0,3.0
11763,10257,2012/2013,1,2012-08-26,8686,8530,2,2.0
11764,10257,2012/2013,1,2012-08-26,8551,9804,0,0.0
11765,10257,2012/2013,10,2012-10-31,8524,9875,1,0.0
11766,10257,2012/2013,10,2012-10-31,8529,8551,4,2.0
11767,10257,2012/2013,10,2012-10-31,8533,9878,2,0.0
11768,10257,2012/2013,10,2012-11-01,10233,8535,0,1.0
11769,10257,2012/2013,10,2012-10-31,8636,9882,3,2.0
11770,10257,2012/2013,10,2012-10-31,9885,9857,2,1.0
11771,10257,2012/2013,10,2012-10-31,8543,9804,1,1.0
11772,10257,2012/2013,10,2012-10-30,8540,8564,2,2.0
11773,10257,2012/2013,10,2012-10-31,10167,8686,3,2.0
11774,10257,2012/2013,10,2012-10-31,8600,8530,2,2.0
11775,10257,2012/2013,11,2012-11-04,9857,8600,1,1.0
11776,10257,2012/2013,11,2012-11-04,8530,8543,4,0.0
11777,10257,2012/2013,11,2012-11-04,8535,8529,4,1.0
11778,10257,2012/2013,11,2012-11-03,9885,8636,1,3.0
11779,10257,2012/2013,11,2012-11-03,8564,8533,5,1.0
11780,10257,2012/2013,11,2012-11-04,9875,9804,1,1.0
11781,10257,2012/2013,11,2012-11-04,9878,10167,2,0.0
11782,10257,2012/2013,11,2012-11-04,8686,8540,4,1.0
11783,10257,2012/2013,11,2012-11-04,9882,8524,1,2.0
11784,10257,2012/2013,11,2012-11-04,8551,10233,1,0.0
11785,10257,2012/2013,12,2012-11-11,8524,8636,3,2.0
11786,10257,2012/2013,12,2012-11-10,8529,8530,0,0.0
11787,10257,2012/2013,12,2012-11-11,8533,8600,2,2.0
11788,10257,2012/2013,12,2012-11-11,10233,9875,2,4.0
11789,10257,2012/2013,12,2012-11-11,8543,8686,3,2.0
11790,10257,2012/2013,12,2012-11-11,8564,8535,1,3.0
11791,10257,2012/2013,12,2012-11-11,8540,9882,2,0.0
11792,10257,2012/2013,12,2012-11-11,10167,8551,0,0.0
11793,10257,2012/2013,12,2012-11-10,9878,9885,1,6.0
11794,10257,2012/2013,12,2012-11-11,9804,9857,1,0.0
11795,10257,2012/2013,13,2012-11-18,9857,8540,3,0.0
11796,10257,2012/2013,13,2012-11-18,8530,8533,2,
11797,10257,2012/2013,13,2012-11-18,8535,8524,4,1.0
11798,10257,2012/2013,13,2012-11-18,8636,8529,2,2.0
11799,10257,2012/2013,13,2012-11-17,9885,8543,0,0.0
11800,10257,2012/2013,13,2012-11-17,9875,8564,2,2.0
11801,10257,2012/2013,13,2012-11-19,8686,9804,2,0.0
11802,10257,2012/2013,13,2012-11-18,9882,10233,3,1.0
11803,10257,2012/2013,13,2012-11-18,8551,9878,1,0.0
11804,10257,2012/2013,13,2012-11-18,8600,10167,2,2.0
11805,10257,2012/2013,14,2012-11-25,8524,10233,0,1.0
11806,10257,2012/2013,14,2012-11-26,8529,9875,0,1.0
11807,10257,2012/2013,14,2012-11-25,8533,8551,0,0.0
11808,10257,2012/2013,14,2012-11-27,8543,8600,3,0.0
11809,10257,2012/2013,14,2012-11-25,8564,9885,1,0.0
11810,10257,2012/2013,14,2012-11-24,8540,8530,3,1.0
11811,10257,2012/2013,14,2012-11-26,10167,8636,1,0.0
11812,10257,2012/2013,14,2012-11-25,9878,8686,0,1.0
11813,10257,2012/2013,14,2012-11-25,9882,9857,1,0.0
11814,10257,2012/2013,14,2012-11-25,9804,8535,2,2.0
11815,10257,2012/2013,15,2012-12-02,9857,8524,2,1.0
11816,10257,2012/2013,15,2012-11-30,8530,8564,1,3.0
11817,10257,2012/2013,15,2012-12-02,8535,9882,2,2.0
11818,10257,2012/2013,15,2012-12-02,10233,8533,2,4.0
11819,10257,2012/2013,15,2012-12-02,8636,8540,1,0.0
11820,10257,2012/2013,15,2012-12-01,9885,9804,3,0.0
11821,10257,2012/2013,15,2012-12-02,8543,10167,2,1.0
11822,10257,2012/2013,15,2012-12-02,9875,9878,5,1.0
11823,10257,2012/2013,15,2012-12-02,8551,8686,1,3.0
11824,10257,2012/2013,15,2012-12-02,8600,8529,4,1.0
11825,10257,2012/2013,16,2012-12-08,8524,10167,2,1.0
11826,10257,2012/2013,16,2012-12-10,9857,8543,0,0.0
11827,10257,2012/2013,16,2012-12-09,8529,8533,0,2.0
11828,10257,2012/2013,16,2012-12-09,8636,9875,2,1.0
11829,10257,2012/2013,16,2012-12-09,8540,9885,0,1.0
11830,10257,2012/2013,16,2012-12-09,9878,10233,2,0.0
11831,10257,2012/2013,16,2012-12-08,8686,8535,4,2.0
11832,10257,2012/2013,16,2012-12-10,9882,8600,0,2.0
11833,10257,2012/2013,16,2012-12-09,8551,8530,1,3.0
11834,10257,2012/2013,16,2012-12-09,9804,8564,2,4.0
11835,10257,2012/2013,17,2012-12-16,8530,9882,3,1.0
11836,10257,2012/2013,17,2012-12-16,8533,8686,1,0.0
11837,10257,2012/2013,17,2012-12-16,8535,8551,4,1.0
11838,10257,2012/2013,17,2012-12-16,10233,9804,1,1.0
11839,10257,2012/2013,17,2012-12-16,9885,8524,3,0.0
11840,10257,2012/2013,17,2012-12-15,8543,8636,1,0.0
11841,10257,2012/2013,17,2012-12-16,8564,9878,4,1.0
11842,10257,2012/2013,17,2012-12-16,9875,9857,2,3.0
11843,10257,2012/2013,17,2012-12-16,10167,8529,4,1.0
11844,10257,2012/2013,17,2012-12-15,8600,8540,1,1.0
11845,10257,2012/2013,18,2012-12-22,8524,8600,1,1.0
11846,10257,2012/2013,18,2012-12-22,9857,10167,1,2.0
11847,10257,2012/2013,18,2012-12-21,8529,9885,1,3.0
11848,10257,2012/2013,18,2012-12-22,8636,10233,1,1.0
11849,10257,2012/2013,18,2012-12-22,8540,8535,0,3.0
11850,10257,2012/2013,18,2012-12-21,9878,8530,2,1.0
11851,10257,2012/2013,18,2012-12-22,8686,8564,4,2.0
11852,10257,2012/2013,18,2012-12-22,9882,8543,0,1.0
11853,10257,2012/2013,18,2012-12-22,8551,9875,0,2.0
11854,10257,2012/2013,18,2012-12-22,9804,8533,2,0.0
11855,10257,2012/2013,19,2013-01-05,8530,9804,0,0.0
11856,10257,2012/2013,19,2013-01-06,8533,8524,1,0.0
11857,10257,2012/2013,19,2013-01-06,8535,9878,0,2.0
11858,10257,2012/2013,19,2013-01-06,10233,9857,2,0.0
11859,10257,2012/2013,19,2013-01-06,9885,9882,1,2.0
11860,10257,2012/2013,19,2013-01-05,8543,8529,2,1.0
11861,10257,2012/2013,19,2013-01-06,8564,8551,2,1.0
11862,10257,2012/2013,19,2013-01-06,9875,8686,4,1.0
11863,10257,2012/2013,19,2013-01-06,10167,8540,2,1.0
11864,10257,2012/2013,19,2013-01-06,8600,8636,3,0.0
11865,10257,2012/2013,2,2012-09-01,9857,8564,1,3.0
11866,10257,2012/2013,2,2012-09-02,8529,8524,1,1.0
11867,10257,2012/2013,2,2012-09-02,8530,10233,3,2.0
11868,10257,2012/2013,2,2012-09-02,8636,8686,1,3.0
11869,10257,2012/2013,2,2012-09-02,8543,8540,3,0.0
11870,10257,2012/2013,2,2012-09-02,9875,8535,2,1.0
11871,10257,2012/2013,2,2012-09-02,10167,8533,2,0.0
11872,10257,2012/2013,2,2012-09-02,9882,8551,2,1.0
11873,10257,2012/2013,2,2012-09-01,9804,9878,3,0.0
11874,10257,2012/2013,2,2012-09-02,8600,9885,1,4.0
11875,10257,2012/2013,20,2013-01-13,8543,8524,2,0.0
11876,10257,2012/2013,20,2013-01-12,9857,8533,4,0.0
11877,10257,2012/2013,20,2013-01-13,8600,8535,3,1.0
11878,10257,2012/2013,20,2013-01-13,8529,10233,2,1.0
11879,10257,2012/2013,20,2013-01-13,10167,9885,1,1.0
11880,10257,2012/2013,20,2013-01-13,9882,8564,0,0.0
11881,10257,2012/2013,20,2013-01-13,9875,8540,3,0.0
11882,10257,2012/2013,20,2013-01-12,8636,9878,2,0.0
11883,10257,2012/2013,20,2013-01-13,8530,8686,1,0.0
11884,10257,2012/2013,20,2013-01-13,9804,8551,3,2.0
11885,10257,2012/2013,21,2013-01-20,8564,9857,2,1.0
11886,10257,2012/2013,21,2013-01-20,8524,8529,1,1.0
11887,10257,2012/2013,21,2013-01-20,10233,8530,0,2.0
11888,10257,2012/2013,21,2013-01-20,8686,8636,1,1.0
11889,10257,2012/2013,21,2013-01-19,8540,8543,2,2.0
11890,10257,2012/2013,21,2013-01-20,8535,9875,1,1.0
11891,10257,2012/2013,21,2013-01-20,8533,10167,1,1.0
11892,10257,2012/2013,21,2013-01-20,8551,9882,1,0.0
11893,10257,2012/2013,21,2013-01-20,9878,9804,0,2.0
11894,10257,2012/2013,21,2013-01-19,9885,8600,4,0.0
11895,10257,2012/2013,22,2013-01-26,8543,8533,0,1.0
11896,10257,2012/2013,22,2013-01-27,8530,8535,2,1.0
11897,10257,2012/2013,22,2013-01-26,9885,10233,1,1.0
11898,10257,2012/2013,22,2013-01-27,8524,8564,0,1.0
11899,10257,2012/2013,22,2013-01-27,10167,9875,1,2.0
11900,10257,2012/2013,22,2013-01-27,8529,8540,1,1.0
11901,10257,2012/2013,22,2013-01-27,9882,9878,6,0.0
11902,10257,2012/2013,22,2013-01-27,9857,8686,3,3.0
11903,10257,2012/2013,22,2013-01-27,8600,8551,1,0.0
11904,10257,2012/2013,22,2013-01-27,8636,9804,2,2.0
11905,10257,2012/2013,23,2013-02-03,8540,8524,1,2.0
11906,10257,2012/2013,23,2013-02-03,9878,9857,2,3.0
11907,10257,2012/2013,23,2013-02-01,8686,8529,2,4.0
11908,10257,2012/2013,23,2013-02-02,9875,8530,2,0.0
11909,10257,2012/2013,23,2013-02-03,8551,8636,3,1.0
11910,10257,2012/2013,23,2013-02-03,8533,9885,1,2.0
11911,10257,2012/2013,23,2013-02-03,10233,8543,3,2.0
11912,10257,2012/2013,23,2013-02-03,8535,10167,2,0.0
11913,10257,2012/2013,23,2013-02-02,9804,9882,0,0.0
11914,10257,2012/2013,23,2013-02-03,8564,8600,2,1.0
11915,10257,2012/2013,24,2013-02-10,8524,8530,0,0.0
11916,10257,2012/2013,24,2013-02-10,8636,8533,3,1.0
11917,10257,2012/2013,24,2013-02-09,9885,8535,2,0.0
11918,10257,2012/2013,24,2013-02-10,10167,10233,0,0.0
11919,10257,2012/2013,24,2013-02-10,8529,8564,1,1.0
11920,10257,2012/2013,24,2013-02-09,8543,9875,1,1.0
11921,10257,2012/2013,24,2013-02-10,8540,9878,1,1.0
11922,10257,2012/2013,24,2013-02-10,9882,8686,3,1.0
11923,10257,2012/2013,24,2013-02-10,9857,8551,1,1.0
11924,10257,2012/2013,24,2013-02-10,8600,9804,1,0.0
11925,10257,2012/2013,25,2013-02-17,9804,8524,2,1.0
11926,10257,2012/2013,25,2013-02-17,8530,9857,1,0.0
11927,10257,2012/2013,25,2013-02-17,9878,8529,0,2.0
11928,10257,2012/2013,25,2013-02-17,8535,8636,4,1.0
11929,10257,2012/2013,25,2013-02-16,8686,9885,1,0.0
11930,10257,2012/2013,25,2013-02-18,8551,8543,3,0.0
11931,10257,2012/2013,25,2013-02-16,8533,8540,1,1.0
11932,10257,2012/2013,25,2013-02-15,8564,10167,2,1.0
11933,10257,2012/2013,25,2013-02-17,9875,9882,0,0.0
11934,10257,2012/2013,25,2013-02-17,10233,8600,1,0.0
11935,10257,2012/2013,26,2013-02-24,10167,8530,1,2.0
11936,10257,2012/2013,26,2013-02-24,9882,8533,2,0.0
11937,10257,2012/2013,26,2013-02-26,9857,8535,2,1.0
11938,10257,2012/2013,26,2013-02-23,8540,10233,0,0.0
11939,10257,2012/2013,26,2013-02-24,8636,8564,1,1.0
11940,10257,2012/2013,26,2013-02-25,8600,9875,0,0.0
11941,10257,2012/2013,26,2013-02-25,8543,9878,2,0.0
11942,10257,2012/2013,26,2013-02-24,8524,8686,2,3.0
11943,10257,2012/2013,26,2013-02-24,9885,8551,3,0.0
11944,10257,2012/2013,26,2013-02-24,8529,9804,4,3.0
11945,10257,2012/2013,27,2013-03-03,8551,8524,0,2.0
11946,10257,2012/2013,27,2013-03-03,9857,8529,3,0.0
11947,10257,2012/2013,27,2013-03-03,8535,8533,2,1.0
11948,10257,2012/2013,27,2013-03-03,8686,10233,3,1.0
11949,10257,2012/2013,27,2013-03-03,8530,8636,2,3.0
11950,10257,2012/2013,27,2013-03-01,9875,9885,1,1.0
11951,10257,2012/2013,27,2013-03-02,8564,8543,3,0.0
11952,10257,2012/2013,27,2013-03-03,9804,8540,0,0.0
11953,10257,2012/2013,27,2013-03-03,9882,10167,1,0.0
11954,10257,2012/2013,27,2013-03-03,9878,8600,0,1.0
11955,10257,2012/2013,28,2013-03-10,8636,9857,0,1.0
11956,10257,2012/2013,28,2013-03-10,9885,8530,1,0.0
11957,10257,2012/2013,28,2013-03-10,8543,8535,0,2.0
11958,10257,2012/2013,28,2013-03-08,10233,8564,0,2.0
11959,10257,2012/2013,28,2013-03-10,8533,9875,2,0.0
11960,10257,2012/2013,28,2013-03-10,8524,9878,2,1.0
11961,10257,2012/2013,28,2013-03-09,8600,8686,1,1.0
11962,10257,2012/2013,28,2013-03-10,8529,9882,3,1.0
11963,10257,2012/2013,28,2013-03-10,8540,8551,1,2.0
11964,10257,2012/2013,28,2013-03-10,10167,9804,4,1.0
11965,10257,2012/2013,29,2013-03-17,9875,8524,3,2.0
11966,10257,2012/2013,29,2013-03-17,8551,8529,0,0.0
11967,10257,2012/2013,29,2013-03-17,9878,8533,0,2.0
11968,10257,2012/2013,29,2013-03-17,8535,10233,3,2.0
11969,10257,2012/2013,29,2013-04-03,9882,8636,0,2.0
11970,10257,2012/2013,29,2013-03-16,9857,9885,0,2.0
11971,10257,2012/2013,29,2013-03-17,9804,8543,1,0.0
11972,10257,2012/2013,29,2013-03-17,8564,8540,2,0.0
11973,10257,2012/2013,29,2013-03-17,8686,10167,2,0.0
11974,10257,2012/2013,29,2013-03-16,8530,8600,3,1.0
11975,10257,2012/2013,3,2012-09-16,8533,8543,1,3.0
11976,10257,2012/2013,3,2012-09-16,8535,8530,2,0.0
11977,10257,2012/2013,3,2012-09-16,10233,9885,1,3.0
11978,10257,2012/2013,3,2012-09-15,8564,8524,0,1.0
11979,10257,2012/2013,3,2012-09-16,9875,10167,3,1.0
11980,10257,2012/2013,3,2012-09-15,8540,8529,1,1.0
11981,10257,2012/2013,3,2012-09-16,9878,9882,2,3.0
11982,10257,2012/2013,3,2012-09-16,8686,9857,2,3.0
11983,10257,2012/2013,3,2012-09-16,8551,8600,2,2.0
11984,10257,2012/2013,3,2012-09-16,9804,8636,0,2.0
11985,10257,2012/2013,30,2013-03-30,8600,9857,0,0.0
11986,10257,2012/2013,30,2013-03-30,8543,8530,2,1.0
11987,10257,2012/2013,30,2013-03-30,8529,8535,2,1.0
11988,10257,2012/2013,30,2013-03-30,8636,9885,1,2.0
11989,10257,2012/2013,30,2013-03-30,8533,8564,0,1.0
11990,10257,2012/2013,30,2013-03-30,9804,9875,3,5.0
11991,10257,2012/2013,30,2013-03-30,10167,9878,3,0.0
11992,10257,2012/2013,30,2013-03-30,8540,8686,2,0.0
11993,10257,2012/2013,30,2013-03-30,8524,9882,0,0.0
11994,10257,2012/2013,30,2013-03-30,10233,8551,2,2.0
11995,10257,2012/2013,31,2013-04-07,8636,8524,3,4.0
11996,10257,2012/2013,31,2013-04-07,8530,8529,0,0.0
22658,21518,2011/2012,1,2012-01-21,8560,9906,0,4.0
22659,21518,2011/2012,1,2012-01-22,8633,8315,4,1.0
22660,21518,2011/2012,1,2012-01-22,9864,8634,1,4.0
22661,21518,2011/2012,1,2012-01-23,10205,9869,3,0.0
22662,21518,2011/2012,1,2012-01-21,8603,8302,1,1.0
22663,21518,2011/2012,1,2012-01-22,8371,10267,1,1.0
22664,21518,2011/2012,1,2012-01-21,8696,8305,1,2.0
22665,21518,2011/2012,1,2012-01-21,8558,7878,3,0.0
22666,21518,2011/2012,1,2012-01-22,8581,8394,0,0.0
22667,21518,2011/2012,1,2012-01-22,8370,8661,0,1.0
22668,21518,2011/2012,10,2011-10-26,8305,8371,2,2.0
22669,21518,2011/2012,10,2011-10-27,8558,8603,1,0.0
22670,21518,2011/2012,10,2011-10-26,8661,9869,1,2.0
22671,21518,2011/2012,10,2011-10-26,8581,8560,3,2.0
22672,21518,2011/2012,10,2011-10-27,8315,9906,3,0.0
22673,21518,2011/2012,10,2011-10-26,8633,10205,3,0.0
22674,21518,2011/2012,10,2011-10-25,8302,8696,2,2.0
22675,21518,2011/2012,10,2011-10-26,8394,10267,0,1.0
22676,21518,2011/2012,10,2011-10-26,8370,9864,2,0.0
22677,21518,2011/2012,10,2011-10-25,7878,8634,0,1.0
22678,21518,2011/2012,11,2011-10-30,8371,8581,2,0.0
22679,21518,2011/2012,11,2011-10-30,8696,8603,1,0.0
22680,21518,2011/2012,11,2011-10-30,9869,8315,1,1.0
22681,21518,2011/2012,11,2011-10-29,8560,8633,0,1.0
22682,21518,2011/2012,11,2011-10-30,9906,8394,3,1.0
22683,21518,2011/2012,11,2011-10-29,10205,8370,2,0.0
22684,21518,2011/2012,11,2011-10-31,8302,7878,1,2.0
22685,21518,2011/2012,11,2011-10-29,10267,8305,3,1.0
22686,21518,2011/2012,11,2011-10-30,9864,8558,2,1.0
22687,21518,2011/2012,11,2011-10-29,8634,8661,5,0.0
22688,21518,2011/2012,12,2011-11-06,8370,8560,4,0.0
22689,21518,2011/2012,12,2011-11-06,7878,8696,0,0.0
22690,21518,2011/2012,12,2011-11-06,8305,9906,3,2.0
22691,21518,2011/2012,12,2011-11-06,8558,10205,0,0.0
22692,21518,2011/2012,12,2011-11-05,8661,8302,0,0.0
22693,21518,2011/2012,12,2011-11-05,8581,10267,0,2.0
22694,21518,2011/2012,12,2011-11-05,8603,9864,0,0.0
22695,21518,2011/2012,12,2011-11-06,8315,8634,2,2.0
22696,21518,2011/2012,12,2011-11-06,8633,8371,7,1.0
22697,21518,2011/2012,12,2011-11-06,8394,9869,2,2.0
22698,21518,2011/2012,13,2011-11-20,8560,8558,0,0.0
22699,21518,2011/2012,13,2011-12-07,7878,8661,2,2.0
22700,21518,2011/2012,13,2011-11-20,9906,8581,3,2.0
22701,21518,2011/2012,13,2011-11-19,10205,8603,1,0.0
22702,21518,2011/2012,13,2011-11-20,8302,8315,1,2.0
22703,21518,2011/2012,13,2011-11-19,10267,8633,2,3.0
22704,21518,2011/2012,13,2011-11-21,8696,9864,1,3.0
22705,21518,2011/2012,13,2011-11-19,8634,8394,4,0.0
22706,21518,2011/2012,13,2011-11-20,8371,8370,0,0.0
22707,21518,2011/2012,13,2011-11-20,9869,8305,2,1.0
22708,21518,2011/2012,14,2011-11-27,8558,8371,1,2.0
22709,21518,2011/2012,14,2011-11-27,8661,8696,2,1.0
22710,21518,2011/2012,14,2011-11-27,8581,9869,4,0.0
22711,21518,2011/2012,14,2011-11-27,8603,8560,2,3.0
22712,21518,2011/2012,14,2011-11-27,8315,7878,0,1.0
22713,21518,2011/2012,14,2011-11-26,8633,9906,4,1.0
22714,21518,2011/2012,14,2011-11-28,9864,10205,2,1.0
22715,21518,2011/2012,14,2011-11-27,8394,8302,0,1.0
22716,21518,2011/2012,14,2011-11-26,8370,10267,1,2.0
22717,21518,2011/2012,14,2011-11-26,8305,8634,1,0.0
22718,21518,2011/2012,15,2011-12-04,9906,8370,3,1.0
22719,21518,2011/2012,15,2011-12-03,8696,10205,1,0.0
22720,21518,2011/2012,15,2011-12-05,8302,8305,3,0.0
22721,21518,2011/2012,15,2011-12-03,10267,8558,2,1.0
22722,21518,2011/2012,15,2011-12-03,8634,8581,5,0.0
22723,21518,2011/2012,15,2011-12-04,8371,8603,2,1.0
22724,21518,2011/2012,15,2011-12-04,8661,8315,1,1.0
22725,21518,2011/2012,15,2011-12-03,9869,8633,0,3.0
22726,21518,2011/2012,15,2011-12-04,8560,9864,3,2.0
22727,21518,2011/2012,15,2011-12-04,7878,8394,1,0.0
22728,21518,2011/2012,16,2011-12-11,9864,8371,1,1.0
22729,21518,2011/2012,16,2011-12-11,8394,8661,0,1.0
22730,21518,2011/2012,16,2011-12-11,8370,9869,1,3.0
22731,21518,2011/2012,16,2011-12-11,10205,8560,1,1.0
22732,21518,2011/2012,16,2011-12-11,8305,7878,1,0.0
22733,21518,2011/2012,16,2011-12-11,8558,9906,4,2.0
22734,21518,2011/2012,16,2011-12-10,8581,8302,1,0.0
22735,21518,2011/2012,16,2011-12-10,8603,10267,2,1.0
22736,21518,2011/2012,16,2011-12-11,8315,8696,1,1.0
22737,21518,2011/2012,16,2011-12-10,8633,8634,1,3.0
22738,21518,2011/2012,17,2011-12-17,9869,8558,1,2.0
22739,21518,2011/2012,17,2011-12-18,8696,8560,0,0.0
22740,21518,2011/2012,17,2011-12-18,7878,8581,2,1.0
22741,21518,2011/2012,17,2011-12-18,9906,8603,0,2.0
22742,21518,2011/2012,17,2011-12-17,8302,8633,2,6.0
22743,21518,2011/2012,17,2011-12-18,10267,9864,2,0.0
22744,21518,2011/2012,17,2011-12-17,8315,8394,2,1.0
22745,21518,2011/2012,17,2011-11-29,8634,8370,4,0.0
22746,21518,2011/2012,17,2011-12-18,8371,10205,2,1.0
22747,21518,2011/2012,17,2011-12-17,8661,8305,1,2.0
22748,21518,2011/2012,18,2012-01-08,8305,8315,0,0.0
22749,21518,2011/2012,18,2012-01-07,8581,8661,0,0.0
22750,21518,2011/2012,18,2012-01-07,8633,7878,5,1.0
22751,21518,2011/2012,18,2012-01-08,8370,8302,2,1.0
22752,21518,2011/2012,18,2012-01-08,8558,8634,1,1.0
22753,21518,2011/2012,18,2012-01-08,8603,9869,2,0.0
22754,21518,2011/2012,18,2012-01-07,9864,9906,0,0.0
22755,21518,2011/2012,18,2012-01-08,10205,10267,2,2.0
22756,21518,2011/2012,18,2012-01-07,8560,8371,0,0.0
22757,21518,2011/2012,18,2012-01-07,8696,8394,1,0.0
22758,21518,2011/2012,19,2012-01-15,8634,8603,4,2.0
22759,21518,2011/2012,19,2012-01-15,8371,8696,0,2.0
22760,21518,2011/2012,19,2012-01-14,8661,8633,1,2.0
22761,21518,2011/2012,19,2012-01-15,9869,9864,2,1.0
22762,21518,2011/2012,19,2012-01-14,7878,8370,1,2.0
22763,21518,2011/2012,19,2012-01-15,9906,10205,3,0.0
22764,21518,2011/2012,19,2012-01-14,8394,8305,1,1.0
22765,21518,2011/2012,19,2012-01-14,8302,8558,0,0.0
22766,21518,2011/2012,19,2012-01-14,10267,8560,0,1.0
22767,21518,2011/2012,19,2012-01-15,8315,8581,3,0.0
22768,21518,2011/2012,2,2011-08-27,10267,8696,4,3.0
22769,21518,2011/2012,2,2011-08-28,9906,8371,0,0.0
22770,21518,2011/2012,2,2011-08-27,9869,8560,1,2.0
22771,21518,2011/2012,2,2011-08-29,8634,10205,5,0.0
22772,21518,2011/2012,2,2011-08-28,8302,9864,2,1.0
22773,21518,2011/2012,2,2011-08-27,7878,8603,0,1.0
22774,21518,2011/2012,2,2011-08-28,8661,8558,1,0.0
22775,21518,2011/2012,2,2011-08-28,8315,8370,1,1.0
22776,21518,2011/2012,2,2011-08-28,8394,8633,0,6.0
22777,21518,2011/2012,2,2011-08-28,8305,8581,1,1.0
22778,21518,2011/2012,20,2012-05-01,7878,8558,2,1.0
22779,21518,2011/2012,20,2012-05-02,9906,8560,1,1.0
22780,21518,2011/2012,20,2012-05-02,8302,8603,1,2.0
22781,21518,2011/2012,20,2012-05-02,8394,8581,1,0.0
22782,21518,2011/2012,20,2012-05-02,8315,8633,0,3.0
22783,21518,2011/2012,20,2012-05-02,10267,8371,4,0.0
22784,21518,2011/2012,20,2012-05-02,8661,8370,1,0.0
22785,21518,2011/2012,20,2012-05-02,8634,9864,4,1.0
22786,21518,2011/2012,20,2012-05-01,8305,8696,1,1.0
22787,21518,2011/2012,20,2012-05-01,9869,10205,2,3.0
22788,21518,2011/2012,21,2012-01-28,8370,8315,2,3.0
22789,21518,2011/2012,21,2012-01-29,8696,10267,2,2.0
22790,21518,2011/2012,21,2012-01-29,9864,8302,2,1.0
22791,21518,2011/2012,21,2012-01-28,8633,8394,3,1.0
22792,21518,2011/2012,21,2012-01-30,8371,9906,0,1.0
22793,21518,2011/2012,21,2012-01-29,8603,7878,1,2.0
22794,21518,2011/2012,21,2012-01-29,8581,8305,1,2.0
22795,21518,2011/2012,21,2012-01-29,8560,9869,5,1.0
22796,21518,2011/2012,21,2012-01-28,8558,8661,1,0.0
22797,21518,2011/2012,21,2012-01-28,10205,8634,0,0.0
22798,21518,2011/2012,22,2012-02-05,8394,8370,1,2.0
22799,21518,2011/2012,22,2012-02-05,9906,10267,0,0.0
22800,21518,2011/2012,22,2012-02-06,7878,9864,2,1.0
22801,21518,2011/2012,22,2012-02-04,8305,8633,0,1.0
22802,21518,2011/2012,22,2012-02-05,9869,8371,1,1.0
22803,21518,2011/2012,22,2012-02-04,8661,8603,1,0.0
22804,21518,2011/2012,22,2012-02-04,8581,8696,1,1.0
22805,21518,2011/2012,22,2012-02-04,8634,8560,2,1.0
22806,21518,2011/2012,22,2012-02-04,8315,8558,3,3.0
22807,21518,2011/2012,22,2012-02-05,8302,10205,1,2.0
22808,21518,2011/2012,23,2012-02-12,9864,8661,3,1.0
22809,21518,2011/2012,23,2012-02-12,8633,8581,4,2.0
22810,21518,2011/2012,23,2012-02-11,8371,8634,3,2.0
22811,21518,2011/2012,23,2012-02-11,8603,8315,2,1.0
22812,21518,2011/2012,23,2012-02-13,8560,8302,2,0.0
22813,21518,2011/2012,23,2012-02-12,8558,8394,0,2.0
22814,21518,2011/2012,23,2012-02-11,8696,9906,0,0.0
22815,21518,2011/2012,23,2012-02-12,10205,7878,3,1.0
22816,21518,2011/2012,23,2012-02-12,8370,8305,2,0.0
22817,21518,2011/2012,23,2012-02-12,10267,9869,4,0.0
22818,21518,2011/2012,24,2012-02-19,8315,9864,3,0.0
22819,21518,2011/2012,24,2012-02-18,8633,8696,4,0.0
22820,21518,2011/2012,24,2012-02-18,8302,8371,2,0.0
22821,21518,2011/2012,24,2012-02-20,8394,8603,0,2.0
22822,21518,2011/2012,24,2012-02-19,7878,8560,4,1.0
22823,21518,2011/2012,24,2012-02-18,8305,8558,1,1.0
22824,21518,2011/2012,24,2012-02-19,9869,9906,1,1.0
22825,21518,2011/2012,24,2012-02-19,8661,10205,4,0.0
22826,21518,2011/2012,24,2012-02-19,8581,8370,3,5.0
22827,21518,2011/2012,24,2012-02-19,8634,10267,5,1.0
22828,21518,2011/2012,25,2012-02-25,8603,8305,1,1.0
22829,21518,2011/2012,25,2012-02-25,8696,9869,1,1.0
22830,21518,2011/2012,25,2012-02-26,8560,8661,1,0.0
22831,21518,2011/2012,25,2012-02-25,8558,8581,1,2.0
22832,21518,2011/2012,25,2012-02-26,9906,8634,1,2.0
22833,21518,2011/2012,25,2012-02-26,10205,8315,2,2.0
22834,21518,2011/2012,25,2012-02-26,8370,8633,0,1.0
22835,21518,2011/2012,25,2012-02-26,10267,8302,1,2.0
22836,21518,2011/2012,25,2012-02-25,9864,8394,5,1.0
22837,21518,2011/2012,25,2012-02-26,8371,7878,2,1.0
22838,21518,2011/2012,26,2012-03-04,8394,10205,2,1.0
22839,21518,2011/2012,26,2012-03-03,8370,8696,4,2.0
22840,21518,2011/2012,26,2012-03-04,7878,10267,0,1.0
22841,21518,2011/2012,26,2012-03-03,8305,9864,1,3.0
22842,21518,2011/2012,26,2012-03-03,8661,8371,1,1.0
22843,21518,2011/2012,26,2012-03-05,8581,8603,3,1.0
22844,21518,2011/2012,26,2012-03-03,8634,9869,3,1.0
22845,21518,2011/2012,26,2012-03-04,8315,8560,2,0.0
22846,21518,2011/2012,26,2012-03-04,8633,8558,5,0.0
22847,21518,2011/2012,26,2012-03-03,8302,9906,1,1.0
22848,21518,2011/2012,27,2012-03-11,8371,8315,2,1.0
22849,21518,2011/2012,27,2012-03-10,9864,8581,1,0.0
22850,21518,2011/2012,27,2012-03-10,9869,8302,1,0.0
22851,21518,2011/2012,27,2012-03-10,8560,8394,3,0.0
22852,21518,2011/2012,27,2012-03-10,8603,8633,2,3.0
22853,21518,2011/2012,27,2012-03-11,9906,7878,2,0.0
22854,21518,2011/2012,27,2012-03-12,10205,8305,1,2.0
22855,21518,2011/2012,27,2012-03-11,8558,8370,5,1.0
22856,21518,2011/2012,27,2012-03-11,10267,8661,2,2.0
22857,21518,2011/2012,27,2012-03-11,8696,8634,0,2.0
22858,21518,2011/2012,28,2012-03-17,8305,8560,1,0.0
22859,21518,2011/2012,28,2012-03-19,8558,8696,3,1.0
22860,21518,2011/2012,28,2012-03-18,8661,9906,2,1.0
22861,21518,2011/2012,28,2012-03-18,8581,10205,1,0.0
22862,21518,2011/2012,28,2012-03-18,8315,10267,0,3.0
22863,21518,2011/2012,28,2012-03-18,8633,9864,1,1.0
22864,21518,2011/2012,28,2012-03-17,8302,8634,0,2.0
22865,21518,2011/2012,28,2012-03-17,8394,8371,1,1.0
22866,21518,2011/2012,28,2012-03-17,8370,8603,3,0.0
22867,21518,2011/2012,28,2012-03-17,7878,9869,2,1.0
22868,21518,2011/2012,29,2012-03-20,8371,8305,0,0.0
22869,21518,2011/2012,29,2012-03-22,8603,8558,1,1.0
22870,21518,2011/2012,29,2012-03-21,9869,8661,2,3.0
22871,21518,2011/2012,29,2012-03-21,8560,8581,1,3.0
22872,21518,2011/2012,29,2012-03-21,9906,8315,2,1.0
22873,21518,2011/2012,29,2012-03-21,10205,8633,1,1.0
22874,21518,2011/2012,29,2012-03-22,8696,8302,0,3.0
22875,21518,2011/2012,29,2012-03-21,10267,8394,1,2.0
22876,21518,2011/2012,29,2012-03-22,9864,8370,4,2.0
22877,21518,2011/2012,29,2012-03-20,8634,7878,5,3.0
22878,21518,2011/2012,3,2011-09-10,10267,9906,1,0.0
22879,21518,2011/2012,3,2011-09-11,8371,9869,2,1.0
22880,21518,2011/2012,3,2011-09-10,8560,8634,2,2.0
22881,21518,2011/2012,3,2011-09-10,10205,8302,2,2.0
22882,21518,2011/2012,3,2011-09-12,9864,7878,4,0.0
22883,21518,2011/2012,3,2011-09-11,8603,8661,1,0.0
22884,21518,2011/2012,3,2011-09-11,8558,8315,2,1.0
22885,21518,2011/2012,3,2011-09-11,8370,8394,0,0.0
22886,21518,2011/2012,3,2011-09-10,8633,8305,4,2.0
22887,21518,2011/2012,3,2011-09-11,8696,8581,0,0.0
22888,21518,2011/2012,30,2012-03-25,8581,8371,0,2.0
22889,21518,2011/2012,30,2012-03-25,8603,8696,1,1.0
22890,21518,2011/2012,30,2012-03-25,8315,9869,1,1.0
22891,21518,2011/2012,30,2012-03-24,8633,8560,5,1.0
22892,21518,2011/2012,30,2012-03-25,8394,9906,1,0.0
22893,21518,2011/2012,30,2012-03-25,8370,10205,0,2.0
22894,21518,2011/2012,30,2012-03-26,7878,8302,0,3.0
22895,21518,2011/2012,30,2012-03-24,8305,10267,3,1.0
22896,21518,2011/2012,30,2012-03-25,8558,9864,1,2.0
22897,21518,2011/2012,30,2012-03-24,8661,8634,0,2.0
22898,21518,2011/2012,31,2012-04-01,8560,8370,4,0.0
22899,21518,2011/2012,31,2012-03-31,8696,7878,0,1.0
22900,21518,2011/2012,31,2012-04-01,9906,8305,3,0.0
22901,21518,2011/2012,31,2012-04-01,10205,8558,0,0.0
22902,21518,2011/2012,31,2012-04-02,8302,8661,3,1.0
22903,21518,2011/2012,31,2012-04-01,10267,8581,1,1.0
22904,21518,2011/2012,31,2012-03-31,9864,8603,0,2.0
22905,21518,2011/2012,31,2012-03-31,8634,8315,2,0.0
22906,21518,2011/2012,31,2012-03-31,8371,8633,1,5.0
22907,21518,2011/2012,31,2012-03-31,9869,8394,1,2.0
22908,21518,2011/2012,32,2012-04-08,8581,9906,2,0.0
22909,21518,2011/2012,32,2012-04-07,8603,10205,3,1.0
22910,21518,2011/2012,32,2012-04-08,8315,8302,1,0.0
22911,21518,2011/2012,32,2012-04-08,8633,10267,0,0.0
22912,21518,2011/2012,32,2012-04-09,9864,8696,3,0.0
22913,21518,2011/2012,32,2012-04-07,8394,8634,1,4.0
22914,21518,2011/2012,32,2012-04-07,8370,8371,6,0.0
22915,21518,2011/2012,32,2012-04-07,8305,9869,2,0.0
22916,21518,2011/2012,32,2012-04-07,8558,8560,2,2.0
22917,21518,2011/2012,32,2012-04-08,8661,7878,0,0.0
22918,21518,2011/2012,33,2012-04-10,8371,8558,2,0.0
22919,21518,2011/2012,33,2012-04-12,8696,8661,0,3.0
22920,21518,2011/2012,33,2012-04-11,9869,8581,3,2.0
22921,21518,2011/2012,33,2012-04-10,8560,8603,1,1.0
22922,21518,2011/2012,33,2012-04-11,7878,8315,2,2.0
22923,21518,2011/2012,33,2012-04-11,9906,8633,1,4.0
22924,21518,2011/2012,33,2012-04-12,10205,9864,2,1.0
22925,21518,2011/2012,33,2012-04-12,8302,8394,3,0.0
22926,21518,2011/2012,33,2012-04-11,10267,8370,4,1.0
22927,21518,2011/2012,33,2012-04-10,8634,8305,4,0.0
22928,21518,2011/2012,34,2012-04-15,8603,8371,1,0.0
22929,21518,2011/2012,34,2012-04-15,8315,8661,1,0.0
22930,21518,2011/2012,34,2012-04-14,8633,9869,3,1.0
22931,21518,2011/2012,34,2012-04-15,9864,8560,1,1.0
22932,21518,2011/2012,34,2012-04-15,8394,7878,1,0.0
22933,21518,2011/2012,34,2012-04-15,8370,9906,0,1.0
22934,21518,2011/2012,34,2012-04-15,10205,8696,1,1.0
22935,21518,2011/2012,34,2012-04-16,8305,8302,5,1.0
22936,21518,2011/2012,34,2012-04-15,8558,10267,4,0.0
22937,21518,2011/2012,34,2012-04-14,8581,8634,1,2.0
22938,21518,2011/2012,35,2012-04-22,10267,8603,4,0.0
22939,21518,2011/2012,35,2012-04-22,8696,8315,0,1.0
22940,21518,2011/2012,35,2012-04-21,8634,8633,1,2.0
22941,21518,2011/2012,35,2012-04-23,8371,9864,1,1.0
22942,21518,2011/2012,35,2012-04-21,8661,8394,1,0.0
22943,21518,2011/2012,35,2012-04-21,9869,8370,2,1.0
22944,21518,2011/2012,35,2012-04-22,8560,10205,1,1.0
22945,21518,2011/2012,35,2012-04-22,7878,8305,1,0.0
22946,21518,2011/2012,35,2012-04-22,9906,8558,3,1.0
22947,21518,2011/2012,35,2012-04-21,8302,8581,1,1.0
22948,21518,2011/2012,36,2012-04-29,9864,10267,1,0.0
22949,21518,2011/2012,36,2012-04-29,8394,8315,2,0.0
22950,21518,2011/2012,36,2012-04-29,8370,8634,0,7.0
22951,21518,2011/2012,36,2012-04-28,10205,8371,1,1.0
22952,21518,2011/2012,36,2012-04-28,8305,8661,1,3.0
22953,21518,2011/2012,36,2012-04-28,8558,9869,0,3.0
22954,21518,2011/2012,36,2012-04-28,8560,8696,3,0.0
22955,21518,2011/2012,36,2012-04-28,8581,7878,3,1.0
22956,21518,2011/2012,36,2012-04-29,8603,9906,2,2.0
22957,21518,2011/2012,36,2012-04-29,8633,8302,3,0.0
22958,21518,2011/2012,37,2012-05-05,9906,9864,2,1.0
22959,21518,2011/2012,37,2012-05-05,8394,8696,2,1.0
22960,21518,2011/2012,37,2012-05-05,8302,8370,5,2.0
22961,21518,2011/2012,37,2012-05-05,10267,10205,1,0.0
22962,21518,2011/2012,37,2012-05-05,8315,8305,0,0.0
22963,21518,2011/2012,37,2012-05-05,8634,8558,4,0.0
22964,21518,2011/2012,37,2012-05-05,8371,8560,1,0.0
22965,21518,2011/2012,37,2012-05-05,8661,8581,1,0.0
22966,21518,2011/2012,37,2012-05-05,9869,8603,2,1.0
22967,21518,2011/2012,37,2012-05-05,7878,8633,1,2.0
22968,21518,2011/2012,38,2012-05-13,10205,9906,0,1.0
22969,21518,2011/2012,38,2012-05-13,8305,8394,0,2.0
22970,21518,2011/2012,38,2012-05-13,8558,8302,1,1.0
22971,21518,2011/2012,38,2012-05-12,8560,10267,1,0.0
22972,21518,2011/2012,38,2012-05-13,8581,8315,3,0.0
22973,21518,2011/2012,38,2012-05-12,8603,8634,2,2.0
22974,21518,2011/2012,38,2012-05-13,8696,8371,2,4.0
22975,21518,2011/2012,38,2012-05-13,8633,8661,4,1.0
22976,21518,2011/2012,38,2012-05-13,9864,9869,1,0.0
22977,21518,2011/2012,38,2012-05-13,8370,7878,1,0.0
22978,21518,2011/2012,4,2011-09-18,8394,8558,2,1.0
22979,21518,2011/2012,4,2011-09-18,9906,8696,4,0.0
22980,21518,2011/2012,4,2011-09-17,7878,10205,1,0.0
22981,21518,2011/2012,4,2011-09-18,8305,8370,0,1.0
22982,21518,2011/2012,4,2011-09-17,9869,10267,0,1.0
22983,21518,2011/2012,4,2011-09-17,8661,9864,0,1.0
22984,21518,2011/2012,4,2011-09-18,8581,8633,1,0.0
22985,21518,2011/2012,4,2011-09-17,8634,8371,8,0.0
22986,21518,2011/2012,4,2011-09-18,8315,8603,2,3.0
22987,21518,2011/2012,4,2011-09-17,8302,8560,1,0.0
22988,21518,2011/2012,5,2011-09-21,9864,8315,1,0.0
22989,21518,2011/2012,5,2011-09-21,8696,8633,0,0.0
22990,21518,2011/2012,5,2011-09-20,8371,8302,0,0.0
22991,21518,2011/2012,5,2011-09-22,8603,8394,4,3.0
22992,21518,2011/2012,5,2011-09-20,8560,7878,1,0.0
22993,21518,2011/2012,5,2011-09-22,8558,8305,1,0.0
22994,21518,2011/2012,5,2011-09-21,9906,9869,4,0.0
22995,21518,2011/2012,5,2011-09-20,10205,8661,2,0.0
22996,21518,2011/2012,5,2011-09-21,8370,8581,1,2.0
22997,21518,2011/2012,5,2011-09-21,10267,8634,2,2.0
22998,21518,2011/2012,6,2011-09-24,8315,10205,1,1.0
22999,21518,2011/2012,6,2011-09-24,8633,8370,6,2.0
23000,21518,2011/2012,6,2011-09-24,8302,10267,1,0.0
23001,21518,2011/2012,6,2011-09-25,8394,9864,0,0.0
23002,21518,2011/2012,6,2011-09-25,7878,8371,1,1.0
23003,21518,2011/2012,6,2011-09-26,8305,8603,1,0.0
23004,21518,2011/2012,6,2011-09-25,9869,8696,0,0.0
23005,21518,2011/2012,6,2011-09-25,8661,8560,2,1.0
23006,21518,2011/2012,6,2011-09-25,8581,8558,3,1.0
23007,21518,2011/2012,6,2011-09-24,8634,9906,5,0.0
23008,21518,2011/2012,7,2011-10-01,10205,8394,2,2.0
23009,21518,2011/2012,7,2011-10-01,8696,8370,1,1.0
23010,21518,2011/2012,7,2011-10-01,10267,7878,1,0.0
23011,21518,2011/2012,7,2011-10-01,9864,8305,3,2.0
23012,21518,2011/2012,7,2011-10-01,8371,8661,2,2.0
23013,21518,2011/2012,7,2011-10-02,8603,8581,0,1.0
23014,21518,2011/2012,7,2011-10-02,9869,8634,0,1.0
23015,21518,2011/2012,7,2011-10-02,8560,8315,1,2.0
23016,21518,2011/2012,7,2011-10-02,8558,8633,0,4.0
23017,21518,2011/2012,7,2011-10-02,9906,8302,0,0.0
23018,21518,2011/2012,8,2011-10-15,7878,9906,0,0.0
23019,21518,2011/2012,8,2011-10-15,8305,10205,0,0.0
23020,21518,2011/2012,8,2011-10-16,8370,8558,0,1.0
23021,21518,2011/2012,8,2011-10-15,8661,10267,1,1.0
23022,21518,2011/2012,8,2011-10-15,8634,8696,3,0.0
23023,21518,2011/2012,8,2011-10-17,8315,8371,3,1.0
23024,21518,2011/2012,8,2011-10-16,8581,9864,3,0.0
23025,21518,2011/2012,8,2011-10-16,8302,9869,2,1.0
23026,21518,2011/2012,8,2011-10-16,8394,8560,2,0.0
23027,21518,2011/2012,8,2011-10-15,8633,8603,4,1.0
23028,21518,2011/2012,9,2011-10-23,8560,8305,0,0.0
23029,21518,2011/2012,9,2011-10-22,8696,8558,0,1.0
23030,21518,2011/2012,9,2011-10-23,9906,8661,1,1.0
23031,21518,2011/2012,9,2011-10-23,10205,8581,0,3.0
23032,21518,2011/2012,9,2011-10-23,10267,8315,1,1.0
23033,21518,2011/2012,9,2011-10-22,9864,8633,0,4.0
23034,21518,2011/2012,9,2011-10-22,8634,8302,0,0.0
23035,21518,2011/2012,9,2011-10-23,8371,8394,3,0.0
23036,21518,2011/2012,9,2011-10-23,8603,8370,0,2.0
23037,21518,2011/2012,9,2011-10-22,9869,7878,2,0.0
3093,1729,2011/2012,3,2011-08-28,10260,9825,8,2.0
3369,1729,2012/2013,20,2012-12-29,9825,10261,7,3.0
3566,1729,2012/2013,38,2013-05-19,8659,10260,5,5.0
9211,7809,2012/2013,27,2013-03-30,9823,9790,9,2.0
14224,13274,2011/2012,12,2011-11-06,9908,8593,6,4.0
23444,21518,2013/2014,11,2013-10-30,8633,8302,7,3.0
24016,21518,2014/2015,29,2015-04-05,8633,7878,9,1.0
24114,21518,2014/2015,38,2015-05-23,8633,8305,7,3.0
24123,21518,2014/2015,4,2014-09-20,9783,8633,2,
